z[m] p[mb] tls[K/s] qls[kg/kg/s] uls vls wls[m/s] 
 64.000  45   1004.08  day,levels,pres0
-999.0000000 1115.0000000 -0.0000423 -0.0000000 0.0000000 0  0.0005512
-999.0000000 1090.0000000 -0.0000423 -0.0000000 0.0000000 0  0.0005638
-999.0000000 1065.0000000 -0.0000423 -0.0000000 0.0000000 0  0.0005771
-999.0000000 1040.0000000 -0.0000423 -0.0000000 0.0000000 0  0.0005909
-999.0000000 1015.0000000 -0.0000423 -0.0000000 0.0000000 0  0.0006055
-999.0000000  990.0000000 -0.0000423 -0.0000000 0.0000000 0  0.0006208
-999.0000000  965.0000000 -0.0000023 -0.0000000 0.0000000 0  0.0015572
-999.0000000  940.0000000  0.0000174 -0.0000000 0.0000000 0  0.0022530
-999.0000000  915.0000000  0.0000180 -0.0000000 0.0000000 0  0.0030348
-999.0000000  890.0000000  0.0000183 -0.0000000 0.0000000 0  0.0042723
-999.0000000  865.0000000  0.0000165 -0.0000000 0.0000000 0  0.0062018
-999.0000000  840.0000000  0.0000123 -0.0000000 0.0000000 0  0.0087763
-999.0000000  815.0000000  0.0000040 -0.0000000 0.0000000 0  0.0116075
-999.0000000  790.0000000 -0.0000055 -0.0000000 0.0000000 0  0.0141957
-999.0000000  765.0000000 -0.0000133 -0.0000000 0.0000000 0  0.0162448
-999.0000000  740.0000000 -0.0000176 -0.0000000 0.0000000 0  0.0176553
-999.0000000  715.0000000 -0.0000188 -0.0000000 0.0000000 0  0.0183853
-999.0000000  690.0000000 -0.0000184 -0.0000000 0.0000000 0  0.0183781
-999.0000000  665.0000000 -0.0000165  0.0000000 0.0000000 0  0.0175497
-999.0000000  640.0000000 -0.0000157  0.0000000 0.0000000 0  0.0158157
-999.0000000  615.0000000 -0.0000174  0.0000000 0.0000000 0  0.0131479
-999.0000000  590.0000000 -0.0000234  0.0000000 0.0000000 0  0.0096973
-999.0000000  565.0000000 -0.0000334  0.0000000 0.0000000 0  0.0058262
-999.0000000  540.0000000 -0.0000380  0.0000000 0.0000000 0  0.0019498
-999.0000000  515.0000000 -0.0000349  0.0000000 0.0000000 0 -0.0016147
-999.0000000  490.0000000 -0.0000294  0.0000000 0.0000000 0 -0.0047400
-999.0000000  465.0000000 -0.0000237  0.0000000 0.0000000 0 -0.0075274
-999.0000000  440.0000000 -0.0000192  0.0000000 0.0000000 0 -0.0100950
-999.0000000  415.0000000 -0.0000167  0.0000000 0.0000000 0 -0.0124612
-999.0000000  390.0000000 -0.0000160  0.0000000 0.0000000 0 -0.0146046
-999.0000000  365.0000000 -0.0000171  0.0000000 0.0000000 0 -0.0165100
-999.0000000  340.0000000 -0.0000191  0.0000000 0.0000000 0 -0.0183174
-999.0000000  315.0000000 -0.0000206  0.0000000 0.0000000 0 -0.0202490
-999.0000000  290.0000000 -0.0000176  0.0000000 0.0000000 0 -0.0221617
-999.0000000  265.0000000 -0.0000092 -0.0000000 0.0000000 0 -0.0233262
-999.0000000  240.0000000  0.0000016 -0.0000000 0.0000000 0 -0.0230842
-999.0000000  215.0000000  0.0000123 -0.0000000 0.0000000 0 -0.0220567
-999.0000000  190.0000000  0.0000234 -0.0000000 0.0000000 0 -0.0218793
-999.0000000  165.0000000  0.0000316 -0.0000000 0.0000000 0 -0.0220451
-999.0000000  140.0000000  0.0000180  0.0000000 0.0000000 0 -0.0154598
-999.0000000  115.0000000 -0.0000167  0.0000000 0.0000000 0 -0.0049335
-999.0000000   90.0000000 -0.0000266  0.0000000 0.0000000 0  0.0000001
-999.0000000   65.0000000 -0.0000088 -0.0000000 0.0000000 0 -0.0000000
-999.0000000   40.0000000  0.0000063  0.0000000 0.0000000 0 -0.0000000
-999.0000000   15.0000000  0.0000037  0.0000000 0.0000000 0 -0.0000000
 64.125  45   1006.38  day,levels,pres0
-999.0000000 1115.0000000 -0.0000318 -0.0000000 0.0000000 0  0.0007167
-999.0000000 1090.0000000 -0.0000318 -0.0000000 0.0000000 0  0.0007331
-999.0000000 1065.0000000 -0.0000318 -0.0000000 0.0000000 0  0.0007503
-999.0000000 1040.0000000 -0.0000318 -0.0000000 0.0000000 0  0.0007684
-999.0000000 1015.0000000 -0.0000318 -0.0000000 0.0000000 0  0.0007873
-999.0000000  990.0000000 -0.0000318 -0.0000000 0.0000000 0  0.0008072
-999.0000000  965.0000000 -0.0000041 -0.0000000 0.0000000 0  0.0021813
-999.0000000  940.0000000  0.0000094 -0.0000000 0.0000000 0  0.0036580
-999.0000000  915.0000000  0.0000065 -0.0000000 0.0000000 0  0.0053132
-999.0000000  890.0000000  0.0000002  0.0000000 0.0000000 0  0.0072583
-999.0000000  865.0000000 -0.0000079  0.0000000 0.0000000 0  0.0095508
-999.0000000  840.0000000 -0.0000197  0.0000000 0.0000000 0  0.0120908
-999.0000000  815.0000000 -0.0000345  0.0000000 0.0000000 0  0.0145196
-999.0000000  790.0000000 -0.0000449  0.0000000 0.0000000 0  0.0164016
-999.0000000  765.0000000 -0.0000474 -0.0000000 0.0000000 0  0.0175131
-999.0000000  740.0000000 -0.0000415 -0.0000000 0.0000000 0  0.0179197
-999.0000000  715.0000000 -0.0000304 -0.0000000 0.0000000 0  0.0178524
-999.0000000  690.0000000 -0.0000176 -0.0000000 0.0000000 0  0.0173970
-999.0000000  665.0000000 -0.0000039 -0.0000000 0.0000000 0  0.0164356
-999.0000000  640.0000000  0.0000076  0.0000000 0.0000000 0  0.0148194
-999.0000000  615.0000000  0.0000146  0.0000000 0.0000000 0  0.0124563
-999.0000000  590.0000000  0.0000139  0.0000000 0.0000000 0  0.0094812
-999.0000000  565.0000000  0.0000046  0.0000000 0.0000000 0  0.0063066
-999.0000000  540.0000000 -0.0000037  0.0000000 0.0000000 0  0.0032720
-999.0000000  515.0000000 -0.0000079  0.0000000 0.0000000 0  0.0004229
-999.0000000  490.0000000 -0.0000079  0.0000000 0.0000000 0 -0.0022528
-999.0000000  465.0000000 -0.0000040  0.0000000 0.0000000 0 -0.0047636
-999.0000000  440.0000000 -0.0000002  0.0000000 0.0000000 0 -0.0070774
-999.0000000  415.0000000  0.0000019  0.0000000 0.0000000 0 -0.0091033
-999.0000000  390.0000000  0.0000018  0.0000000 0.0000000 0 -0.0110095
-999.0000000  365.0000000 -0.0000007  0.0000000 0.0000000 0 -0.0132927
-999.0000000  340.0000000 -0.0000051  0.0000000 0.0000000 0 -0.0164557
-999.0000000  315.0000000 -0.0000096 -0.0000000 0.0000000 0 -0.0206972
-999.0000000  290.0000000 -0.0000097 -0.0000000 0.0000000 0 -0.0255995
-999.0000000  265.0000000 -0.0000035 -0.0000000 0.0000000 0 -0.0300498
-999.0000000  240.0000000  0.0000058 -0.0000000 0.0000000 0 -0.0330055
-999.0000000  215.0000000  0.0000134 -0.0000000 0.0000000 0 -0.0342819
-999.0000000  190.0000000  0.0000164 -0.0000000 0.0000000 0 -0.0336040
-999.0000000  165.0000000  0.0000093 -0.0000000 0.0000000 0 -0.0287133
-999.0000000  140.0000000 -0.0000252 -0.0000000 0.0000000 0 -0.0166491
-999.0000000  115.0000000 -0.0000591  0.0000000 0.0000000 0 -0.0044671
-999.0000000   90.0000000 -0.0000237  0.0000000 0.0000000 0 -0.0000009
-999.0000000   65.0000000  0.0000216 -0.0000000 0.0000000 0 -0.0000000
-999.0000000   40.0000000  0.0000489  0.0000000 0.0000000 0 -0.0000000
-999.0000000   15.0000000  0.0000259  0.0000000 0.0000000 0 -0.0000000
 64.250  45   1005.26  day,levels,pres0
-999.0000000 1115.0000000 -0.0000136 -0.0000000 0.0000000 0  0.0005258
-999.0000000 1090.0000000 -0.0000136 -0.0000000 0.0000000 0  0.0005379
-999.0000000 1065.0000000 -0.0000136 -0.0000000 0.0000000 0  0.0005505
-999.0000000 1040.0000000 -0.0000136 -0.0000000 0.0000000 0  0.0005637
-999.0000000 1015.0000000 -0.0000136 -0.0000000 0.0000000 0  0.0005776
-999.0000000  990.0000000 -0.0000136 -0.0000000 0.0000000 0  0.0005922
-999.0000000  965.0000000 -0.0000141 -0.0000000 0.0000000 0  0.0019159
-999.0000000  940.0000000 -0.0000095 -0.0000000 0.0000000 0  0.0037252
-999.0000000  915.0000000 -0.0000121  0.0000000 0.0000000 0  0.0059185
-999.0000000  890.0000000 -0.0000154  0.0000000 0.0000000 0  0.0083639
-999.0000000  865.0000000 -0.0000160  0.0000000 0.0000000 0  0.0109495
-999.0000000  840.0000000 -0.0000163  0.0000000 0.0000000 0  0.0135652
-999.0000000  815.0000000 -0.0000186  0.0000000 0.0000000 0  0.0159660
-999.0000000  790.0000000 -0.0000205  0.0000000 0.0000000 0  0.0178366
-999.0000000  765.0000000 -0.0000198  0.0000000 0.0000000 0  0.0190003
-999.0000000  740.0000000 -0.0000165 -0.0000000 0.0000000 0  0.0195917
-999.0000000  715.0000000 -0.0000117 -0.0000000 0.0000000 0  0.0199895
-999.0000000  690.0000000 -0.0000075 -0.0000000 0.0000000 0  0.0203555
-999.0000000  665.0000000 -0.0000039 -0.0000000 0.0000000 0  0.0205239
-999.0000000  640.0000000  0.0000009  0.0000000 0.0000000 0  0.0202942
-999.0000000  615.0000000  0.0000064  0.0000000 0.0000000 0  0.0195501
-999.0000000  590.0000000  0.0000049  0.0000000 0.0000000 0  0.0184504
-999.0000000  565.0000000 -0.0000049  0.0000000 0.0000000 0  0.0174746
-999.0000000  540.0000000 -0.0000125  0.0000000 0.0000000 0  0.0168813
-999.0000000  515.0000000 -0.0000148  0.0000000 0.0000000 0  0.0164541
-999.0000000  490.0000000 -0.0000145  0.0000000 0.0000000 0  0.0160411
-999.0000000  465.0000000 -0.0000130  0.0000000 0.0000000 0  0.0157246
-999.0000000  440.0000000 -0.0000133  0.0000000 0.0000000 0  0.0156642
-999.0000000  415.0000000 -0.0000163  0.0000000 0.0000000 0  0.0159770
-999.0000000  390.0000000 -0.0000201  0.0000000 0.0000000 0  0.0162288
-999.0000000  365.0000000 -0.0000236  0.0000000 0.0000000 0  0.0153465
-999.0000000  340.0000000 -0.0000258  0.0000000 0.0000000 0  0.0124280
-999.0000000  315.0000000 -0.0000257  0.0000000 0.0000000 0  0.0072748
-999.0000000  290.0000000 -0.0000231  0.0000000 0.0000000 0  0.0004845
-999.0000000  265.0000000 -0.0000177  0.0000000 0.0000000 0 -0.0067041
-999.0000000  240.0000000 -0.0000099  0.0000000 0.0000000 0 -0.0132493
-999.0000000  215.0000000 -0.0000036 -0.0000000 0.0000000 0 -0.0185086
-999.0000000  190.0000000 -0.0000035 -0.0000000 0.0000000 0 -0.0206315
-999.0000000  165.0000000 -0.0000108 -0.0000000 0.0000000 0 -0.0162956
-999.0000000  140.0000000 -0.0000246 -0.0000000 0.0000000 0 -0.0077830
-999.0000000  115.0000000 -0.0000273  0.0000000 0.0000000 0 -0.0016766
-999.0000000   90.0000000  0.0000036  0.0000000 0.0000000 0 -0.0000045
-999.0000000   65.0000000  0.0000141 -0.0000000 0.0000000 0 -0.0000000
-999.0000000   40.0000000  0.0000274  0.0000000 0.0000000 0 -0.0000000
-999.0000000   15.0000000  0.0000098  0.0000000 0.0000000 0 -0.0000000
 64.375  45   1004.80  day,levels,pres0
-999.0000000 1115.0000000  0.0000045  0.0000000 0.0000000 0  0.0010460
-999.0000000 1090.0000000  0.0000045  0.0000000 0.0000000 0  0.0010700
-999.0000000 1065.0000000  0.0000045  0.0000000 0.0000000 0  0.0010951
-999.0000000 1040.0000000  0.0000045  0.0000000 0.0000000 0  0.0011214
-999.0000000 1015.0000000  0.0000045  0.0000000 0.0000000 0  0.0011491
-999.0000000  990.0000000  0.0000045  0.0000000 0.0000000 0  0.0011781
-999.0000000  965.0000000 -0.0000242  0.0000000 0.0000000 0  0.0032999
-999.0000000  940.0000000 -0.0000285  0.0000000 0.0000000 0  0.0056878
-999.0000000  915.0000000 -0.0000308  0.0000000 0.0000000 0  0.0084275
-999.0000000  890.0000000 -0.0000310  0.0000000 0.0000000 0  0.0113602
-999.0000000  865.0000000 -0.0000241  0.0000000 0.0000000 0  0.0141468
-999.0000000  840.0000000 -0.0000129  0.0000000 0.0000000 0  0.0165365
-999.0000000  815.0000000 -0.0000027  0.0000000 0.0000000 0  0.0184609
-999.0000000  790.0000000  0.0000040  0.0000000 0.0000000 0  0.0199148
-999.0000000  765.0000000  0.0000078  0.0000000 0.0000000 0  0.0208937
-999.0000000  740.0000000  0.0000086  0.0000000 0.0000000 0  0.0214657
-999.0000000  715.0000000  0.0000070 -0.0000000 0.0000000 0  0.0218103
-999.0000000  690.0000000  0.0000027 -0.0000000 0.0000000 0  0.0220130
-999.0000000  665.0000000 -0.0000039 -0.0000000 0.0000000 0  0.0220053
-999.0000000  640.0000000 -0.0000058 -0.0000000 0.0000000 0  0.0216501
-999.0000000  615.0000000 -0.0000020 -0.0000000 0.0000000 0  0.0208007
-999.0000000  590.0000000 -0.0000042 -0.0000000 0.0000000 0  0.0195601
-999.0000000  565.0000000 -0.0000146 -0.0000000 0.0000000 0  0.0183897
-999.0000000  540.0000000 -0.0000214 -0.0000000 0.0000000 0  0.0178233
-999.0000000  515.0000000 -0.0000217 -0.0000000 0.0000000 0  0.0182271
-999.0000000  490.0000000 -0.0000210 -0.0000000 0.0000000 0  0.0195267
-999.0000000  465.0000000 -0.0000218  0.0000000 0.0000000 0  0.0211338
-999.0000000  440.0000000 -0.0000262  0.0000000 0.0000000 0  0.0227713
-999.0000000  415.0000000 -0.0000344  0.0000000 0.0000000 0  0.0247252
-999.0000000  390.0000000 -0.0000420  0.0000000 0.0000000 0  0.0267839
-999.0000000  365.0000000 -0.0000466  0.0000000 0.0000000 0  0.0278966
-999.0000000  340.0000000 -0.0000465  0.0000000 0.0000000 0  0.0271216
-999.0000000  315.0000000 -0.0000420  0.0000000 0.0000000 0  0.0241783
-999.0000000  290.0000000 -0.0000368  0.0000000 0.0000000 0  0.0194667
-999.0000000  265.0000000 -0.0000319  0.0000000 0.0000000 0  0.0139140
-999.0000000  240.0000000 -0.0000257  0.0000000 0.0000000 0  0.0083075
-999.0000000  215.0000000 -0.0000206  0.0000000 0.0000000 0  0.0030513
-999.0000000  190.0000000 -0.0000234 -0.0000000 0.0000000 0 -0.0009875
-999.0000000  165.0000000 -0.0000306 -0.0000000 0.0000000 0 -0.0022544
-999.0000000  140.0000000 -0.0000240  0.0000000 0.0000000 0 -0.0014256
-999.0000000  115.0000000  0.0000045 -0.0000000 0.0000000 0 -0.0005494
-999.0000000   90.0000000  0.0000308 -0.0000000 0.0000000 0  0.0000009
-999.0000000   65.0000000  0.0000067 -0.0000000 0.0000000 0 -0.0000000
-999.0000000   40.0000000  0.0000059  0.0000000 0.0000000 0 -0.0000000
-999.0000000   15.0000000 -0.0000062 -0.0000000 0.0000000 0 -0.0000000
 64.500  45   1006.96  day,levels,pres0
-999.0000000 1115.0000000  0.0000379 -0.0000000 0.0000000 0  0.0007391
-999.0000000 1090.0000000  0.0000379 -0.0000000 0.0000000 0  0.0007561
-999.0000000 1065.0000000  0.0000379 -0.0000000 0.0000000 0  0.0007738
-999.0000000 1040.0000000  0.0000379 -0.0000000 0.0000000 0  0.0007924
-999.0000000 1015.0000000  0.0000379 -0.0000000 0.0000000 0  0.0008120
-999.0000000  990.0000000  0.0000379 -0.0000000 0.0000000 0  0.0008325
-999.0000000  965.0000000 -0.0000063  0.0000000 0.0000000 0  0.0018501
-999.0000000  940.0000000 -0.0000277  0.0000000 0.0000000 0  0.0028223
-999.0000000  915.0000000 -0.0000253  0.0000000 0.0000000 0  0.0040772
-999.0000000  890.0000000 -0.0000230  0.0000000 0.0000000 0  0.0054026
-999.0000000  865.0000000 -0.0000232  0.0000000 0.0000000 0  0.0062376
-999.0000000  840.0000000 -0.0000168  0.0000000 0.0000000 0  0.0062082
-999.0000000  815.0000000 -0.0000013  0.0000000 0.0000000 0  0.0054180
-999.0000000  790.0000000  0.0000145  0.0000000 0.0000000 0  0.0041806
-999.0000000  765.0000000  0.0000254  0.0000000 0.0000000 0  0.0027150
-999.0000000  740.0000000  0.0000306  0.0000000 0.0000000 0  0.0010802
-999.0000000  715.0000000  0.0000318  0.0000000 0.0000000 0 -0.0007137
-999.0000000  690.0000000  0.0000296  0.0000000 0.0000000 0 -0.0026729
-999.0000000  665.0000000  0.0000236 -0.0000000 0.0000000 0 -0.0048243
-999.0000000  640.0000000  0.0000182 -0.0000000 0.0000000 0 -0.0072720
-999.0000000  615.0000000  0.0000148 -0.0000000 0.0000000 0 -0.0101791
-999.0000000  590.0000000  0.0000153 -0.0000000 0.0000000 0 -0.0134634
-999.0000000  565.0000000  0.0000200 -0.0000000 0.0000000 0 -0.0166436
-999.0000000  540.0000000  0.0000226 -0.0000000 0.0000000 0 -0.0189189
-999.0000000  515.0000000  0.0000214 -0.0000000 0.0000000 0 -0.0193219
-999.0000000  490.0000000  0.0000185 -0.0000000 0.0000000 0 -0.0177890
-999.0000000  465.0000000  0.0000148 -0.0000000 0.0000000 0 -0.0155427
-999.0000000  440.0000000  0.0000112 -0.0000000 0.0000000 0 -0.0132633
-999.0000000  415.0000000  0.0000083 -0.0000000 0.0000000 0 -0.0104574
-999.0000000  390.0000000  0.0000064  0.0000000 0.0000000 0 -0.0070797
-999.0000000  365.0000000  0.0000061  0.0000000 0.0000000 0 -0.0041034
-999.0000000  340.0000000  0.0000077  0.0000000 0.0000000 0 -0.0024710
-999.0000000  315.0000000  0.0000104  0.0000000 0.0000000 0 -0.0025078
-999.0000000  290.0000000  0.0000104  0.0000000 0.0000000 0 -0.0039232
-999.0000000  265.0000000  0.0000064  0.0000000 0.0000000 0 -0.0058895
-999.0000000  240.0000000  0.0000002  0.0000000 0.0000000 0 -0.0075432
-999.0000000  215.0000000 -0.0000070  0.0000000 0.0000000 0 -0.0084235
-999.0000000  190.0000000 -0.0000148  0.0000000 0.0000000 0 -0.0084525
-999.0000000  165.0000000 -0.0000194 -0.0000000 0.0000000 0 -0.0075091
-999.0000000  140.0000000 -0.0000029 -0.0000000 0.0000000 0 -0.0042117
-999.0000000  115.0000000  0.0000254 -0.0000000 0.0000000 0 -0.0011075
-999.0000000   90.0000000  0.0000160 -0.0000000 0.0000000 0  0.0000009
-999.0000000   65.0000000 -0.0000102  0.0000000 0.0000000 0 -0.0000000
-999.0000000   40.0000000 -0.0000237 -0.0000000 0.0000000 0 -0.0000000
-999.0000000   15.0000000 -0.0000107 -0.0000000 0.0000000 0 -0.0000000
 64.625  45   1006.46  day,levels,pres0
-999.0000000 1115.0000000  0.0000714 -0.0000000 0.0000000 0 -0.0000947
-999.0000000 1090.0000000  0.0000714 -0.0000000 0.0000000 0 -0.0000969
-999.0000000 1065.0000000  0.0000714 -0.0000000 0.0000000 0 -0.0000991
-999.0000000 1040.0000000  0.0000714 -0.0000000 0.0000000 0 -0.0001015
-999.0000000 1015.0000000  0.0000714 -0.0000000 0.0000000 0 -0.0001040
-999.0000000  990.0000000  0.0000714 -0.0000000 0.0000000 0 -0.0001066
-999.0000000  965.0000000  0.0000118  0.0000000 0.0000000 0 -0.0005445
-999.0000000  940.0000000 -0.0000266  0.0000000 0.0000000 0 -0.0012457
-999.0000000  915.0000000 -0.0000196  0.0000000 0.0000000 0 -0.0019427
-999.0000000  890.0000000 -0.0000148  0.0000000 0.0000000 0 -0.0025063
-999.0000000  865.0000000 -0.0000224  0.0000000 0.0000000 0 -0.0028914
-999.0000000  840.0000000 -0.0000208  0.0000000 0.0000000 0 -0.0030920
-999.0000000  815.0000000 -0.0000001  0.0000000 0.0000000 0 -0.0029966
-999.0000000  790.0000000  0.0000249  0.0000000 0.0000000 0 -0.0024024
-999.0000000  765.0000000  0.0000428  0.0000000 0.0000000 0 -0.0013845
-999.0000000  740.0000000  0.0000526  0.0000000 0.0000000 0 -0.0002913
-999.0000000  715.0000000  0.0000566  0.0000000 0.0000000 0  0.0005690
-999.0000000  690.0000000  0.0000564  0.0000000 0.0000000 0  0.0010161
-999.0000000  665.0000000  0.0000511  0.0000000 0.0000000 0  0.0009030
-999.0000000  640.0000000  0.0000421 -0.0000000 0.0000000 0  0.0000955
-999.0000000  615.0000000  0.0000315 -0.0000000 0.0000000 0 -0.0014904
-999.0000000  590.0000000  0.0000348 -0.0000000 0.0000000 0 -0.0037078
-999.0000000  565.0000000  0.0000545 -0.0000000 0.0000000 0 -0.0060748
-999.0000000  540.0000000  0.0000666 -0.0000000 0.0000000 0 -0.0080180
-999.0000000  515.0000000  0.0000646 -0.0000000 0.0000000 0 -0.0090052
-999.0000000  490.0000000  0.0000583 -0.0000000 0.0000000 0 -0.0088732
-999.0000000  465.0000000  0.0000516 -0.0000000 0.0000000 0 -0.0079229
-999.0000000  440.0000000  0.0000487 -0.0000000 0.0000000 0 -0.0061284
-999.0000000  415.0000000  0.0000509 -0.0000000 0.0000000 0 -0.0029521
-999.0000000  390.0000000  0.0000548 -0.0000000 0.0000000 0  0.0016969
-999.0000000  365.0000000  0.0000587 -0.0000000 0.0000000 0  0.0070600
-999.0000000  340.0000000  0.0000619  0.0000000 0.0000000 0  0.0121665
-999.0000000  315.0000000  0.0000626  0.0000000 0.0000000 0  0.0162126
-999.0000000  290.0000000  0.0000575  0.0000000 0.0000000 0  0.0186305
-999.0000000  265.0000000  0.0000447  0.0000000 0.0000000 0  0.0191069
-999.0000000  240.0000000  0.0000260  0.0000000 0.0000000 0  0.0174719
-999.0000000  215.0000000  0.0000066  0.0000000 0.0000000 0  0.0139940
-999.0000000  190.0000000 -0.0000063  0.0000000 0.0000000 0  0.0096836
-999.0000000  165.0000000 -0.0000083  0.0000000 0.0000000 0  0.0053424
-999.0000000  140.0000000  0.0000182 -0.0000000 0.0000000 0  0.0016732
-999.0000000  115.0000000  0.0000463 -0.0000000 0.0000000 0 -0.0002328
-999.0000000   90.0000000  0.0000011 -0.0000000 0.0000000 0  0.0000004
-999.0000000   65.0000000 -0.0000270  0.0000000 0.0000000 0 -0.0000000
-999.0000000   40.0000000 -0.0000533 -0.0000000 0.0000000 0 -0.0000000
-999.0000000   15.0000000 -0.0000152 -0.0000000 0.0000000 0 -0.0000000
 64.750  45   1002.53  day,levels,pres0
-999.0000000 1115.0000000  0.0000433 -0.0000000 0.0000000 0  0.0005306
-999.0000000 1090.0000000  0.0000433 -0.0000000 0.0000000 0  0.0005428
-999.0000000 1065.0000000  0.0000433 -0.0000000 0.0000000 0  0.0005555
-999.0000000 1040.0000000  0.0000433 -0.0000000 0.0000000 0  0.0005689
-999.0000000 1015.0000000  0.0000433 -0.0000000 0.0000000 0  0.0005829
-999.0000000  990.0000000  0.0000433 -0.0000000 0.0000000 0  0.0005976
-999.0000000  965.0000000  0.0000274 -0.0000000 0.0000000 0  0.0016854
-999.0000000  940.0000000  0.0000110  0.0000000 0.0000000 0  0.0024275
-999.0000000  915.0000000  0.0000118  0.0000000 0.0000000 0  0.0028980
-999.0000000  890.0000000  0.0000133 -0.0000000 0.0000000 0  0.0035851
-999.0000000  865.0000000  0.0000122 -0.0000000 0.0000000 0  0.0051484
-999.0000000  840.0000000  0.0000112 -0.0000000 0.0000000 0  0.0079077
-999.0000000  815.0000000  0.0000108 -0.0000000 0.0000000 0  0.0118510
-999.0000000  790.0000000  0.0000165 -0.0000000 0.0000000 0  0.0169397
-999.0000000  765.0000000  0.0000278 -0.0000000 0.0000000 0  0.0227184
-999.0000000  740.0000000  0.0000345 -0.0000000 0.0000000 0  0.0284394
-999.0000000  715.0000000  0.0000332 -0.0000000 0.0000000 0  0.0335731
-999.0000000  690.0000000  0.0000290 -0.0000000 0.0000000 0  0.0378852
-999.0000000  665.0000000  0.0000226 -0.0000000 0.0000000 0  0.0412455
-999.0000000  640.0000000  0.0000161 -0.0000000 0.0000000 0  0.0435619
-999.0000000  615.0000000  0.0000113 -0.0000000 0.0000000 0  0.0447899
-999.0000000  590.0000000  0.0000141 -0.0000000 0.0000000 0  0.0450795
-999.0000000  565.0000000  0.0000258 -0.0000000 0.0000000 0  0.0447588
-999.0000000  540.0000000  0.0000341 -0.0000000 0.0000000 0  0.0440332
-999.0000000  515.0000000  0.0000356 -0.0000000 0.0000000 0  0.0429758
-999.0000000  490.0000000  0.0000341 -0.0000000 0.0000000 0  0.0418810
-999.0000000  465.0000000  0.0000306 -0.0000000 0.0000000 0  0.0413976
-999.0000000  440.0000000  0.0000268 -0.0000000 0.0000000 0  0.0422587
-999.0000000  415.0000000  0.0000233 -0.0000000 0.0000000 0  0.0450340
-999.0000000  390.0000000  0.0000204  0.0000000 0.0000000 0  0.0498106
-999.0000000  365.0000000  0.0000179  0.0000000 0.0000000 0  0.0559719
-999.0000000  340.0000000  0.0000156  0.0000000 0.0000000 0  0.0624823
-999.0000000  315.0000000  0.0000130  0.0000000 0.0000000 0  0.0680403
-999.0000000  290.0000000  0.0000094  0.0000000 0.0000000 0  0.0712162
-999.0000000  265.0000000  0.0000046  0.0000000 0.0000000 0  0.0705789
-999.0000000  240.0000000  0.0000003  0.0000000 0.0000000 0  0.0649574
-999.0000000  215.0000000 -0.0000011  0.0000000 0.0000000 0  0.0544900
-999.0000000  190.0000000  0.0000009  0.0000000 0.0000000 0  0.0412056
-999.0000000  165.0000000  0.0000064  0.0000000 0.0000000 0  0.0266278
-999.0000000  140.0000000  0.0000214  0.0000000 0.0000000 0  0.0108037
-999.0000000  115.0000000  0.0000273 -0.0000000 0.0000000 0  0.0008122
-999.0000000   90.0000000 -0.0000060 -0.0000000 0.0000000 0  0.0000008
-999.0000000   65.0000000 -0.0000187  0.0000000 0.0000000 0 -0.0000000
-999.0000000   40.0000000 -0.0000242 -0.0000000 0.0000000 0 -0.0000000
-999.0000000   15.0000000  0.0000026  0.0000000 0.0000000 0 -0.0000000
 64.875  45   1001.63  day,levels,pres0
-999.0000000 1115.0000000  0.0000151 -0.0000000 0.0000000 0  0.0004784
-999.0000000 1090.0000000  0.0000151 -0.0000000 0.0000000 0  0.0004894
-999.0000000 1065.0000000  0.0000151 -0.0000000 0.0000000 0  0.0005009
-999.0000000 1040.0000000  0.0000151 -0.0000000 0.0000000 0  0.0005129
-999.0000000 1015.0000000  0.0000151 -0.0000000 0.0000000 0  0.0005256
-999.0000000  990.0000000  0.0000151 -0.0000000 0.0000000 0  0.0005388
-999.0000000  965.0000000  0.0000429 -0.0000000 0.0000000 0  0.0012890
-999.0000000  940.0000000  0.0000482 -0.0000000 0.0000000 0  0.0011643
-999.0000000  915.0000000  0.0000428 -0.0000000 0.0000000 0  0.0005561
-999.0000000  890.0000000  0.0000411 -0.0000000 0.0000000 0  0.0002074
-999.0000000  865.0000000  0.0000467 -0.0000001 0.0000000 0  0.0008474
-999.0000000  840.0000000  0.0000434 -0.0000001 0.0000000 0  0.0029217
-999.0000000  815.0000000  0.0000221 -0.0000000 0.0000000 0  0.0064688
-999.0000000  790.0000000  0.0000084 -0.0000000 0.0000000 0  0.0112618
-999.0000000  765.0000000  0.0000131 -0.0000000 0.0000000 0  0.0167379
-999.0000000  740.0000000  0.0000167 -0.0000000 0.0000000 0  0.0221414
-999.0000000  715.0000000  0.0000099 -0.0000000 0.0000000 0  0.0268749
-999.0000000  690.0000000  0.0000017 -0.0000000 0.0000000 0  0.0307232
-999.0000000  665.0000000 -0.0000058 -0.0000000 0.0000000 0  0.0337343
-999.0000000  640.0000000 -0.0000098 -0.0000000 0.0000000 0  0.0359799
-999.0000000  615.0000000 -0.0000089 -0.0000000 0.0000000 0  0.0374956
-999.0000000  590.0000000 -0.0000065 -0.0000000 0.0000000 0  0.0383751
-999.0000000  565.0000000 -0.0000030 -0.0000000 0.0000000 0  0.0387439
-999.0000000  540.0000000  0.0000015 -0.0000000 0.0000000 0  0.0386591
-999.0000000  515.0000000  0.0000065  0.0000000 0.0000000 0  0.0381538
-999.0000000  490.0000000  0.0000097  0.0000000 0.0000000 0  0.0374941
-999.0000000  465.0000000  0.0000094  0.0000000 0.0000000 0  0.0372671
-999.0000000  440.0000000  0.0000047  0.0000000 0.0000000 0  0.0379984
-999.0000000  415.0000000 -0.0000043  0.0000000 0.0000000 0  0.0398935
-999.0000000  390.0000000 -0.0000141  0.0000000 0.0000000 0  0.0427695
-999.0000000  365.0000000 -0.0000230  0.0000000 0.0000000 0  0.0460214
-999.0000000  340.0000000 -0.0000307  0.0000000 0.0000000 0  0.0490233
-999.0000000  315.0000000 -0.0000366  0.0000000 0.0000000 0  0.0512944
-999.0000000  290.0000000 -0.0000387  0.0000000 0.0000000 0  0.0522762
-999.0000000  265.0000000 -0.0000356  0.0000000 0.0000000 0  0.0512615
-999.0000000  240.0000000 -0.0000255  0.0000000 0.0000000 0  0.0477143
-999.0000000  215.0000000 -0.0000089  0.0000000 0.0000000 0  0.0416792
-999.0000000  190.0000000  0.0000081  0.0000000 0.0000000 0  0.0331675
-999.0000000  165.0000000  0.0000209  0.0000000 0.0000000 0  0.0212953
-999.0000000  140.0000000  0.0000247  0.0000000 0.0000000 0  0.0079079
-999.0000000  115.0000000  0.0000083  0.0000000 0.0000000 0  0.0002747
-999.0000000   90.0000000 -0.0000132  0.0000000 0.0000000 0 -0.0000009
-999.0000000   65.0000000 -0.0000103  0.0000000 0.0000000 0 -0.0000000
-999.0000000   40.0000000  0.0000048  0.0000000 0.0000000 0 -0.0000000
-999.0000000   15.0000000  0.0000204  0.0000000 0.0000000 0 -0.0000000
 65.000  45   1004.53  day,levels,pres0
-999.0000000 1115.0000000 -0.0000188 -0.0000000 0.0000000 0  0.0002808
-999.0000000 1090.0000000 -0.0000188 -0.0000000 0.0000000 0  0.0002873
-999.0000000 1065.0000000 -0.0000188 -0.0000000 0.0000000 0  0.0002940
-999.0000000 1040.0000000 -0.0000188 -0.0000000 0.0000000 0  0.0003011
-999.0000000 1015.0000000 -0.0000188 -0.0000000 0.0000000 0  0.0003085
-999.0000000  990.0000000 -0.0000188 -0.0000000 0.0000000 0  0.0003163
-999.0000000  965.0000000  0.0000151 -0.0000000 0.0000000 0 -0.0000423
-999.0000000  940.0000000  0.0000250 -0.0000000 0.0000000 0 -0.0019274
-999.0000000  915.0000000  0.0000196 -0.0000000 0.0000000 0 -0.0046237
-999.0000000  890.0000000  0.0000134 -0.0000000 0.0000000 0 -0.0071884
-999.0000000  865.0000000  0.0000116 -0.0000000 0.0000000 0 -0.0088925
-999.0000000  840.0000000  0.0000078 -0.0000000 0.0000000 0 -0.0091478
-999.0000000  815.0000000 -0.0000011 -0.0000000 0.0000000 0 -0.0078047
-999.0000000  790.0000000 -0.0000078 -0.0000000 0.0000000 0 -0.0052420
-999.0000000  765.0000000 -0.0000099 -0.0000000 0.0000000 0 -0.0020657
-999.0000000  740.0000000 -0.0000101 -0.0000000 0.0000000 0  0.0010317
-999.0000000  715.0000000 -0.0000100 -0.0000000 0.0000000 0  0.0033777
-999.0000000  690.0000000 -0.0000103 -0.0000000 0.0000000 0  0.0047215
-999.0000000  665.0000000 -0.0000110 -0.0000000 0.0000000 0  0.0052655
-999.0000000  640.0000000 -0.0000127 -0.0000000 0.0000000 0  0.0052319
-999.0000000  615.0000000 -0.0000155 -0.0000000 0.0000000 0  0.0047640
-999.0000000  590.0000000 -0.0000197 -0.0000000 0.0000000 0  0.0039263
-999.0000000  565.0000000 -0.0000251  0.0000000 0.0000000 0  0.0026607
-999.0000000  540.0000000 -0.0000289  0.0000000 0.0000000 0  0.0009486
-999.0000000  515.0000000 -0.0000301  0.0000000 0.0000000 0 -0.0011284
-999.0000000  490.0000000 -0.0000285  0.0000000 0.0000000 0 -0.0032647
-999.0000000  465.0000000 -0.0000239  0.0000000 0.0000000 0 -0.0049042
-999.0000000  440.0000000 -0.0000193  0.0000000 0.0000000 0 -0.0057328
-999.0000000  415.0000000 -0.0000159  0.0000000 0.0000000 0 -0.0059166
-999.0000000  390.0000000 -0.0000148  0.0000000 0.0000000 0 -0.0059417
-999.0000000  365.0000000 -0.0000161  0.0000000 0.0000000 0 -0.0064268
-999.0000000  340.0000000 -0.0000174  0.0000000 0.0000000 0 -0.0075669
-999.0000000  315.0000000 -0.0000182  0.0000000 0.0000000 0 -0.0089502
-999.0000000  290.0000000 -0.0000201  0.0000000 0.0000000 0 -0.0101293
-999.0000000  265.0000000 -0.0000223  0.0000000 0.0000000 0 -0.0108179
-999.0000000  240.0000000 -0.0000206  0.0000000 0.0000000 0 -0.0104978
-999.0000000  215.0000000 -0.0000135 -0.0000000 0.0000000 0 -0.0087565
-999.0000000  190.0000000 -0.0000043 -0.0000000 0.0000000 0 -0.0071785
-999.0000000  165.0000000  0.0000053 -0.0000000 0.0000000 0 -0.0084169
-999.0000000  140.0000000  0.0000063 -0.0000000 0.0000000 0 -0.0074667
-999.0000000  115.0000000 -0.0000032  0.0000000 0.0000000 0 -0.0029006
-999.0000000   90.0000000  0.0000048  0.0000000 0.0000000 0 -0.0000006
-999.0000000   65.0000000  0.0000136 -0.0000000 0.0000000 0 -0.0000000
-999.0000000   40.0000000  0.0000231  0.0000000 0.0000000 0 -0.0000000
-999.0000000   15.0000000  0.0000132  0.0000000 0.0000000 0 -0.0000000
 65.125  45   1007.12  day,levels,pres0
-999.0000000 1115.0000000 -0.0000528 -0.0000000 0.0000000 0 -0.0000865
-999.0000000 1090.0000000 -0.0000528 -0.0000000 0.0000000 0 -0.0000885
-999.0000000 1065.0000000 -0.0000528 -0.0000000 0.0000000 0 -0.0000906
-999.0000000 1040.0000000 -0.0000528 -0.0000000 0.0000000 0 -0.0000928
-999.0000000 1015.0000000 -0.0000528 -0.0000000 0.0000000 0 -0.0000951
-999.0000000  990.0000000 -0.0000528 -0.0000000 0.0000000 0 -0.0000975
-999.0000000  965.0000000 -0.0000126 -0.0000000 0.0000000 0 -0.0010046
-999.0000000  940.0000000  0.0000018 -0.0000000 0.0000000 0 -0.0030135
-999.0000000  915.0000000 -0.0000035 -0.0000000 0.0000000 0 -0.0055145
-999.0000000  890.0000000 -0.0000142  0.0000000 0.0000000 0 -0.0077401
-999.0000000  865.0000000 -0.0000236  0.0000000 0.0000000 0 -0.0090368
-999.0000000  840.0000000 -0.0000280  0.0000000 0.0000000 0 -0.0088985
-999.0000000  815.0000000 -0.0000245  0.0000000 0.0000000 0 -0.0072634
-999.0000000  790.0000000 -0.0000240 -0.0000000 0.0000000 0 -0.0045913
-999.0000000  765.0000000 -0.0000331 -0.0000000 0.0000000 0 -0.0015599
-999.0000000  740.0000000 -0.0000371 -0.0000000 0.0000000 0  0.0011258
-999.0000000  715.0000000 -0.0000300 -0.0000000 0.0000000 0  0.0028625
-999.0000000  690.0000000 -0.0000222 -0.0000000 0.0000000 0  0.0034485
-999.0000000  665.0000000 -0.0000162 -0.0000000 0.0000000 0  0.0030939
-999.0000000  640.0000000 -0.0000156 -0.0000000 0.0000000 0  0.0021732
-999.0000000  615.0000000 -0.0000222 -0.0000000 0.0000000 0  0.0011701
-999.0000000  590.0000000 -0.0000330  0.0000000 0.0000000 0  0.0003635
-999.0000000  565.0000000 -0.0000471  0.0000000 0.0000000 0 -0.0003130
-999.0000000  540.0000000 -0.0000593  0.0000000 0.0000000 0 -0.0009676
-999.0000000  515.0000000 -0.0000668  0.0000000 0.0000000 0 -0.0016723
-999.0000000  490.0000000 -0.0000666  0.0000000 0.0000000 0 -0.0023696
-999.0000000  465.0000000 -0.0000573  0.0000000 0.0000000 0 -0.0028311
-999.0000000  440.0000000 -0.0000433  0.0000000 0.0000000 0 -0.0028573
-999.0000000  415.0000000 -0.0000273 -0.0000000 0.0000000 0 -0.0023889
-999.0000000  390.0000000 -0.0000154 -0.0000000 0.0000000 0 -0.0015706
-999.0000000  365.0000000 -0.0000091  0.0000000 0.0000000 0 -0.0007527
-999.0000000  340.0000000 -0.0000039  0.0000000 0.0000000 0 -0.0002710
-999.0000000  315.0000000  0.0000003  0.0000000 0.0000000 0 -0.0003049
-999.0000000  290.0000000 -0.0000014  0.0000000 0.0000000 0 -0.0008422
-999.0000000  265.0000000 -0.0000090  0.0000000 0.0000000 0 -0.0015710
-999.0000000  240.0000000 -0.0000157  0.0000000 0.0000000 0 -0.0017446
-999.0000000  215.0000000 -0.0000181 -0.0000000 0.0000000 0 -0.0007029
-999.0000000  190.0000000 -0.0000167 -0.0000000 0.0000000 0  0.0002924
-999.0000000  165.0000000 -0.0000103 -0.0000000 0.0000000 0 -0.0014408
-999.0000000  140.0000000 -0.0000121 -0.0000000 0.0000000 0 -0.0029811
-999.0000000  115.0000000 -0.0000148  0.0000000 0.0000000 0 -0.0017648
-999.0000000   90.0000000  0.0000227  0.0000000 0.0000000 0 -0.0000022
-999.0000000   65.0000000  0.0000375 -0.0000000 0.0000000 0 -0.0000000
-999.0000000   40.0000000  0.0000414  0.0000000 0.0000000 0 -0.0000000
-999.0000000   15.0000000  0.0000061  0.0000000 0.0000000 0 -0.0000000
 65.250  45   1006.06  day,levels,pres0
-999.0000000 1115.0000000 -0.0000353  0.0000000 0.0000000 0 -0.0003585
-999.0000000 1090.0000000 -0.0000353  0.0000000 0.0000000 0 -0.0003667
-999.0000000 1065.0000000 -0.0000353  0.0000000 0.0000000 0 -0.0003753
-999.0000000 1040.0000000 -0.0000353  0.0000000 0.0000000 0 -0.0003843
-999.0000000 1015.0000000 -0.0000353  0.0000000 0.0000000 0 -0.0003938
-999.0000000  990.0000000 -0.0000353  0.0000000 0.0000000 0 -0.0004038
-999.0000000  965.0000000 -0.0000273 -0.0000000 0.0000000 0 -0.0015650
-999.0000000  940.0000000 -0.0000174 -0.0000000 0.0000000 0 -0.0034285
-999.0000000  915.0000000 -0.0000202  0.0000000 0.0000000 0 -0.0055036
-999.0000000  890.0000000 -0.0000236  0.0000000 0.0000000 0 -0.0072196
-999.0000000  865.0000000 -0.0000265  0.0000000 0.0000000 0 -0.0080303
-999.0000000  840.0000000 -0.0000290  0.0000000 0.0000000 0 -0.0075223
-999.0000000  815.0000000 -0.0000282  0.0000000 0.0000000 0 -0.0057147
-999.0000000  790.0000000 -0.0000299  0.0000000 0.0000000 0 -0.0031385
-999.0000000  765.0000000 -0.0000362  0.0000000 0.0000000 0 -0.0005230
-999.0000000  740.0000000 -0.0000371  0.0000000 0.0000000 0  0.0014357
-999.0000000  715.0000000 -0.0000295  0.0000000 0.0000000 0  0.0022035
-999.0000000  690.0000000 -0.0000205  0.0000000 0.0000000 0  0.0016181
-999.0000000  665.0000000 -0.0000115 -0.0000000 0.0000000 0 -0.0001058
-999.0000000  640.0000000 -0.0000052 -0.0000000 0.0000000 0 -0.0024394
-999.0000000  615.0000000 -0.0000031 -0.0000000 0.0000000 0 -0.0045445
-999.0000000  590.0000000 -0.0000049 -0.0000000 0.0000000 0 -0.0059197
-999.0000000  565.0000000 -0.0000111  0.0000000 0.0000000 0 -0.0066479
-999.0000000  540.0000000 -0.0000182  0.0000000 0.0000000 0 -0.0069141
-999.0000000  515.0000000 -0.0000251  0.0000000 0.0000000 0 -0.0069175
-999.0000000  490.0000000 -0.0000291  0.0000000 0.0000000 0 -0.0068289
-999.0000000  465.0000000 -0.0000294  0.0000000 0.0000000 0 -0.0067351
-999.0000000  440.0000000 -0.0000272  0.0000000 0.0000000 0 -0.0065485
-999.0000000  415.0000000 -0.0000238  0.0000000 0.0000000 0 -0.0059848
-999.0000000  390.0000000 -0.0000227  0.0000000 0.0000000 0 -0.0048569
-999.0000000  365.0000000 -0.0000243  0.0000000 0.0000000 0 -0.0032599
-999.0000000  340.0000000 -0.0000238  0.0000000 0.0000000 0 -0.0016650
-999.0000000  315.0000000 -0.0000207  0.0000000 0.0000000 0 -0.0008201
-999.0000000  290.0000000 -0.0000198  0.0000000 0.0000000 0 -0.0011109
-999.0000000  265.0000000 -0.0000218  0.0000000 0.0000000 0 -0.0021273
-999.0000000  240.0000000 -0.0000238 -0.0000000 0.0000000 0 -0.0027777
-999.0000000  215.0000000 -0.0000259 -0.0000000 0.0000000 0 -0.0020309
-999.0000000  190.0000000 -0.0000240 -0.0000000 0.0000000 0 -0.0006974
-999.0000000  165.0000000 -0.0000131 -0.0000000 0.0000000 0 -0.0012380
-999.0000000  140.0000000 -0.0000037 -0.0000000 0.0000000 0 -0.0022244
-999.0000000  115.0000000  0.0000039 -0.0000000 0.0000000 0 -0.0015262
-999.0000000   90.0000000  0.0000277  0.0000000 0.0000000 0  0.0000016
-999.0000000   65.0000000  0.0000280 -0.0000000 0.0000000 0 -0.0000000
-999.0000000   40.0000000  0.0000174  0.0000000 0.0000000 0 -0.0000000
-999.0000000   15.0000000 -0.0000106 -0.0000000 0.0000000 0 -0.0000000
 65.375  45   1005.36  day,levels,pres0
-999.0000000 1115.0000000 -0.0000179  0.0000000 0.0000000 0 -0.0001048
-999.0000000 1090.0000000 -0.0000179  0.0000000 0.0000000 0 -0.0001072
-999.0000000 1065.0000000 -0.0000179  0.0000000 0.0000000 0 -0.0001097
-999.0000000 1040.0000000 -0.0000179  0.0000000 0.0000000 0 -0.0001124
-999.0000000 1015.0000000 -0.0000179  0.0000000 0.0000000 0 -0.0001151
-999.0000000  990.0000000 -0.0000179  0.0000000 0.0000000 0 -0.0001180
-999.0000000  965.0000000 -0.0000419  0.0000000 0.0000000 0 -0.0005810
-999.0000000  940.0000000 -0.0000365  0.0000000 0.0000000 0 -0.0015491
-999.0000000  915.0000000 -0.0000367  0.0000000 0.0000000 0 -0.0027708
-999.0000000  890.0000000 -0.0000330  0.0000000 0.0000000 0 -0.0037406
-999.0000000  865.0000000 -0.0000294  0.0000000 0.0000000 0 -0.0039915
-999.0000000  840.0000000 -0.0000300  0.0000000 0.0000000 0 -0.0032666
-999.0000000  815.0000000 -0.0000321  0.0000001 0.0000000 0 -0.0016554
-999.0000000  790.0000000 -0.0000359  0.0000001 0.0000000 0  0.0004540
-999.0000000  765.0000000 -0.0000394  0.0000001 0.0000000 0  0.0025410
-999.0000000  740.0000000 -0.0000372  0.0000000 0.0000000 0  0.0040446
-999.0000000  715.0000000 -0.0000291  0.0000000 0.0000000 0  0.0044644
-999.0000000  690.0000000 -0.0000188  0.0000000 0.0000000 0  0.0035856
-999.0000000  665.0000000 -0.0000068  0.0000000 0.0000000 0  0.0015085
-999.0000000  640.0000000  0.0000052 -0.0000000 0.0000000 0 -0.0013624
-999.0000000  615.0000000  0.0000161 -0.0000000 0.0000000 0 -0.0042955
-999.0000000  590.0000000  0.0000232 -0.0000000 0.0000000 0 -0.0068245
-999.0000000  565.0000000  0.0000250 -0.0000000 0.0000000 0 -0.0089572
-999.0000000  540.0000000  0.0000229 -0.0000000 0.0000000 0 -0.0107335
-999.0000000  515.0000000  0.0000168 -0.0000000 0.0000000 0 -0.0121366
-999.0000000  490.0000000  0.0000084  0.0000000 0.0000000 0 -0.0131105
-999.0000000  465.0000000 -0.0000016  0.0000000 0.0000000 0 -0.0135517
-999.0000000  440.0000000 -0.0000112  0.0000000 0.0000000 0 -0.0132712
-999.0000000  415.0000000 -0.0000202  0.0000000 0.0000000 0 -0.0120130
-999.0000000  390.0000000 -0.0000300  0.0000000 0.0000000 0 -0.0096748
-999.0000000  365.0000000 -0.0000395  0.0000000 0.0000000 0 -0.0064982
-999.0000000  340.0000000 -0.0000438 -0.0000000 0.0000000 0 -0.0032576
-999.0000000  315.0000000 -0.0000418 -0.0000000 0.0000000 0 -0.0011677
-999.0000000  290.0000000 -0.0000382 -0.0000000 0.0000000 0 -0.0010519
-999.0000000  265.0000000 -0.0000346 -0.0000000 0.0000000 0 -0.0027401
-999.0000000  240.0000000 -0.0000319 -0.0000000 0.0000000 0 -0.0051596
-999.0000000  215.0000000 -0.0000336 -0.0000000 0.0000000 0 -0.0068931
-999.0000000  190.0000000 -0.0000312  0.0000000 0.0000000 0 -0.0075769
-999.0000000  165.0000000 -0.0000159 -0.0000000 0.0000000 0 -0.0080518
-999.0000000  140.0000000  0.0000048 -0.0000000 0.0000000 0 -0.0063455
-999.0000000  115.0000000  0.0000225 -0.0000000 0.0000000 0 -0.0027713
-999.0000000   90.0000000  0.0000328 -0.0000000 0.0000000 0 -0.0000016
-999.0000000   65.0000000  0.0000184 -0.0000000 0.0000000 0 -0.0000000
-999.0000000   40.0000000 -0.0000065 -0.0000000 0.0000000 0 -0.0000000
-999.0000000   15.0000000 -0.0000273 -0.0000000 0.0000000 0 -0.0000000
 65.500  45   1007.18  day,levels,pres0
-999.0000000 1115.0000000  0.0000228  0.0000000 0.0000000 0 -0.0002309
-999.0000000 1090.0000000  0.0000228  0.0000000 0.0000000 0 -0.0002362
-999.0000000 1065.0000000  0.0000228  0.0000000 0.0000000 0 -0.0002417
-999.0000000 1040.0000000  0.0000228  0.0000000 0.0000000 0 -0.0002475
-999.0000000 1015.0000000  0.0000228  0.0000000 0.0000000 0 -0.0002536
-999.0000000  990.0000000  0.0000228  0.0000000 0.0000000 0 -0.0002600
-999.0000000  965.0000000 -0.0000050  0.0000000 0.0000000 0 -0.0006786
-999.0000000  940.0000000 -0.0000174  0.0000000 0.0000000 0 -0.0013933
-999.0000000  915.0000000 -0.0000200  0.0000000 0.0000000 0 -0.0023881
-999.0000000  890.0000000 -0.0000151  0.0000000 0.0000000 0 -0.0032469
-999.0000000  865.0000000 -0.0000096  0.0000000 0.0000000 0 -0.0035826
-999.0000000  840.0000000 -0.0000054  0.0000000 0.0000000 0 -0.0032583
-999.0000000  815.0000000 -0.0000021  0.0000000 0.0000000 0 -0.0023720
-999.0000000  790.0000000 -0.0000009  0.0000000 0.0000000 0 -0.0011309
-999.0000000  765.0000000 -0.0000006  0.0000000 0.0000000 0  0.0001539
-999.0000000  740.0000000  0.0000012  0.0000000 0.0000000 0  0.0010390
-999.0000000  715.0000000  0.0000043  0.0000000 0.0000000 0  0.0010453
-999.0000000  690.0000000  0.0000070  0.0000000 0.0000000 0 -0.0000897
-999.0000000  665.0000000  0.0000093  0.0000000 0.0000000 0 -0.0023599
-999.0000000  640.0000000  0.0000130  0.0000000 0.0000000 0 -0.0054893
-999.0000000  615.0000000  0.0000192 -0.0000000 0.0000000 0 -0.0089013
-999.0000000  590.0000000  0.0000276 -0.0000000 0.0000000 0 -0.0121993
-999.0000000  565.0000000  0.0000376 -0.0000000 0.0000000 0 -0.0153230
-999.0000000  540.0000000  0.0000442 -0.0000000 0.0000000 0 -0.0181777
-999.0000000  515.0000000  0.0000451 -0.0000000 0.0000000 0 -0.0205347
-999.0000000  490.0000000  0.0000419 -0.0000000 0.0000000 0 -0.0221136
-999.0000000  465.0000000  0.0000349 -0.0000000 0.0000000 0 -0.0226158
-999.0000000  440.0000000  0.0000269 -0.0000000 0.0000000 0 -0.0217465
-999.0000000  415.0000000  0.0000195 -0.0000000 0.0000000 0 -0.0192717
-999.0000000  390.0000000  0.0000145 -0.0000000 0.0000000 0 -0.0151505
-999.0000000  365.0000000  0.0000122 -0.0000000 0.0000000 0 -0.0097437
-999.0000000  340.0000000  0.0000101 -0.0000000 0.0000000 0 -0.0041384
-999.0000000  315.0000000  0.0000076 -0.0000000 0.0000000 0 -0.0000611
-999.0000000  290.0000000  0.0000052 -0.0000000 0.0000000 0  0.0012008
-999.0000000  265.0000000  0.0000028 -0.0000000 0.0000000 0 -0.0004275
-999.0000000  240.0000000 -0.0000021 -0.0000000 0.0000000 0 -0.0039261
-999.0000000  215.0000000 -0.0000092  0.0000000 0.0000000 0 -0.0075627
-999.0000000  190.0000000 -0.0000126  0.0000000 0.0000000 0 -0.0099420
-999.0000000  165.0000000 -0.0000100  0.0000000 0.0000000 0 -0.0106439
-999.0000000  140.0000000 -0.0000088  0.0000000 0.0000000 0 -0.0078227
-999.0000000  115.0000000 -0.0000050  0.0000000 0.0000000 0 -0.0032634
-999.0000000   90.0000000  0.0000078 -0.0000000 0.0000000 0  0.0000009
-999.0000000   65.0000000  0.0000062 -0.0000000 0.0000000 0 -0.0000000
-999.0000000   40.0000000 -0.0000023 -0.0000000 0.0000000 0 -0.0000000
-999.0000000   15.0000000 -0.0000174 -0.0000000 0.0000000 0 -0.0000000
 65.625  45   1006.95  day,levels,pres0
-999.0000000 1115.0000000  0.0000635  0.0000000 0.0000000 0 -0.0007884
-999.0000000 1090.0000000  0.0000635  0.0000000 0.0000000 0 -0.0008065
-999.0000000 1065.0000000  0.0000635  0.0000000 0.0000000 0 -0.0008254
-999.0000000 1040.0000000  0.0000635  0.0000000 0.0000000 0 -0.0008452
-999.0000000 1015.0000000  0.0000635  0.0000000 0.0000000 0 -0.0008660
-999.0000000  990.0000000  0.0000635  0.0000000 0.0000000 0 -0.0008879
-999.0000000  965.0000000  0.0000317  0.0000000 0.0000000 0 -0.0021266
-999.0000000  940.0000000  0.0000017  0.0000001 0.0000000 0 -0.0032250
-999.0000000  915.0000000 -0.0000035  0.0000000 0.0000000 0 -0.0041329
-999.0000000  890.0000000  0.0000027  0.0000000 0.0000000 0 -0.0046505
-999.0000000  865.0000000  0.0000102  0.0000000 0.0000000 0 -0.0046306
-999.0000000  840.0000000  0.0000191  0.0000000 0.0000000 0 -0.0041277
-999.0000000  815.0000000  0.0000279  0.0000000 0.0000000 0 -0.0032576
-999.0000000  790.0000000  0.0000341  0.0000000 0.0000000 0 -0.0021061
-999.0000000  765.0000000  0.0000383  0.0000000 0.0000000 0 -0.0008383
-999.0000000  740.0000000  0.0000396  0.0000000 0.0000000 0  0.0002479
-999.0000000  715.0000000  0.0000377  0.0000000 0.0000000 0  0.0007780
-999.0000000  690.0000000  0.0000329  0.0000000 0.0000000 0  0.0005028
-999.0000000  665.0000000  0.0000253  0.0000000 0.0000000 0 -0.0006382
-999.0000000  640.0000000  0.0000209  0.0000000 0.0000000 0 -0.0024834
-999.0000000  615.0000000  0.0000223 -0.0000000 0.0000000 0 -0.0046367
-999.0000000  590.0000000  0.0000320 -0.0000000 0.0000000 0 -0.0068349
-999.0000000  565.0000000  0.0000502 -0.0000000 0.0000000 0 -0.0090678
-999.0000000  540.0000000  0.0000654 -0.0000000 0.0000000 0 -0.0112645
-999.0000000  515.0000000  0.0000736 -0.0000000 0.0000000 0 -0.0131627
-999.0000000  490.0000000  0.0000755 -0.0000000 0.0000000 0 -0.0143791
-999.0000000  465.0000000  0.0000715 -0.0000000 0.0000000 0 -0.0144572
-999.0000000  440.0000000  0.0000652 -0.0000000 0.0000000 0 -0.0130579
-999.0000000  415.0000000  0.0000594 -0.0000000 0.0000000 0 -0.0100803
-999.0000000  390.0000000  0.0000592 -0.0000000 0.0000000 0 -0.0055986
-999.0000000  365.0000000  0.0000641 -0.0000000 0.0000000 0  0.0000721
-999.0000000  340.0000000  0.0000642 -0.0000000 0.0000000 0  0.0062141
-999.0000000  315.0000000  0.0000568 -0.0000000 0.0000000 0  0.0117344
-999.0000000  290.0000000  0.0000485 -0.0000000 0.0000000 0  0.0156475
-999.0000000  265.0000000  0.0000400  0.0000000 0.0000000 0  0.0173594
-999.0000000  240.0000000  0.0000277  0.0000000 0.0000000 0  0.0165546
-999.0000000  215.0000000  0.0000153  0.0000000 0.0000000 0  0.0134407
-999.0000000  190.0000000  0.0000060  0.0000000 0.0000000 0  0.0091529
-999.0000000  165.0000000 -0.0000043  0.0000000 0.0000000 0  0.0051603
-999.0000000  140.0000000 -0.0000224  0.0000000 0.0000000 0  0.0021501
-999.0000000  115.0000000 -0.0000325  0.0000000 0.0000000 0  0.0001806
-999.0000000   90.0000000 -0.0000172 -0.0000000 0.0000000 0  0.0000004
-999.0000000   65.0000000 -0.0000061 -0.0000000 0.0000000 0 -0.0000000
-999.0000000   40.0000000  0.0000019  0.0000000 0.0000000 0 -0.0000000
-999.0000000   15.0000000 -0.0000074 -0.0000000 0.0000000 0 -0.0000000
 65.750  45   1003.02  day,levels,pres0
-999.0000000 1115.0000000 -0.0000003  0.0000000 0.0000000 0 -0.0008881
-999.0000000 1090.0000000 -0.0000003  0.0000000 0.0000000 0 -0.0009085
-999.0000000 1065.0000000 -0.0000003  0.0000000 0.0000000 0 -0.0009298
-999.0000000 1040.0000000 -0.0000003  0.0000000 0.0000000 0 -0.0009522
-999.0000000 1015.0000000 -0.0000003  0.0000000 0.0000000 0 -0.0009756
-999.0000000  990.0000000 -0.0000003  0.0000000 0.0000000 0 -0.0010003
-999.0000000  965.0000000  0.0000091  0.0000000 0.0000000 0 -0.0027260
-999.0000000  940.0000000  0.0000110  0.0000000 0.0000000 0 -0.0038902
-999.0000000  915.0000000  0.0000142  0.0000000 0.0000000 0 -0.0043337
-999.0000000  890.0000000  0.0000196 -0.0000000 0.0000000 0 -0.0039987
-999.0000000  865.0000000  0.0000256 -0.0000000 0.0000000 0 -0.0029710
-999.0000000  840.0000000  0.0000311 -0.0000000 0.0000000 0 -0.0015820
-999.0000000  815.0000000  0.0000339 -0.0000000 0.0000000 0 -0.0000926
-999.0000000  790.0000000  0.0000327 -0.0000000 0.0000000 0  0.0014431
-999.0000000  765.0000000  0.0000283  0.0000000 0.0000000 0  0.0030028
-999.0000000  740.0000000  0.0000205  0.0000000 0.0000000 0  0.0044920
-999.0000000  715.0000000  0.0000106  0.0000000 0.0000000 0  0.0057076
-999.0000000  690.0000000  0.0000019  0.0000000 0.0000000 0  0.0064429
-999.0000000  665.0000000 -0.0000049  0.0000000 0.0000000 0  0.0065661
-999.0000000  640.0000000 -0.0000099  0.0000000 0.0000000 0  0.0061517
-999.0000000  615.0000000 -0.0000124  0.0000000 0.0000000 0  0.0054844
-999.0000000  590.0000000 -0.0000118  0.0000000 0.0000000 0  0.0046963
-999.0000000  565.0000000 -0.0000074  0.0000000 0.0000000 0  0.0036693
-999.0000000  540.0000000 -0.0000007  0.0000000 0.0000000 0  0.0023957
-999.0000000  515.0000000  0.0000074  0.0000000 0.0000000 0  0.0011758
-999.0000000  490.0000000  0.0000127  0.0000000 0.0000000 0  0.0005143
-999.0000000  465.0000000  0.0000141  0.0000000 0.0000000 0  0.0010200
-999.0000000  440.0000000  0.0000143  0.0000000 0.0000000 0  0.0030649
-999.0000000  415.0000000  0.0000147  0.0000000 0.0000000 0  0.0065853
-999.0000000  390.0000000  0.0000178  0.0000000 0.0000000 0  0.0113067
-999.0000000  365.0000000  0.0000229  0.0000000 0.0000000 0  0.0168445
-999.0000000  340.0000000  0.0000245  0.0000000 0.0000000 0  0.0228234
-999.0000000  315.0000000  0.0000215  0.0000000 0.0000000 0  0.0288866
-999.0000000  290.0000000  0.0000189  0.0000000 0.0000000 0  0.0344365
-999.0000000  265.0000000  0.0000177  0.0000000 0.0000000 0  0.0383739
-999.0000000  240.0000000  0.0000157  0.0000000 0.0000000 0  0.0390803
-999.0000000  215.0000000  0.0000140  0.0000000 0.0000000 0  0.0353272
-999.0000000  190.0000000  0.0000086  0.0000000 0.0000000 0  0.0280816
-999.0000000  165.0000000 -0.0000028  0.0000000 0.0000000 0  0.0200468
-999.0000000  140.0000000 -0.0000099  0.0000000 0.0000000 0  0.0112368
-999.0000000  115.0000000 -0.0000110  0.0000000 0.0000000 0  0.0033197
-999.0000000   90.0000000 -0.0000157 -0.0000000 0.0000000 0  0.0000030
-999.0000000   65.0000000 -0.0000155  0.0000000 0.0000000 0 -0.0000000
-999.0000000   40.0000000 -0.0000048 -0.0000000 0.0000000 0 -0.0000000
-999.0000000   15.0000000  0.0000075  0.0000000 0.0000000 0 -0.0000000
 65.875  45   1002.19  day,levels,pres0
-999.0000000 1115.0000000 -0.0000645 -0.0000000 0.0000000 0 -0.0009392
-999.0000000 1090.0000000 -0.0000645 -0.0000000 0.0000000 0 -0.0009607
-999.0000000 1065.0000000 -0.0000645 -0.0000000 0.0000000 0 -0.0009833
-999.0000000 1040.0000000 -0.0000645 -0.0000000 0.0000000 0 -0.0010069
-999.0000000 1015.0000000 -0.0000645 -0.0000000 0.0000000 0 -0.0010317
-999.0000000  990.0000000 -0.0000645 -0.0000000 0.0000000 0 -0.0010578
-999.0000000  965.0000000 -0.0000141 -0.0000000 0.0000000 0 -0.0031251
-999.0000000  940.0000000  0.0000201 -0.0000000 0.0000000 0 -0.0046524
-999.0000000  915.0000000  0.0000318 -0.0000000 0.0000000 0 -0.0052445
-999.0000000  890.0000000  0.0000367 -0.0000000 0.0000000 0 -0.0047740
-999.0000000  865.0000000  0.0000412 -0.0000001 0.0000000 0 -0.0032974
-999.0000000  840.0000000  0.0000432 -0.0000001 0.0000000 0 -0.0011200
-999.0000000  815.0000000  0.0000399 -0.0000000 0.0000000 0  0.0013696
-999.0000000  790.0000000  0.0000315 -0.0000000 0.0000000 0  0.0039071
-999.0000000  765.0000000  0.0000184 -0.0000000 0.0000000 0  0.0063255
-999.0000000  740.0000000  0.0000016 -0.0000000 0.0000000 0  0.0084612
-999.0000000  715.0000000 -0.0000163  0.0000000 0.0000000 0  0.0101188
-999.0000000  690.0000000 -0.0000290  0.0000000 0.0000000 0  0.0111196
-999.0000000  665.0000000 -0.0000350  0.0000000 0.0000000 0  0.0113368
-999.0000000  640.0000000 -0.0000405  0.0000000 0.0000000 0  0.0108148
-999.0000000  615.0000000 -0.0000471  0.0000000 0.0000000 0  0.0098162
-999.0000000  590.0000000 -0.0000556  0.0000000 0.0000000 0  0.0086409
-999.0000000  565.0000000 -0.0000650  0.0000000 0.0000000 0  0.0075502
-999.0000000  540.0000000 -0.0000668  0.0000000 0.0000000 0  0.0067258
-999.0000000  515.0000000 -0.0000588  0.0000000 0.0000000 0  0.0062596
-999.0000000  490.0000000 -0.0000501  0.0000000 0.0000000 0  0.0062335
-999.0000000  465.0000000 -0.0000432  0.0000000 0.0000000 0  0.0067277
-999.0000000  440.0000000 -0.0000367  0.0000000 0.0000000 0  0.0077900
-999.0000000  415.0000000 -0.0000301  0.0000000 0.0000000 0  0.0094019
-999.0000000  390.0000000 -0.0000238  0.0000000 0.0000000 0  0.0114965
-999.0000000  365.0000000 -0.0000185  0.0000000 0.0000000 0  0.0139773
-999.0000000  340.0000000 -0.0000153  0.0000000 0.0000000 0  0.0167876
-999.0000000  315.0000000 -0.0000139  0.0000000 0.0000000 0  0.0198880
-999.0000000  290.0000000 -0.0000107  0.0000000 0.0000000 0  0.0230229
-999.0000000  265.0000000 -0.0000046  0.0000000 0.0000000 0  0.0255292
-999.0000000  240.0000000  0.0000039  0.0000000 0.0000000 0  0.0263320
-999.0000000  215.0000000  0.0000127  0.0000000 0.0000000 0  0.0242880
-999.0000000  190.0000000  0.0000110  0.0000000 0.0000000 0  0.0192308
-999.0000000  165.0000000 -0.0000014  0.0000000 0.0000000 0  0.0125091
-999.0000000  140.0000000  0.0000024  0.0000000 0.0000000 0  0.0062496
-999.0000000  115.0000000  0.0000104  0.0000000 0.0000000 0  0.0019858
-999.0000000   90.0000000 -0.0000143 -0.0000000 0.0000000 0  0.0000006
-999.0000000   65.0000000 -0.0000249  0.0000000 0.0000000 0 -0.0000000
-999.0000000   40.0000000 -0.0000116 -0.0000000 0.0000000 0 -0.0000000
-999.0000000   15.0000000  0.0000224  0.0000000 0.0000000 0 -0.0000000
 66.000  45   1005.15  day,levels,pres0
-999.0000000 1115.0000000 -0.0000459 -0.0000000 0.0000000 0 -0.0014509
-999.0000000 1090.0000000 -0.0000459 -0.0000000 0.0000000 0 -0.0014842
-999.0000000 1065.0000000 -0.0000459 -0.0000000 0.0000000 0 -0.0015190
-999.0000000 1040.0000000 -0.0000459 -0.0000000 0.0000000 0 -0.0015555
-999.0000000 1015.0000000 -0.0000459 -0.0000000 0.0000000 0 -0.0015938
-999.0000000  990.0000000 -0.0000459 -0.0000000 0.0000000 0 -0.0016341
-999.0000000  965.0000000 -0.0000100 -0.0000000 0.0000000 0 -0.0043353
-999.0000000  940.0000000  0.0000109 -0.0000000 0.0000000 0 -0.0064832
-999.0000000  915.0000000  0.0000127 -0.0000000 0.0000000 0 -0.0074954
-999.0000000  890.0000000  0.0000096 -0.0000000 0.0000000 0 -0.0072958
-999.0000000  865.0000000  0.0000053 -0.0000000 0.0000000 0 -0.0059421
-999.0000000  840.0000000  0.0000007 -0.0000000 0.0000000 0 -0.0036779
-999.0000000  815.0000000 -0.0000030 -0.0000000 0.0000000 0 -0.0009292
-999.0000000  790.0000000 -0.0000057 -0.0000000 0.0000000 0  0.0019214
-999.0000000  765.0000000 -0.0000093 -0.0000000 0.0000000 0  0.0046124
-999.0000000  740.0000000 -0.0000149 -0.0000000 0.0000000 0  0.0069057
-999.0000000  715.0000000 -0.0000215  0.0000000 0.0000000 0  0.0085633
-999.0000000  690.0000000 -0.0000256  0.0000000 0.0000000 0  0.0094001
-999.0000000  665.0000000 -0.0000263  0.0000000 0.0000000 0  0.0092681
-999.0000000  640.0000000 -0.0000255  0.0000000 0.0000000 0  0.0081380
-999.0000000  615.0000000 -0.0000238  0.0000000 0.0000000 0  0.0061956
-999.0000000  590.0000000 -0.0000242  0.0000000 0.0000000 0  0.0038698
-999.0000000  565.0000000 -0.0000270  0.0000000 0.0000000 0  0.0018243
-999.0000000  540.0000000 -0.0000273  0.0000000 0.0000000 0  0.0005209
-999.0000000  515.0000000 -0.0000239  0.0000000 0.0000000 0 -0.0000272
-999.0000000  490.0000000 -0.0000194  0.0000000 0.0000000 0 -0.0000870
-999.0000000  465.0000000 -0.0000150  0.0000000 0.0000000 0 -0.0001374
-999.0000000  440.0000000 -0.0000112  0.0000000 0.0000000 0 -0.0005163
-999.0000000  415.0000000 -0.0000085  0.0000000 0.0000000 0 -0.0012343
-999.0000000  390.0000000 -0.0000074  0.0000000 0.0000000 0 -0.0021763
-999.0000000  365.0000000 -0.0000076  0.0000000 0.0000000 0 -0.0031718
-999.0000000  340.0000000 -0.0000082  0.0000000 0.0000000 0 -0.0039628
-999.0000000  315.0000000 -0.0000089  0.0000000 0.0000000 0 -0.0042464
-999.0000000  290.0000000 -0.0000100  0.0000000 0.0000000 0 -0.0038753
-999.0000000  265.0000000 -0.0000114  0.0000000 0.0000000 0 -0.0029331
-999.0000000  240.0000000 -0.0000125  0.0000000 0.0000000 0 -0.0017190
-999.0000000  215.0000000 -0.0000135  0.0000000 0.0000000 0 -0.0010478
-999.0000000  190.0000000 -0.0000159  0.0000000 0.0000000 0 -0.0021343
-999.0000000  165.0000000 -0.0000136 -0.0000000 0.0000000 0 -0.0049123
-999.0000000  140.0000000  0.0000012 -0.0000000 0.0000000 0 -0.0042171
-999.0000000  115.0000000  0.0000113 -0.0000000 0.0000000 0 -0.0006814
-999.0000000   90.0000000 -0.0000006 -0.0000000 0.0000000 0 -0.0000013
-999.0000000   65.0000000 -0.0000068  0.0000000 0.0000000 0 -0.0000000
-999.0000000   40.0000000  0.0000008  0.0000000 0.0000000 0 -0.0000000
-999.0000000   15.0000000  0.0000167  0.0000000 0.0000000 0 -0.0000000
 66.125  45   1006.84  day,levels,pres0
-999.0000000 1115.0000000 -0.0000268 -0.0000000 0.0000000 0 -0.0017927
-999.0000000 1090.0000000 -0.0000268 -0.0000000 0.0000000 0 -0.0018338
-999.0000000 1065.0000000 -0.0000268 -0.0000000 0.0000000 0 -0.0018768
-999.0000000 1040.0000000 -0.0000268 -0.0000000 0.0000000 0 -0.0019220
-999.0000000 1015.0000000 -0.0000268 -0.0000000 0.0000000 0 -0.0019693
-999.0000000  990.0000000 -0.0000268 -0.0000000 0.0000000 0 -0.0020190
-999.0000000  965.0000000 -0.0000057 -0.0000000 0.0000000 0 -0.0051777
-999.0000000  940.0000000  0.0000021 -0.0000000 0.0000000 0 -0.0079084
-999.0000000  915.0000000 -0.0000063 -0.0000000 0.0000000 0 -0.0094652
-999.0000000  890.0000000 -0.0000174 -0.0000000 0.0000000 0 -0.0095985
-999.0000000  865.0000000 -0.0000306 -0.0000000 0.0000000 0 -0.0082786
-999.0000000  840.0000000 -0.0000418 -0.0000000 0.0000000 0 -0.0057886
-999.0000000  815.0000000 -0.0000459 -0.0000000 0.0000000 0 -0.0026347
-999.0000000  790.0000000 -0.0000430 -0.0000000 0.0000000 0  0.0006642
-999.0000000  765.0000000 -0.0000372 -0.0000000 0.0000000 0  0.0036361
-999.0000000  740.0000000 -0.0000315 -0.0000000 0.0000000 0  0.0058765
-999.0000000  715.0000000 -0.0000267  0.0000000 0.0000000 0  0.0071110
-999.0000000  690.0000000 -0.0000223  0.0000000 0.0000000 0  0.0072637
-999.0000000  665.0000000 -0.0000177  0.0000000 0.0000000 0  0.0064294
-999.0000000  640.0000000 -0.0000106  0.0000000 0.0000000 0  0.0047560
-999.0000000  615.0000000 -0.0000007  0.0000000 0.0000000 0  0.0024479
-999.0000000  590.0000000  0.0000071  0.0000000 0.0000000 0 -0.0001387
-999.0000000  565.0000000  0.0000110  0.0000000 0.0000000 0 -0.0024984
-999.0000000  540.0000000  0.0000120  0.0000000 0.0000000 0 -0.0043116
-999.0000000  515.0000000  0.0000108 -0.0000000 0.0000000 0 -0.0055941
-999.0000000  490.0000000  0.0000110 -0.0000000 0.0000000 0 -0.0063987
-999.0000000  465.0000000  0.0000133 -0.0000000 0.0000000 0 -0.0067318
-999.0000000  440.0000000  0.0000144 -0.0000000 0.0000000 0 -0.0066196
-999.0000000  415.0000000  0.0000131 -0.0000000 0.0000000 0 -0.0061296
-999.0000000  390.0000000  0.0000092 -0.0000000 0.0000000 0 -0.0053989
-999.0000000  365.0000000  0.0000034 -0.0000000 0.0000000 0 -0.0046021
-999.0000000  340.0000000 -0.0000009 -0.0000000 0.0000000 0 -0.0037702
-999.0000000  315.0000000 -0.0000038 -0.0000000 0.0000000 0 -0.0027614
-999.0000000  290.0000000 -0.0000092 -0.0000000 0.0000000 0 -0.0015852
-999.0000000  265.0000000 -0.0000182 -0.0000000 0.0000000 0 -0.0005614
-999.0000000  240.0000000 -0.0000290 -0.0000000 0.0000000 0 -0.0002509
-999.0000000  215.0000000 -0.0000399 -0.0000000 0.0000000 0 -0.0015548
-999.0000000  190.0000000 -0.0000429 -0.0000000 0.0000000 0 -0.0049542
-999.0000000  165.0000000 -0.0000257 -0.0000000 0.0000000 0 -0.0082093
-999.0000000  140.0000000  0.0000000 -0.0000000 0.0000000 0 -0.0069578
-999.0000000  115.0000000  0.0000121 -0.0000000 0.0000000 0 -0.0026468
-999.0000000   90.0000000  0.0000131  0.0000000 0.0000000 0  0.0000010
-999.0000000   65.0000000  0.0000114 -0.0000000 0.0000000 0 -0.0000000
-999.0000000   40.0000000  0.0000131  0.0000000 0.0000000 0 -0.0000000
-999.0000000   15.0000000  0.0000111  0.0000000 0.0000000 0 -0.0000000
 66.250  45   1005.42  day,levels,pres0
-999.0000000 1115.0000000 -0.0000156 -0.0000000 0.0000000 0 -0.0013511
-999.0000000 1090.0000000 -0.0000156 -0.0000000 0.0000000 0 -0.0013821
-999.0000000 1065.0000000 -0.0000156 -0.0000000 0.0000000 0 -0.0014146
-999.0000000 1040.0000000 -0.0000156 -0.0000000 0.0000000 0 -0.0014486
-999.0000000 1015.0000000 -0.0000156 -0.0000000 0.0000000 0 -0.0014843
-999.0000000  990.0000000 -0.0000156 -0.0000000 0.0000000 0 -0.0015217
-999.0000000  965.0000000 -0.0000107 -0.0000000 0.0000000 0 -0.0042085
-999.0000000  940.0000000 -0.0000045 -0.0000000 0.0000000 0 -0.0065687
-999.0000000  915.0000000 -0.0000071 -0.0000000 0.0000000 0 -0.0077719
-999.0000000  890.0000000 -0.0000133 -0.0000000 0.0000000 0 -0.0074656
-999.0000000  865.0000000 -0.0000214 -0.0000000 0.0000000 0 -0.0055500
-999.0000000  840.0000000 -0.0000298  0.0000000 0.0000000 0 -0.0023318
-999.0000000  815.0000000 -0.0000361  0.0000000 0.0000000 0  0.0016287
-999.0000000  790.0000000 -0.0000386  0.0000000 0.0000000 0  0.0057154
-999.0000000  765.0000000 -0.0000369  0.0000000 0.0000000 0  0.0092735
-999.0000000  740.0000000 -0.0000325  0.0000000 0.0000000 0  0.0117254
-999.0000000  715.0000000 -0.0000271  0.0000000 0.0000000 0  0.0127303
-999.0000000  690.0000000 -0.0000224  0.0000000 0.0000000 0  0.0122915
-999.0000000  665.0000000 -0.0000185  0.0000000 0.0000000 0  0.0107095
-999.0000000  640.0000000 -0.0000136  0.0000000 0.0000000 0  0.0082771
-999.0000000  615.0000000 -0.0000076  0.0000000 0.0000000 0  0.0052018
-999.0000000  590.0000000 -0.0000041  0.0000000 0.0000000 0  0.0017893
-999.0000000  565.0000000 -0.0000038  0.0000000 0.0000000 0 -0.0015509
-999.0000000  540.0000000 -0.0000031  0.0000000 0.0000000 0 -0.0045762
-999.0000000  515.0000000 -0.0000013 -0.0000000 0.0000000 0 -0.0072931
-999.0000000  490.0000000 -0.0000002 -0.0000000 0.0000000 0 -0.0095347
-999.0000000  465.0000000 -0.0000003 -0.0000000 0.0000000 0 -0.0108611
-999.0000000  440.0000000 -0.0000016 -0.0000000 0.0000000 0 -0.0110144
-999.0000000  415.0000000 -0.0000039 -0.0000000 0.0000000 0 -0.0101267
-999.0000000  390.0000000 -0.0000065 -0.0000000 0.0000000 0 -0.0085874
-999.0000000  365.0000000 -0.0000089 -0.0000000 0.0000000 0 -0.0069111
-999.0000000  340.0000000 -0.0000106 -0.0000000 0.0000000 0 -0.0053991
-999.0000000  315.0000000 -0.0000118 -0.0000000 0.0000000 0 -0.0040421
-999.0000000  290.0000000 -0.0000143 -0.0000000 0.0000000 0 -0.0029954
-999.0000000  265.0000000 -0.0000182 -0.0000000 0.0000000 0 -0.0028009
-999.0000000  240.0000000 -0.0000217 -0.0000000 0.0000000 0 -0.0042197
-999.0000000  215.0000000 -0.0000226 -0.0000000 0.0000000 0 -0.0081530
-999.0000000  190.0000000 -0.0000176 -0.0000000 0.0000000 0 -0.0142184
-999.0000000  165.0000000 -0.0000067 -0.0000000 0.0000000 0 -0.0176009
-999.0000000  140.0000000  0.0000001 -0.0000000 0.0000000 0 -0.0136376
-999.0000000  115.0000000  0.0000014  0.0000000 0.0000000 0 -0.0057810
-999.0000000   90.0000000  0.0000101  0.0000000 0.0000000 0 -0.0000000
-999.0000000   65.0000000  0.0000218 -0.0000000 0.0000000 0 -0.0000000
-999.0000000   40.0000000  0.0000190  0.0000000 0.0000000 0 -0.0000000
-999.0000000   15.0000000  0.0000114  0.0000000 0.0000000 0 -0.0000000
 66.375  45   1005.06  day,levels,pres0
-999.0000000 1115.0000000 -0.0000042 -0.0000000 0.0000000 0 -0.0008437
-999.0000000 1090.0000000 -0.0000042 -0.0000000 0.0000000 0 -0.0008630
-999.0000000 1065.0000000 -0.0000042 -0.0000000 0.0000000 0 -0.0008833
-999.0000000 1040.0000000 -0.0000042 -0.0000000 0.0000000 0 -0.0009045
-999.0000000 1015.0000000 -0.0000042 -0.0000000 0.0000000 0 -0.0009268
-999.0000000  990.0000000 -0.0000042 -0.0000000 0.0000000 0 -0.0009502
-999.0000000  965.0000000 -0.0000157 -0.0000000 0.0000000 0 -0.0028939
-999.0000000  940.0000000 -0.0000111 -0.0000000 0.0000000 0 -0.0048174
-999.0000000  915.0000000 -0.0000078 -0.0000000 0.0000000 0 -0.0057920
-999.0000000  890.0000000 -0.0000091  0.0000000 0.0000000 0 -0.0053782
-999.0000000  865.0000000 -0.0000121  0.0000000 0.0000000 0 -0.0035992
-999.0000000  840.0000000 -0.0000178  0.0000000 0.0000000 0 -0.0008599
-999.0000000  815.0000000 -0.0000262  0.0000000 0.0000000 0  0.0023425
-999.0000000  790.0000000 -0.0000343  0.0000000 0.0000000 0  0.0055475
-999.0000000  765.0000000 -0.0000367  0.0000000 0.0000000 0  0.0082787
-999.0000000  740.0000000 -0.0000335  0.0000000 0.0000000 0  0.0100724
-999.0000000  715.0000000 -0.0000275  0.0000000 0.0000000 0  0.0106166
-999.0000000  690.0000000 -0.0000225 -0.0000000 0.0000000 0  0.0099320
-999.0000000  665.0000000 -0.0000194 -0.0000000 0.0000000 0  0.0083591
-999.0000000  640.0000000 -0.0000167  0.0000000 0.0000000 0  0.0062028
-999.0000000  615.0000000 -0.0000146  0.0000000 0.0000000 0  0.0036320
-999.0000000  590.0000000 -0.0000153  0.0000000 0.0000000 0  0.0008470
-999.0000000  565.0000000 -0.0000186  0.0000000 0.0000000 0 -0.0018943
-999.0000000  540.0000000 -0.0000184  0.0000000 0.0000000 0 -0.0043303
-999.0000000  515.0000000 -0.0000135 -0.0000000 0.0000000 0 -0.0062414
-999.0000000  490.0000000 -0.0000114 -0.0000000 0.0000000 0 -0.0074644
-999.0000000  465.0000000 -0.0000139 -0.0000000 0.0000000 0 -0.0079460
-999.0000000  440.0000000 -0.0000176  0.0000000 0.0000000 0 -0.0077927
-999.0000000  415.0000000 -0.0000209  0.0000000 0.0000000 0 -0.0072595
-999.0000000  390.0000000 -0.0000222 -0.0000000 0.0000000 0 -0.0066034
-999.0000000  365.0000000 -0.0000213 -0.0000000 0.0000000 0 -0.0060087
-999.0000000  340.0000000 -0.0000203 -0.0000000 0.0000000 0 -0.0056318
-999.0000000  315.0000000 -0.0000198 -0.0000000 0.0000000 0 -0.0056497
-999.0000000  290.0000000 -0.0000194 -0.0000000 0.0000000 0 -0.0063673
-999.0000000  265.0000000 -0.0000182 -0.0000000 0.0000000 0 -0.0081736
-999.0000000  240.0000000 -0.0000145 -0.0000000 0.0000000 0 -0.0112982
-999.0000000  215.0000000 -0.0000053 -0.0000000 0.0000000 0 -0.0157262
-999.0000000  190.0000000  0.0000078 -0.0000000 0.0000000 0 -0.0202122
-999.0000000  165.0000000  0.0000124 -0.0000000 0.0000000 0 -0.0201990
-999.0000000  140.0000000  0.0000002  0.0000000 0.0000000 0 -0.0135779
-999.0000000  115.0000000 -0.0000094  0.0000000 0.0000000 0 -0.0053929
-999.0000000   90.0000000  0.0000071  0.0000000 0.0000000 0 -0.0000027
-999.0000000   65.0000000  0.0000322 -0.0000000 0.0000000 0 -0.0000000
-999.0000000   40.0000000  0.0000248  0.0000000 0.0000000 0 -0.0000000
-999.0000000   15.0000000  0.0000116  0.0000000 0.0000000 0 -0.0000000
 66.500  45   1006.81  day,levels,pres0
-999.0000000 1115.0000000  0.0000775  0.0000000 0.0000000 0 -0.0001925
-999.0000000 1090.0000000  0.0000775  0.0000000 0.0000000 0 -0.0001969
-999.0000000 1065.0000000  0.0000775  0.0000000 0.0000000 0 -0.0002016
-999.0000000 1040.0000000  0.0000775  0.0000000 0.0000000 0 -0.0002064
-999.0000000 1015.0000000  0.0000775  0.0000000 0.0000000 0 -0.0002115
-999.0000000  990.0000000  0.0000775  0.0000000 0.0000000 0 -0.0002168
-999.0000000  965.0000000  0.0000421  0.0000000 0.0000000 0 -0.0010927
-999.0000000  940.0000000  0.0000206  0.0000000 0.0000000 0 -0.0023369
-999.0000000  915.0000000  0.0000195  0.0000000 0.0000000 0 -0.0029534
-999.0000000  890.0000000  0.0000243  0.0000000 0.0000000 0 -0.0024096
-999.0000000  865.0000000  0.0000246  0.0000000 0.0000000 0 -0.0008428
-999.0000000  840.0000000  0.0000192  0.0000000 0.0000000 0  0.0012443
-999.0000000  815.0000000  0.0000121  0.0000000 0.0000000 0  0.0034115
-999.0000000  790.0000000  0.0000068  0.0000000 0.0000000 0  0.0053680
-999.0000000  765.0000000  0.0000074  0.0000000 0.0000000 0  0.0068452
-999.0000000  740.0000000  0.0000132  0.0000000 0.0000000 0  0.0075188
-999.0000000  715.0000000  0.0000206  0.0000000 0.0000000 0  0.0071230
-999.0000000  690.0000000  0.0000249 -0.0000000 0.0000000 0  0.0056960
-999.0000000  665.0000000  0.0000248 -0.0000000 0.0000000 0  0.0036028
-999.0000000  640.0000000  0.0000221 -0.0000000 0.0000000 0  0.0011281
-999.0000000  615.0000000  0.0000171 -0.0000000 0.0000000 0 -0.0016424
-999.0000000  590.0000000  0.0000140 -0.0000000 0.0000000 0 -0.0046214
-999.0000000  565.0000000  0.0000135 -0.0000000 0.0000000 0 -0.0076640
-999.0000000  540.0000000  0.0000113 -0.0000000 0.0000000 0 -0.0104505
-999.0000000  515.0000000  0.0000063 -0.0000000 0.0000000 0 -0.0125238
-999.0000000  490.0000000  0.0000008 -0.0000000 0.0000000 0 -0.0137045
-999.0000000  465.0000000 -0.0000038  0.0000000 0.0000000 0 -0.0142999
-999.0000000  440.0000000 -0.0000055  0.0000000 0.0000000 0 -0.0147839
-999.0000000  415.0000000 -0.0000033 -0.0000000 0.0000000 0 -0.0155394
-999.0000000  390.0000000  0.0000021 -0.0000000 0.0000000 0 -0.0166901
-999.0000000  365.0000000  0.0000095 -0.0000000 0.0000000 0 -0.0180813
-999.0000000  340.0000000  0.0000158 -0.0000000 0.0000000 0 -0.0196888
-999.0000000  315.0000000  0.0000197 -0.0000000 0.0000000 0 -0.0218192
-999.0000000  290.0000000  0.0000219 -0.0000000 0.0000000 0 -0.0249006
-999.0000000  265.0000000  0.0000229 -0.0000000 0.0000000 0 -0.0291506
-999.0000000  240.0000000  0.0000225 -0.0000000 0.0000000 0 -0.0341804
-999.0000000  215.0000000  0.0000206 -0.0000000 0.0000000 0 -0.0388986
-999.0000000  190.0000000  0.0000147 -0.0000000 0.0000000 0 -0.0408903
-999.0000000  165.0000000  0.0000010  0.0000000 0.0000000 0 -0.0350848
-999.0000000  140.0000000 -0.0000118  0.0000000 0.0000000 0 -0.0205025
-999.0000000  115.0000000 -0.0000112  0.0000000 0.0000000 0 -0.0067436
-999.0000000   90.0000000 -0.0000046 -0.0000000 0.0000000 0 -0.0000018
-999.0000000   65.0000000  0.0000056  0.0000000 0.0000000 0 -0.0000000
-999.0000000   40.0000000 -0.0000060 -0.0000000 0.0000000 0 -0.0000000
-999.0000000   15.0000000 -0.0000083 -0.0000000 0.0000000 0 -0.0000000
 66.625  45   1005.55  day,levels,pres0
-999.0000000 1115.0000000  0.0001590  0.0000000 0.0000000 0 -0.0001624
-999.0000000 1090.0000000  0.0001590  0.0000000 0.0000000 0 -0.0001661
-999.0000000 1065.0000000  0.0001590  0.0000000 0.0000000 0 -0.0001700
-999.0000000 1040.0000000  0.0001590  0.0000000 0.0000000 0 -0.0001741
-999.0000000 1015.0000000  0.0001590  0.0000000 0.0000000 0 -0.0001784
-999.0000000  990.0000000  0.0001590  0.0000000 0.0000000 0 -0.0001829
-999.0000000  965.0000000  0.0000994  0.0000001 0.0000000 0 -0.0005505
-999.0000000  940.0000000  0.0000518  0.0000001 0.0000000 0 -0.0007866
-999.0000000  915.0000000  0.0000463  0.0000001 0.0000000 0 -0.0004612
-999.0000000  890.0000000  0.0000573  0.0000001 0.0000000 0  0.0005431
-999.0000000  865.0000000  0.0000611  0.0000001 0.0000000 0  0.0018657
-999.0000000  840.0000000  0.0000562  0.0000000 0.0000000 0  0.0029991
-999.0000000  815.0000000  0.0000505  0.0000000 0.0000000 0  0.0037542
-999.0000000  790.0000000  0.0000478  0.0000000 0.0000000 0  0.0042304
-999.0000000  765.0000000  0.0000516  0.0000000 0.0000000 0  0.0045262
-999.0000000  740.0000000  0.0000599  0.0000000 0.0000000 0  0.0046085
-999.0000000  715.0000000  0.0000686  0.0000000 0.0000000 0  0.0043799
-999.0000000  690.0000000  0.0000722 -0.0000000 0.0000000 0  0.0038725
-999.0000000  665.0000000  0.0000688 -0.0000000 0.0000000 0  0.0032921
-999.0000000  640.0000000  0.0000606 -0.0000000 0.0000000 0  0.0027293
-999.0000000  615.0000000  0.0000486 -0.0000000 0.0000000 0  0.0020618
-999.0000000  590.0000000  0.0000432 -0.0000000 0.0000000 0  0.0011547
-999.0000000  565.0000000  0.0000457 -0.0000000 0.0000000 0 -0.0000689
-999.0000000  540.0000000  0.0000411 -0.0000000 0.0000000 0 -0.0014969
-999.0000000  515.0000000  0.0000263 -0.0000000 0.0000000 0 -0.0028031
-999.0000000  490.0000000  0.0000132 -0.0000000 0.0000000 0 -0.0038179
-999.0000000  465.0000000  0.0000065  0.0000000 0.0000000 0 -0.0046796
-999.0000000  440.0000000  0.0000068 -0.0000000 0.0000000 0 -0.0056011
-999.0000000  415.0000000  0.0000146 -0.0000000 0.0000000 0 -0.0067457
-999.0000000  390.0000000  0.0000267 -0.0000000 0.0000000 0 -0.0081559
-999.0000000  365.0000000  0.0000405 -0.0000000 0.0000000 0 -0.0097506
-999.0000000  340.0000000  0.0000521 -0.0000000 0.0000000 0 -0.0115261
-999.0000000  315.0000000  0.0000596 -0.0000000 0.0000000 0 -0.0136329
-999.0000000  290.0000000  0.0000636 -0.0000000 0.0000000 0 -0.0162150
-999.0000000  265.0000000  0.0000643 -0.0000000 0.0000000 0 -0.0192302
-999.0000000  240.0000000  0.0000599 -0.0000000 0.0000000 0 -0.0223506
-999.0000000  215.0000000  0.0000466 -0.0000000 0.0000000 0 -0.0249752
-999.0000000  190.0000000  0.0000217  0.0000000 0.0000000 0 -0.0256483
-999.0000000  165.0000000 -0.0000104  0.0000000 0.0000000 0 -0.0213132
-999.0000000  140.0000000 -0.0000240  0.0000000 0.0000000 0 -0.0118245
-999.0000000  115.0000000 -0.0000131 -0.0000000 0.0000000 0 -0.0034390
-999.0000000   90.0000000 -0.0000164 -0.0000000 0.0000000 0  0.0000006
-999.0000000   65.0000000 -0.0000210  0.0000000 0.0000000 0 -0.0000000
-999.0000000   40.0000000 -0.0000369 -0.0000000 0.0000000 0 -0.0000000
-999.0000000   15.0000000 -0.0000283 -0.0000000 0.0000000 0 -0.0000000
 66.750  45   1002.19  day,levels,pres0
-999.0000000 1115.0000000  0.0000502  0.0000000 0.0000000 0 -0.0009526
-999.0000000 1090.0000000  0.0000502  0.0000000 0.0000000 0 -0.0009744
-999.0000000 1065.0000000  0.0000502  0.0000000 0.0000000 0 -0.0009973
-999.0000000 1040.0000000  0.0000502  0.0000000 0.0000000 0 -0.0010212
-999.0000000 1015.0000000  0.0000502  0.0000000 0.0000000 0 -0.0010464
-999.0000000  990.0000000  0.0000502  0.0000000 0.0000000 0 -0.0010728
-999.0000000  965.0000000  0.0000328  0.0000000 0.0000000 0 -0.0030046
-999.0000000  940.0000000  0.0000136  0.0000000 0.0000000 0 -0.0043496
-999.0000000  915.0000000  0.0000129  0.0000000 0.0000000 0 -0.0050051
-999.0000000  890.0000000  0.0000173  0.0000000 0.0000000 0 -0.0050306
-999.0000000  865.0000000  0.0000228  0.0000000 0.0000000 0 -0.0049264
-999.0000000  840.0000000  0.0000261  0.0000000 0.0000000 0 -0.0050872
-999.0000000  815.0000000  0.0000285  0.0000000 0.0000000 0 -0.0054293
-999.0000000  790.0000000  0.0000294  0.0000000 0.0000000 0 -0.0056441
-999.0000000  765.0000000  0.0000283  0.0000000 0.0000000 0 -0.0054367
-999.0000000  740.0000000  0.0000267  0.0000000 0.0000000 0 -0.0046085
-999.0000000  715.0000000  0.0000255  0.0000000 0.0000000 0 -0.0030753
-999.0000000  690.0000000  0.0000247 -0.0000000 0.0000000 0 -0.0007322
-999.0000000  665.0000000  0.0000236 -0.0000000 0.0000000 0  0.0025964
-999.0000000  640.0000000  0.0000186 -0.0000000 0.0000000 0  0.0069431
-999.0000000  615.0000000  0.0000094 -0.0000000 0.0000000 0  0.0120427
-999.0000000  590.0000000  0.0000048 -0.0000000 0.0000000 0  0.0174138
-999.0000000  565.0000000  0.0000065 -0.0000000 0.0000000 0  0.0224390
-999.0000000  540.0000000  0.0000068 -0.0000000 0.0000000 0  0.0267475
-999.0000000  515.0000000  0.0000038  0.0000000 0.0000000 0  0.0304594
-999.0000000  490.0000000  0.0000017  0.0000000 0.0000000 0  0.0337816
-999.0000000  465.0000000  0.0000017  0.0000000 0.0000000 0  0.0368270
-999.0000000  440.0000000  0.0000029  0.0000000 0.0000000 0  0.0396752
-999.0000000  415.0000000  0.0000048  0.0000000 0.0000000 0  0.0423345
-999.0000000  390.0000000  0.0000075 -0.0000000 0.0000000 0  0.0446679
-999.0000000  365.0000000  0.0000106  0.0000000 0.0000000 0  0.0464175
-999.0000000  340.0000000  0.0000134  0.0000000 0.0000000 0  0.0473344
-999.0000000  315.0000000  0.0000159 -0.0000000 0.0000000 0  0.0472623
-999.0000000  290.0000000  0.0000195  0.0000000 0.0000000 0  0.0461869
-999.0000000  265.0000000  0.0000243  0.0000000 0.0000000 0  0.0441434
-999.0000000  240.0000000  0.0000283  0.0000000 0.0000000 0  0.0410525
-999.0000000  215.0000000  0.0000275  0.0000000 0.0000000 0  0.0367967
-999.0000000  190.0000000  0.0000175  0.0000000 0.0000000 0  0.0318527
-999.0000000  165.0000000  0.0000021  0.0000000 0.0000000 0  0.0264737
-999.0000000  140.0000000 -0.0000009  0.0000000 0.0000000 0  0.0162553
-999.0000000  115.0000000  0.0000070 -0.0000000 0.0000000 0  0.0049177
-999.0000000   90.0000000 -0.0000052 -0.0000000 0.0000000 0 -0.0000012
-999.0000000   65.0000000 -0.0000144  0.0000000 0.0000000 0 -0.0000000
-999.0000000   40.0000000 -0.0000167 -0.0000000 0.0000000 0 -0.0000000
-999.0000000   15.0000000 -0.0000006 -0.0000000 0.0000000 0 -0.0000000
 66.875  45   1002.04  day,levels,pres0
-999.0000000 1115.0000000 -0.0000581  0.0000000 0.0000000 0 -0.0000032
-999.0000000 1090.0000000 -0.0000581  0.0000000 0.0000000 0 -0.0000032
-999.0000000 1065.0000000 -0.0000581  0.0000000 0.0000000 0 -0.0000033
-999.0000000 1040.0000000 -0.0000581  0.0000000 0.0000000 0 -0.0000034
-999.0000000 1015.0000000 -0.0000581  0.0000000 0.0000000 0 -0.0000035
-999.0000000  990.0000000 -0.0000581  0.0000000 0.0000000 0 -0.0000036
-999.0000000  965.0000000 -0.0000333  0.0000000 0.0000000 0  0.0001308
-999.0000000  940.0000000 -0.0000242  0.0000000 0.0000000 0  0.0004975
-999.0000000  915.0000000 -0.0000201 -0.0000000 0.0000000 0  0.0012272
-999.0000000  890.0000000 -0.0000224 -0.0000000 0.0000000 0  0.0024667
-999.0000000  865.0000000 -0.0000153 -0.0000000 0.0000000 0  0.0039993
-999.0000000  840.0000000 -0.0000040 -0.0000000 0.0000000 0  0.0056050
-999.0000000  815.0000000  0.0000065 -0.0000000 0.0000000 0  0.0073285
-999.0000000  790.0000000  0.0000109 -0.0000000 0.0000000 0  0.0093559
-999.0000000  765.0000000  0.0000051 -0.0000000 0.0000000 0  0.0118366
-999.0000000  740.0000000 -0.0000063 -0.0000000 0.0000000 0  0.0147787
-999.0000000  715.0000000 -0.0000173  0.0000000 0.0000000 0  0.0180445
-999.0000000  690.0000000 -0.0000227  0.0000000 0.0000000 0  0.0215022
-999.0000000  665.0000000 -0.0000215  0.0000000 0.0000000 0  0.0250885
-999.0000000  640.0000000 -0.0000233  0.0000000 0.0000000 0  0.0288720
-999.0000000  615.0000000 -0.0000297 -0.0000000 0.0000000 0  0.0330194
-999.0000000  590.0000000 -0.0000336 -0.0000000 0.0000000 0  0.0374346
-999.0000000  565.0000000 -0.0000327 -0.0000000 0.0000000 0  0.0415890
-999.0000000  540.0000000 -0.0000278  0.0000000 0.0000000 0  0.0450239
-999.0000000  515.0000000 -0.0000190  0.0000000 0.0000000 0  0.0476533
-999.0000000  490.0000000 -0.0000102  0.0000000 0.0000000 0  0.0496197
-999.0000000  465.0000000 -0.0000033  0.0000000 0.0000000 0  0.0512833
-999.0000000  440.0000000 -0.0000014  0.0000000 0.0000000 0  0.0531146
-999.0000000  415.0000000 -0.0000052  0.0000000 0.0000000 0  0.0555585
-999.0000000  390.0000000 -0.0000118  0.0000000 0.0000000 0  0.0588726
-999.0000000  365.0000000 -0.0000194  0.0000000 0.0000000 0  0.0629630
-999.0000000  340.0000000 -0.0000254  0.0000000 0.0000000 0  0.0673513
-999.0000000  315.0000000 -0.0000278  0.0000000 0.0000000 0  0.0712012
-999.0000000  290.0000000 -0.0000247  0.0000000 0.0000000 0  0.0736888
-999.0000000  265.0000000 -0.0000159  0.0000000 0.0000000 0  0.0740939
-999.0000000  240.0000000 -0.0000035  0.0000000 0.0000000 0  0.0714708
-999.0000000  215.0000000  0.0000080  0.0000000 0.0000000 0  0.0646775
-999.0000000  190.0000000  0.0000130  0.0000000 0.0000000 0  0.0531148
-999.0000000  165.0000000  0.0000142  0.0000000 0.0000000 0  0.0371910
-999.0000000  140.0000000  0.0000222  0.0000000 0.0000000 0  0.0177548
-999.0000000  115.0000000  0.0000271  0.0000000 0.0000000 0  0.0035507
-999.0000000   90.0000000  0.0000060 -0.0000000 0.0000000 0  0.0000055
-999.0000000   65.0000000 -0.0000077  0.0000000 0.0000000 0 -0.0000000
-999.0000000   40.0000000  0.0000035  0.0000000 0.0000000 0 -0.0000000
-999.0000000   15.0000000  0.0000271  0.0000000 0.0000000 0 -0.0000000
 67.000  45   1005.16  day,levels,pres0
-999.0000000 1115.0000000 -0.0000703 -0.0000000 0.0000000 0  0.0020980
-999.0000000 1090.0000000 -0.0000703 -0.0000000 0.0000000 0  0.0021461
-999.0000000 1065.0000000 -0.0000703 -0.0000000 0.0000000 0  0.0021965
-999.0000000 1040.0000000 -0.0000703 -0.0000000 0.0000000 0  0.0022493
-999.0000000 1015.0000000 -0.0000703 -0.0000000 0.0000000 0  0.0023047
-999.0000000  990.0000000 -0.0000703 -0.0000000 0.0000000 0  0.0023629
-999.0000000  965.0000000 -0.0000490 -0.0000000 0.0000000 0  0.0063032
-999.0000000  940.0000000 -0.0000397 -0.0000000 0.0000000 0  0.0099348
-999.0000000  915.0000000 -0.0000381 -0.0000000 0.0000000 0  0.0132778
-999.0000000  890.0000000 -0.0000412 -0.0000000 0.0000000 0  0.0167638
-999.0000000  865.0000000 -0.0000363 -0.0000000 0.0000000 0  0.0205319
-999.0000000  840.0000000 -0.0000253 -0.0000000 0.0000000 0  0.0245457
-999.0000000  815.0000000 -0.0000168 -0.0000000 0.0000000 0  0.0288446
-999.0000000  790.0000000 -0.0000126 -0.0000000 0.0000000 0  0.0334983
-999.0000000  765.0000000 -0.0000148 -0.0000000 0.0000000 0  0.0385092
-999.0000000  740.0000000 -0.0000216 -0.0000000 0.0000000 0  0.0437068
-999.0000000  715.0000000 -0.0000292 -0.0000000 0.0000000 0  0.0487367
-999.0000000  690.0000000 -0.0000321 -0.0000000 0.0000000 0  0.0532429
-999.0000000  665.0000000 -0.0000286 -0.0000000 0.0000000 0  0.0569227
-999.0000000  640.0000000 -0.0000256  0.0000000 0.0000000 0  0.0597468
-999.0000000  615.0000000 -0.0000245  0.0000000 0.0000000 0  0.0620833
-999.0000000  590.0000000 -0.0000247  0.0000000 0.0000000 0  0.0642456
-999.0000000  565.0000000 -0.0000257  0.0000000 0.0000000 0  0.0661110
-999.0000000  540.0000000 -0.0000255  0.0000000 0.0000000 0  0.0673479
-999.0000000  515.0000000 -0.0000228  0.0000000 0.0000000 0  0.0676839
-999.0000000  490.0000000 -0.0000167  0.0000000 0.0000000 0  0.0671593
-999.0000000  465.0000000 -0.0000074  0.0000000 0.0000000 0  0.0662996
-999.0000000  440.0000000  0.0000004  0.0000000 0.0000000 0  0.0658964
-999.0000000  415.0000000  0.0000048  0.0000000 0.0000000 0  0.0668181
-999.0000000  390.0000000  0.0000064  0.0000000 0.0000000 0  0.0697385
-999.0000000  365.0000000  0.0000054  0.0000000 0.0000000 0  0.0747959
-999.0000000  340.0000000  0.0000033  0.0000000 0.0000000 0  0.0813376
-999.0000000  315.0000000  0.0000012  0.0000000 0.0000000 0  0.0878796
-999.0000000  290.0000000  0.0000005  0.0000000 0.0000000 0  0.0928282
-999.0000000  265.0000000  0.0000016  0.0000000 0.0000000 0  0.0947870
-999.0000000  240.0000000  0.0000027  0.0000000 0.0000000 0  0.0920671
-999.0000000  215.0000000  0.0000006  0.0000000 0.0000000 0  0.0825641
-999.0000000  190.0000000 -0.0000042  0.0000000 0.0000000 0  0.0646083
-999.0000000  165.0000000 -0.0000050  0.0000000 0.0000000 0  0.0391395
-999.0000000  140.0000000 -0.0000020 -0.0000000 0.0000000 0  0.0137616
-999.0000000  115.0000000 -0.0000026 -0.0000000 0.0000000 0  0.0006123
-999.0000000   90.0000000 -0.0000051  0.0000000 0.0000000 0 -0.0000007
-999.0000000   65.0000000  0.0000120  0.0000000 0.0000000 0 -0.0000000
-999.0000000   40.0000000  0.0000072  0.0000000 0.0000000 0 -0.0000000
-999.0000000   15.0000000  0.0000103  0.0000000 0.0000000 0 -0.0000000
 67.125  45   1006.58  day,levels,pres0
-999.0000000 1115.0000000 -0.0000825 -0.0000001 0.0000000 0  0.0023080
-999.0000000 1090.0000000 -0.0000825 -0.0000001 0.0000000 0  0.0023609
-999.0000000 1065.0000000 -0.0000825 -0.0000001 0.0000000 0  0.0024164
-999.0000000 1040.0000000 -0.0000825 -0.0000001 0.0000000 0  0.0024744
-999.0000000 1015.0000000 -0.0000825 -0.0000001 0.0000000 0  0.0025354
-999.0000000  990.0000000 -0.0000825 -0.0000001 0.0000000 0  0.0025994
-999.0000000  965.0000000 -0.0000646 -0.0000001 0.0000000 0  0.0069840
-999.0000000  940.0000000 -0.0000550 -0.0000000 0.0000000 0  0.0116563
-999.0000000  915.0000000 -0.0000560 -0.0000000 0.0000000 0  0.0161788
-999.0000000  890.0000000 -0.0000600 -0.0000000 0.0000000 0  0.0204895
-999.0000000  865.0000000 -0.0000573 -0.0000000 0.0000000 0  0.0246142
-999.0000000  840.0000000 -0.0000468 -0.0000000 0.0000000 0  0.0285529
-999.0000000  815.0000000 -0.0000402 -0.0000000 0.0000000 0  0.0323576
-999.0000000  790.0000000 -0.0000362 -0.0000000 0.0000000 0  0.0361507
-999.0000000  765.0000000 -0.0000349 -0.0000000 0.0000000 0  0.0400813
-999.0000000  740.0000000 -0.0000371 -0.0000000 0.0000000 0  0.0442160
-999.0000000  715.0000000 -0.0000413 -0.0000000 0.0000000 0  0.0484802
-999.0000000  690.0000000 -0.0000414 -0.0000000 0.0000000 0  0.0526884
-999.0000000  665.0000000 -0.0000357 -0.0000000 0.0000000 0  0.0565473
-999.0000000  640.0000000 -0.0000278 -0.0000000 0.0000000 0  0.0598632
-999.0000000  615.0000000 -0.0000193  0.0000000 0.0000000 0  0.0626762
-999.0000000  590.0000000 -0.0000156  0.0000000 0.0000000 0  0.0651464
-999.0000000  565.0000000 -0.0000187  0.0000000 0.0000000 0  0.0673670
-999.0000000  540.0000000 -0.0000231  0.0000000 0.0000000 0  0.0694859
-999.0000000  515.0000000 -0.0000264  0.0000000 0.0000000 0  0.0718734
-999.0000000  490.0000000 -0.0000229  0.0000000 0.0000000 0  0.0748692
-999.0000000  465.0000000 -0.0000111  0.0000000 0.0000000 0  0.0786761
-999.0000000  440.0000000  0.0000025  0.0000000 0.0000000 0  0.0834635
-999.0000000  415.0000000  0.0000151  0.0000000 0.0000000 0  0.0893883
-999.0000000  390.0000000  0.0000248  0.0000000 0.0000000 0  0.0966751
-999.0000000  365.0000000  0.0000303  0.0000000 0.0000000 0  0.1054034
-999.0000000  340.0000000  0.0000320  0.0000000 0.0000000 0  0.1148020
-999.0000000  315.0000000  0.0000301  0.0000000 0.0000000 0  0.1229779
-999.0000000  290.0000000  0.0000255  0.0000000 0.0000000 0  0.1277612
-999.0000000  265.0000000  0.0000186  0.0000000 0.0000000 0  0.1271674
-999.0000000  240.0000000  0.0000084  0.0000000 0.0000000 0  0.1192778
-999.0000000  215.0000000 -0.0000072  0.0000000 0.0000000 0  0.1024244
-999.0000000  190.0000000 -0.0000218 -0.0000000 0.0000000 0  0.0761069
-999.0000000  165.0000000 -0.0000243 -0.0000000 0.0000000 0  0.0435183
-999.0000000  140.0000000 -0.0000261 -0.0000000 0.0000000 0  0.0142234
-999.0000000  115.0000000 -0.0000321 -0.0000000 0.0000000 0  0.0001945
-999.0000000   90.0000000 -0.0000163  0.0000000 0.0000000 0  0.0000004
-999.0000000   65.0000000  0.0000318 -0.0000000 0.0000000 0 -0.0000000
-999.0000000   40.0000000  0.0000108  0.0000000 0.0000000 0 -0.0000000
-999.0000000   15.0000000 -0.0000065 -0.0000000 0.0000000 0 -0.0000000
 67.250  45   1005.60  day,levels,pres0
-999.0000000 1115.0000000 -0.0000579 -0.0000000 0.0000000 0  0.0031989
-999.0000000 1090.0000000 -0.0000579 -0.0000000 0.0000000 0  0.0032723
-999.0000000 1065.0000000 -0.0000579 -0.0000000 0.0000000 0  0.0033491
-999.0000000 1040.0000000 -0.0000579 -0.0000000 0.0000000 0  0.0034296
-999.0000000 1015.0000000 -0.0000579 -0.0000000 0.0000000 0  0.0035141
-999.0000000  990.0000000 -0.0000579 -0.0000000 0.0000000 0  0.0036029
-999.0000000  965.0000000 -0.0000495 -0.0000000 0.0000000 0  0.0102628
-999.0000000  940.0000000 -0.0000383 -0.0000000 0.0000000 0  0.0177721
-999.0000000  915.0000000 -0.0000387 -0.0000000 0.0000000 0  0.0251462
-999.0000000  890.0000000 -0.0000397 -0.0000000 0.0000000 0  0.0317196
-999.0000000  865.0000000 -0.0000357 -0.0000000 0.0000000 0  0.0374831
-999.0000000  840.0000000 -0.0000250 -0.0000000 0.0000000 0  0.0425465
-999.0000000  815.0000000 -0.0000159 -0.0000000 0.0000000 0  0.0468942
-999.0000000  790.0000000 -0.0000118 -0.0000000 0.0000000 0  0.0506245
-999.0000000  765.0000000 -0.0000107 -0.0000000 0.0000000 0  0.0540081
-999.0000000  740.0000000 -0.0000112 -0.0000000 0.0000000 0  0.0573327
-999.0000000  715.0000000 -0.0000125 -0.0000000 0.0000000 0  0.0607999
-999.0000000  690.0000000 -0.0000147 -0.0000000 0.0000000 0  0.0644260
-999.0000000  665.0000000 -0.0000179 -0.0000000 0.0000000 0  0.0679692
-999.0000000  640.0000000 -0.0000207 -0.0000000 0.0000000 0  0.0710278
-999.0000000  615.0000000 -0.0000225 -0.0000000 0.0000000 0  0.0731924
-999.0000000  590.0000000 -0.0000212  0.0000000 0.0000000 0  0.0744826
-999.0000000  565.0000000 -0.0000171  0.0000000 0.0000000 0  0.0753977
-999.0000000  540.0000000 -0.0000171  0.0000000 0.0000000 0  0.0767390
-999.0000000  515.0000000 -0.0000219  0.0000000 0.0000000 0  0.0796163
-999.0000000  490.0000000 -0.0000228  0.0000000 0.0000000 0  0.0847068
-999.0000000  465.0000000 -0.0000174  0.0000000 0.0000000 0  0.0918451
-999.0000000  440.0000000 -0.0000102  0.0000000 0.0000000 0  0.1005663
-999.0000000  415.0000000 -0.0000037  0.0000000 0.0000000 0  0.1103612
-999.0000000  390.0000000 -0.0000004  0.0000000 0.0000000 0  0.1209887
-999.0000000  365.0000000 -0.0000012  0.0000000 0.0000000 0  0.1324097
-999.0000000  340.0000000 -0.0000041  0.0000000 0.0000000 0  0.1436998
-999.0000000  315.0000000 -0.0000083  0.0000000 0.0000000 0  0.1525496
-999.0000000  290.0000000 -0.0000141  0.0000000 0.0000000 0  0.1562028
-999.0000000  265.0000000 -0.0000208  0.0000000 0.0000000 0  0.1521217
-999.0000000  240.0000000 -0.0000253 -0.0000000 0.0000000 0  0.1382513
-999.0000000  215.0000000 -0.0000261 -0.0000000 0.0000000 0  0.1133129
-999.0000000  190.0000000 -0.0000241 -0.0000000 0.0000000 0  0.0778638
-999.0000000  165.0000000 -0.0000147 -0.0000000 0.0000000 0  0.0380267
-999.0000000  140.0000000 -0.0000065 -0.0000000 0.0000000 0  0.0077961
-999.0000000  115.0000000 -0.0000002 -0.0000000 0.0000000 0 -0.0024488
-999.0000000   90.0000000  0.0000210  0.0000000 0.0000000 0 -0.0000010
-999.0000000   65.0000000  0.0000359 -0.0000000 0.0000000 0 -0.0000000
-999.0000000   40.0000000  0.0000196  0.0000000 0.0000000 0 -0.0000000
-999.0000000   15.0000000 -0.0000048 -0.0000000 0.0000000 0 -0.0000000
 67.375  45   1005.23  day,levels,pres0
-999.0000000 1115.0000000 -0.0000334 -0.0000000 0.0000000 0  0.0034942
-999.0000000 1090.0000000 -0.0000334 -0.0000000 0.0000000 0  0.0035744
-999.0000000 1065.0000000 -0.0000334 -0.0000000 0.0000000 0  0.0036583
-999.0000000 1040.0000000 -0.0000334 -0.0000000 0.0000000 0  0.0037462
-999.0000000 1015.0000000 -0.0000334 -0.0000000 0.0000000 0  0.0038385
-999.0000000  990.0000000 -0.0000334 -0.0000000 0.0000000 0  0.0039354
-999.0000000  965.0000000 -0.0000347 -0.0000000 0.0000000 0  0.0109142
-999.0000000  940.0000000 -0.0000219 -0.0000000 0.0000000 0  0.0186315
-999.0000000  915.0000000 -0.0000216 -0.0000000 0.0000000 0  0.0268534
-999.0000000  890.0000000 -0.0000194 -0.0000000 0.0000000 0  0.0351709
-999.0000000  865.0000000 -0.0000139 -0.0000000 0.0000000 0  0.0435143
-999.0000000  840.0000000 -0.0000029  0.0000000 0.0000000 0  0.0515989
-999.0000000  815.0000000  0.0000087  0.0000000 0.0000000 0  0.0587703
-999.0000000  790.0000000  0.0000129  0.0000000 0.0000000 0  0.0646771
-999.0000000  765.0000000  0.0000137  0.0000000 0.0000000 0  0.0694883
-999.0000000  740.0000000  0.0000148 -0.0000000 0.0000000 0  0.0735361
-999.0000000  715.0000000  0.0000162 -0.0000000 0.0000000 0  0.0771073
-999.0000000  690.0000000  0.0000119 -0.0000000 0.0000000 0  0.0803553
-999.0000000  665.0000000 -0.0000002 -0.0000000 0.0000000 0  0.0832696
-999.0000000  640.0000000 -0.0000136 -0.0000000 0.0000000 0  0.0857814
-999.0000000  615.0000000 -0.0000255 -0.0000000 0.0000000 0  0.0879428
-999.0000000  590.0000000 -0.0000266 -0.0000000 0.0000000 0  0.0901436
-999.0000000  565.0000000 -0.0000155 -0.0000000 0.0000000 0  0.0929180
-999.0000000  540.0000000 -0.0000111  0.0000000 0.0000000 0  0.0967696
-999.0000000  515.0000000 -0.0000177  0.0000000 0.0000000 0  0.1022948
-999.0000000  490.0000000 -0.0000233  0.0000000 0.0000000 0  0.1098469
-999.0000000  465.0000000 -0.0000244  0.0000000 0.0000000 0  0.1191747
-999.0000000  440.0000000 -0.0000238  0.0000000 0.0000000 0  0.1295934
-999.0000000  415.0000000 -0.0000233  0.0000000 0.0000000 0  0.1401327
-999.0000000  390.0000000 -0.0000264 -0.0000000 0.0000000 0  0.1500935
-999.0000000  365.0000000 -0.0000335 -0.0000000 0.0000000 0  0.1591780
-999.0000000  340.0000000 -0.0000409 -0.0000000 0.0000000 0  0.1666841
-999.0000000  315.0000000 -0.0000471 -0.0000000 0.0000000 0  0.1709396
-999.0000000  290.0000000 -0.0000536 -0.0000000 0.0000000 0  0.1694294
-999.0000000  265.0000000 -0.0000598 -0.0000000 0.0000000 0  0.1593558
-999.0000000  240.0000000 -0.0000580 -0.0000000 0.0000000 0  0.1386058
-999.0000000  215.0000000 -0.0000438 -0.0000000 0.0000000 0  0.1059236
-999.0000000  190.0000000 -0.0000251 -0.0000000 0.0000000 0  0.0626019
-999.0000000  165.0000000 -0.0000040 -0.0000000 0.0000000 0  0.0187185
-999.0000000  140.0000000  0.0000132 -0.0000000 0.0000000 0 -0.0063897
-999.0000000  115.0000000  0.0000317 -0.0000000 0.0000000 0 -0.0074386
-999.0000000   90.0000000  0.0000583  0.0000000 0.0000000 0 -0.0000071
-999.0000000   65.0000000  0.0000400 -0.0000000 0.0000000 0 -0.0000000
-999.0000000   40.0000000  0.0000283  0.0000000 0.0000000 0 -0.0000000
-999.0000000   15.0000000 -0.0000032 -0.0000000 0.0000000 0 -0.0000000
 67.500  45   1007.20  day,levels,pres0
-999.0000000 1115.0000000  0.0000277 -0.0000000 0.0000000 0  0.0020595
-999.0000000 1090.0000000  0.0000277 -0.0000000 0.0000000 0  0.0021067
-999.0000000 1065.0000000  0.0000277 -0.0000000 0.0000000 0  0.0021562
-999.0000000 1040.0000000  0.0000277 -0.0000000 0.0000000 0  0.0022080
-999.0000000 1015.0000000  0.0000277 -0.0000000 0.0000000 0  0.0022624
-999.0000000  990.0000000  0.0000277 -0.0000000 0.0000000 0  0.0023195
-999.0000000  965.0000000 -0.0000001 -0.0000000 0.0000000 0  0.0057231
-999.0000000  940.0000000 -0.0000088 -0.0000000 0.0000000 0  0.0096951
-999.0000000  915.0000000 -0.0000116 -0.0000000 0.0000000 0  0.0149481
-999.0000000  890.0000000 -0.0000167 -0.0000000 0.0000000 0  0.0214577
-999.0000000  865.0000000 -0.0000153 -0.0000000 0.0000000 0  0.0290042
-999.0000000  840.0000000 -0.0000037 -0.0000000 0.0000000 0  0.0368387
-999.0000000  815.0000000  0.0000056 -0.0000000 0.0000000 0  0.0437806
-999.0000000  790.0000000  0.0000104 -0.0000000 0.0000000 0  0.0491365
-999.0000000  765.0000000  0.0000138 -0.0000000 0.0000000 0  0.0530131
-999.0000000  740.0000000  0.0000162 -0.0000000 0.0000000 0  0.0558227
-999.0000000  715.0000000  0.0000172 -0.0000000 0.0000000 0  0.0579459
-999.0000000  690.0000000  0.0000159 -0.0000000 0.0000000 0  0.0596334
-999.0000000  665.0000000  0.0000123 -0.0000000 0.0000000 0  0.0610504
-999.0000000  640.0000000  0.0000113 -0.0000000 0.0000000 0  0.0625180
-999.0000000  615.0000000  0.0000138 -0.0000000 0.0000000 0  0.0646970
-999.0000000  590.0000000  0.0000147 -0.0000000 0.0000000 0  0.0682832
-999.0000000  565.0000000  0.0000125  0.0000000 0.0000000 0  0.0736174
-999.0000000  540.0000000  0.0000090  0.0000000 0.0000000 0  0.0807622
-999.0000000  515.0000000  0.0000048  0.0000000 0.0000000 0  0.0897016
-999.0000000  490.0000000  0.0000021  0.0000000 0.0000000 0  0.1004308
-999.0000000  465.0000000  0.0000016  0.0000000 0.0000000 0  0.1127152
-999.0000000  440.0000000  0.0000020  0.0000000 0.0000000 0  0.1257344
-999.0000000  415.0000000  0.0000026 -0.0000000 0.0000000 0  0.1380717
-999.0000000  390.0000000  0.0000029 -0.0000000 0.0000000 0  0.1486122
-999.0000000  365.0000000  0.0000018 -0.0000000 0.0000000 0  0.1568783
-999.0000000  340.0000000 -0.0000025 -0.0000000 0.0000000 0  0.1624233
-999.0000000  315.0000000 -0.0000089 -0.0000000 0.0000000 0  0.1642051
-999.0000000  290.0000000 -0.0000116 -0.0000000 0.0000000 0  0.1599991
-999.0000000  265.0000000 -0.0000101 -0.0000000 0.0000000 0  0.1468222
-999.0000000  240.0000000 -0.0000105 -0.0000000 0.0000000 0  0.1225710
-999.0000000  215.0000000 -0.0000125 -0.0000000 0.0000000 0  0.0862552
-999.0000000  190.0000000 -0.0000084 -0.0000000 0.0000000 0  0.0401820
-999.0000000  165.0000000  0.0000035 -0.0000000 0.0000000 0 -0.0022209
-999.0000000  140.0000000  0.0000118 -0.0000000 0.0000000 0 -0.0187575
-999.0000000  115.0000000  0.0000161 -0.0000000 0.0000000 0 -0.0109327
-999.0000000   90.0000000  0.0000219  0.0000000 0.0000000 0  0.0000035
-999.0000000   65.0000000  0.0000051 -0.0000000 0.0000000 0 -0.0000000
-999.0000000   40.0000000  0.0000088  0.0000000 0.0000000 0 -0.0000000
-999.0000000   15.0000000 -0.0000013 -0.0000000 0.0000000 0 -0.0000000
 67.625  45   1007.52  day,levels,pres0
-999.0000000 1115.0000000  0.0000876 -0.0000001 0.0000000 0 -0.0030479
-999.0000000 1090.0000000  0.0000876 -0.0000001 0.0000000 0 -0.0031178
-999.0000000 1065.0000000  0.0000876 -0.0000001 0.0000000 0 -0.0031910
-999.0000000 1040.0000000  0.0000876 -0.0000001 0.0000000 0 -0.0032677
-999.0000000 1015.0000000  0.0000876 -0.0000001 0.0000000 0 -0.0033482
-999.0000000  990.0000000  0.0000876 -0.0000001 0.0000000 0 -0.0034327
-999.0000000  965.0000000  0.0000336 -0.0000001 0.0000000 0 -0.0082792
-999.0000000  940.0000000  0.0000043 -0.0000000 0.0000000 0 -0.0124211
-999.0000000  915.0000000 -0.0000010 -0.0000000 0.0000000 0 -0.0152892
-999.0000000  890.0000000 -0.0000131 -0.0000000 0.0000000 0 -0.0168201
-999.0000000  865.0000000 -0.0000158 -0.0000000 0.0000000 0 -0.0175196
-999.0000000  840.0000000 -0.0000040 -0.0000001 0.0000000 0 -0.0177658
-999.0000000  815.0000000  0.0000025 -0.0000001 0.0000000 0 -0.0177570
-999.0000000  790.0000000  0.0000076 -0.0000001 0.0000000 0 -0.0179911
-999.0000000  765.0000000  0.0000136 -0.0000000 0.0000000 0 -0.0187877
-999.0000000  740.0000000  0.0000175 -0.0000000 0.0000000 0 -0.0198433
-999.0000000  715.0000000  0.0000184 -0.0000000 0.0000000 0 -0.0206018
-999.0000000  690.0000000  0.0000203 -0.0000000 0.0000000 0 -0.0205067
-999.0000000  665.0000000  0.0000250 -0.0000000 0.0000000 0 -0.0189212
-999.0000000  640.0000000  0.0000364  0.0000000 0.0000000 0 -0.0152014
-999.0000000  615.0000000  0.0000535  0.0000000 0.0000000 0 -0.0088982
-999.0000000  590.0000000  0.0000565  0.0000000 0.0000000 0 -0.0001492
-999.0000000  565.0000000  0.0000411  0.0000000 0.0000000 0  0.0102277
-999.0000000  540.0000000  0.0000298  0.0000000 0.0000000 0  0.0216982
-999.0000000  515.0000000  0.0000283  0.0000000 0.0000000 0  0.0343531
-999.0000000  490.0000000  0.0000288  0.0000000 0.0000000 0  0.0481779
-999.0000000  465.0000000  0.0000292  0.0000000 0.0000000 0  0.0627001
-999.0000000  440.0000000  0.0000295 -0.0000000 0.0000000 0  0.0770186
-999.0000000  415.0000000  0.0000301 -0.0000000 0.0000000 0  0.0900696
-999.0000000  390.0000000  0.0000335 -0.0000000 0.0000000 0  0.1013190
-999.0000000  365.0000000  0.0000382 -0.0000000 0.0000000 0  0.1109513
-999.0000000  340.0000000  0.0000366 -0.0000000 0.0000000 0  0.1188564
-999.0000000  315.0000000  0.0000294 -0.0000000 0.0000000 0  0.1240596
-999.0000000  290.0000000  0.0000296  0.0000000 0.0000000 0  0.1251802
-999.0000000  265.0000000  0.0000375  0.0000000 0.0000000 0  0.1204251
-999.0000000  240.0000000  0.0000338  0.0000000 0.0000000 0  0.1081666
-999.0000000  215.0000000  0.0000148  0.0000000 0.0000000 0  0.0876304
-999.0000000  190.0000000  0.0000044 -0.0000000 0.0000000 0  0.0604646
-999.0000000  165.0000000  0.0000085 -0.0000000 0.0000000 0  0.0336411
-999.0000000  140.0000000  0.0000104 -0.0000000 0.0000000 0  0.0125165
-999.0000000  115.0000000  0.0000008 -0.0000000 0.0000000 0  0.0008546
-999.0000000   90.0000000 -0.0000141  0.0000000 0.0000000 0 -0.0000051
-999.0000000   65.0000000 -0.0000294 -0.0000000 0.0000000 0 -0.0000000
-999.0000000   40.0000000 -0.0000104 -0.0000000 0.0000000 0 -0.0000000
-999.0000000   15.0000000  0.0000007  0.0000000 0.0000000 0 -0.0000000
 67.750  45   1002.88  day,levels,pres0
-999.0000000 1115.0000000  0.0000264 -0.0000000 0.0000000 0 -0.0028092
-999.0000000 1090.0000000  0.0000264 -0.0000000 0.0000000 0 -0.0028737
-999.0000000 1065.0000000  0.0000264 -0.0000000 0.0000000 0 -0.0029411
-999.0000000 1040.0000000  0.0000264 -0.0000000 0.0000000 0 -0.0030118
-999.0000000 1015.0000000  0.0000264 -0.0000000 0.0000000 0 -0.0030860
-999.0000000  990.0000000  0.0000264 -0.0000000 0.0000000 0 -0.0031639
-999.0000000  965.0000000  0.0000172 -0.0000000 0.0000000 0 -0.0092776
-999.0000000  940.0000000  0.0000088 -0.0000000 0.0000000 0 -0.0151564
-999.0000000  915.0000000  0.0000131 -0.0000000 0.0000000 0 -0.0205779
-999.0000000  890.0000000  0.0000193 -0.0000000 0.0000000 0 -0.0255733
-999.0000000  865.0000000  0.0000256 -0.0000000 0.0000000 0 -0.0299690
-999.0000000  840.0000000  0.0000292 -0.0000000 0.0000000 0 -0.0325211
-999.0000000  815.0000000  0.0000298 -0.0000000 0.0000000 0 -0.0326547
-999.0000000  790.0000000  0.0000297 -0.0000000 0.0000000 0 -0.0318982
-999.0000000  765.0000000  0.0000294 -0.0000000 0.0000000 0 -0.0317458
-999.0000000  740.0000000  0.0000286 -0.0000000 0.0000000 0 -0.0322354
-999.0000000  715.0000000  0.0000282 -0.0000000 0.0000000 0 -0.0327553
-999.0000000  690.0000000  0.0000291 -0.0000000 0.0000000 0 -0.0324430
-999.0000000  665.0000000  0.0000324 -0.0000000 0.0000000 0 -0.0301659
-999.0000000  640.0000000  0.0000390 -0.0000000 0.0000000 0 -0.0251307
-999.0000000  615.0000000  0.0000481 -0.0000000 0.0000000 0 -0.0172814
-999.0000000  590.0000000  0.0000486 -0.0000000 0.0000000 0 -0.0070450
-999.0000000  565.0000000  0.0000383 -0.0000000 0.0000000 0  0.0047402
-999.0000000  540.0000000  0.0000304 -0.0000000 0.0000000 0  0.0173914
-999.0000000  515.0000000  0.0000278 -0.0000000 0.0000000 0  0.0305742
-999.0000000  490.0000000  0.0000240 -0.0000000 0.0000000 0  0.0440136
-999.0000000  465.0000000  0.0000174 -0.0000000 0.0000000 0  0.0574187
-999.0000000  440.0000000  0.0000116 -0.0000000 0.0000000 0  0.0701163
-999.0000000  415.0000000  0.0000079 -0.0000000 0.0000000 0  0.0813126
-999.0000000  390.0000000  0.0000070 -0.0000000 0.0000000 0  0.0907237
-999.0000000  365.0000000  0.0000081 -0.0000000 0.0000000 0  0.0987141
-999.0000000  340.0000000  0.0000077 -0.0000000 0.0000000 0  0.1052532
-999.0000000  315.0000000  0.0000056 -0.0000000 0.0000000 0  0.1093970
-999.0000000  290.0000000  0.0000053 -0.0000000 0.0000000 0  0.1103364
-999.0000000  265.0000000  0.0000069  0.0000000 0.0000000 0  0.1070362
-999.0000000  240.0000000  0.0000046  0.0000000 0.0000000 0  0.0987152
-999.0000000  215.0000000 -0.0000006 -0.0000000 0.0000000 0  0.0861631
-999.0000000  190.0000000  0.0000017 -0.0000000 0.0000000 0  0.0712133
-999.0000000  165.0000000  0.0000083  0.0000000 0.0000000 0  0.0553963
-999.0000000  140.0000000  0.0000121  0.0000000 0.0000000 0  0.0318386
-999.0000000  115.0000000  0.0000058 -0.0000000 0.0000000 0  0.0081396
-999.0000000   90.0000000 -0.0000157 -0.0000000 0.0000000 0 -0.0000051
-999.0000000   65.0000000 -0.0000313  0.0000000 0.0000000 0 -0.0000000
-999.0000000   40.0000000 -0.0000226 -0.0000000 0.0000000 0 -0.0000000
-999.0000000   15.0000000 -0.0000062 -0.0000000 0.0000000 0 -0.0000000
 67.875  45   1001.39  day,levels,pres0
-999.0000000 1115.0000000 -0.0000337  0.0000000 0.0000000 0 -0.0015692
-999.0000000 1090.0000000 -0.0000337  0.0000000 0.0000000 0 -0.0016052
-999.0000000 1065.0000000 -0.0000337  0.0000000 0.0000000 0 -0.0016429
-999.0000000 1040.0000000 -0.0000337  0.0000000 0.0000000 0 -0.0016823
-999.0000000 1015.0000000 -0.0000337  0.0000000 0.0000000 0 -0.0017238
-999.0000000  990.0000000 -0.0000337  0.0000000 0.0000000 0 -0.0017673
-999.0000000  965.0000000  0.0000015  0.0000000 0.0000000 0 -0.0058963
-999.0000000  940.0000000  0.0000135  0.0000000 0.0000000 0 -0.0101775
-999.0000000  915.0000000  0.0000269 -0.0000000 0.0000000 0 -0.0138220
-999.0000000  890.0000000  0.0000513 -0.0000000 0.0000000 0 -0.0162509
-999.0000000  865.0000000  0.0000665 -0.0000000 0.0000000 0 -0.0175796
-999.0000000  840.0000000  0.0000620 -0.0000000 0.0000000 0 -0.0181612
-999.0000000  815.0000000  0.0000570 -0.0000000 0.0000000 0 -0.0182182
-999.0000000  790.0000000  0.0000522 -0.0000000 0.0000000 0 -0.0182757
-999.0000000  765.0000000  0.0000457 -0.0000000 0.0000000 0 -0.0189191
-999.0000000  740.0000000  0.0000403 -0.0000000 0.0000000 0 -0.0203044
-999.0000000  715.0000000  0.0000382 -0.0000000 0.0000000 0 -0.0222649
-999.0000000  690.0000000  0.0000380 -0.0000000 0.0000000 0 -0.0243053
-999.0000000  665.0000000  0.0000395 -0.0000000 0.0000000 0 -0.0255586
-999.0000000  640.0000000  0.0000409 -0.0000000 0.0000000 0 -0.0252787
-999.0000000  615.0000000  0.0000414 -0.0000000 0.0000000 0 -0.0230543
-999.0000000  590.0000000  0.0000392 -0.0000000 0.0000000 0 -0.0188024
-999.0000000  565.0000000  0.0000340 -0.0000000 0.0000000 0 -0.0128312
-999.0000000  540.0000000  0.0000294 -0.0000000 0.0000000 0 -0.0054539
-999.0000000  515.0000000  0.0000254 -0.0000000 0.0000000 0  0.0030443
-999.0000000  490.0000000  0.0000170 -0.0000000 0.0000000 0  0.0120261
-999.0000000  465.0000000  0.0000033 -0.0000000 0.0000000 0  0.0204175
-999.0000000  440.0000000 -0.0000086 -0.0000000 0.0000000 0  0.0272252
-999.0000000  415.0000000 -0.0000160 -0.0000000 0.0000000 0  0.0319663
-999.0000000  390.0000000 -0.0000207 -0.0000000 0.0000000 0  0.0348693
-999.0000000  365.0000000 -0.0000226 -0.0000000 0.0000000 0  0.0368177
-999.0000000  340.0000000 -0.0000211 -0.0000000 0.0000000 0  0.0381804
-999.0000000  315.0000000 -0.0000175 -0.0000000 0.0000000 0  0.0382818
-999.0000000  290.0000000 -0.0000172 -0.0000000 0.0000000 0  0.0363954
-999.0000000  265.0000000 -0.0000206 -0.0000000 0.0000000 0  0.0321999
-999.0000000  240.0000000 -0.0000205 -0.0000000 0.0000000 0  0.0258498
-999.0000000  215.0000000 -0.0000112 -0.0000000 0.0000000 0  0.0174407
-999.0000000  190.0000000  0.0000035 -0.0000000 0.0000000 0  0.0073932
-999.0000000  165.0000000  0.0000107  0.0000000 0.0000000 0 -0.0001890
-999.0000000  140.0000000  0.0000136  0.0000000 0.0000000 0 -0.0022125
-999.0000000  115.0000000  0.0000104  0.0000000 0.0000000 0 -0.0012275
-999.0000000   90.0000000 -0.0000178 -0.0000000 0.0000000 0  0.0000014
-999.0000000   65.0000000 -0.0000335  0.0000000 0.0000000 0 -0.0000000
-999.0000000   40.0000000 -0.0000350 -0.0000000 0.0000000 0 -0.0000000
-999.0000000   15.0000000 -0.0000133 -0.0000000 0.0000000 0 -0.0000000
 68.000  45   1004.32  day,levels,pres0
-999.0000000 1115.0000000 -0.0000319  0.0000000 0.0000000 0 -0.0007291
-999.0000000 1090.0000000 -0.0000319  0.0000000 0.0000000 0 -0.0007458
-999.0000000 1065.0000000 -0.0000319  0.0000000 0.0000000 0 -0.0007633
-999.0000000 1040.0000000 -0.0000319  0.0000000 0.0000000 0 -0.0007817
-999.0000000 1015.0000000 -0.0000319  0.0000000 0.0000000 0 -0.0008009
-999.0000000  990.0000000 -0.0000319  0.0000000 0.0000000 0 -0.0008211
-999.0000000  965.0000000  0.0000047  0.0000000 0.0000000 0 -0.0028435
-999.0000000  940.0000000  0.0000260 -0.0000000 0.0000000 0 -0.0053626
-999.0000000  915.0000000  0.0000362 -0.0000000 0.0000000 0 -0.0071267
-999.0000000  890.0000000  0.0000461 -0.0000000 0.0000000 0 -0.0071832
-999.0000000  865.0000000  0.0000466 -0.0000000 0.0000000 0 -0.0058840
-999.0000000  840.0000000  0.0000341 -0.0000000 0.0000000 0 -0.0044574
-999.0000000  815.0000000  0.0000234 -0.0000000 0.0000000 0 -0.0036085
-999.0000000  790.0000000  0.0000160 -0.0000000 0.0000000 0 -0.0033317
-999.0000000  765.0000000  0.0000083 -0.0000000 0.0000000 0 -0.0035588
-999.0000000  740.0000000  0.0000013 -0.0000000 0.0000000 0 -0.0044205
-999.0000000  715.0000000 -0.0000035  0.0000000 0.0000000 0 -0.0060572
-999.0000000  690.0000000 -0.0000056  0.0000000 0.0000000 0 -0.0083890
-999.0000000  665.0000000 -0.0000044  0.0000000 0.0000000 0 -0.0110642
-999.0000000  640.0000000 -0.0000020 -0.0000000 0.0000000 0 -0.0135568
-999.0000000  615.0000000  0.0000010 -0.0000000 0.0000000 0 -0.0151773
-999.0000000  590.0000000  0.0000021 -0.0000000 0.0000000 0 -0.0153287
-999.0000000  565.0000000  0.0000008 -0.0000000 0.0000000 0 -0.0136129
-999.0000000  540.0000000 -0.0000012 -0.0000000 0.0000000 0 -0.0099211
-999.0000000  515.0000000 -0.0000040 -0.0000000 0.0000000 0 -0.0046152
-999.0000000  490.0000000 -0.0000089 -0.0000000 0.0000000 0  0.0011916
-999.0000000  465.0000000 -0.0000160 -0.0000000 0.0000000 0  0.0055855
-999.0000000  440.0000000 -0.0000224 -0.0000000 0.0000000 0  0.0071894
-999.0000000  415.0000000 -0.0000264 -0.0000000 0.0000000 0  0.0058317
-999.0000000  390.0000000 -0.0000269 -0.0000000 0.0000000 0  0.0024322
-999.0000000  365.0000000 -0.0000240 -0.0000000 0.0000000 0 -0.0013514
-999.0000000  340.0000000 -0.0000213 -0.0000000 0.0000000 0 -0.0047248
-999.0000000  315.0000000 -0.0000206 -0.0000000 0.0000000 0 -0.0083097
-999.0000000  290.0000000 -0.0000217 -0.0000000 0.0000000 0 -0.0129504
-999.0000000  265.0000000 -0.0000229 -0.0000000 0.0000000 0 -0.0186005
-999.0000000  240.0000000 -0.0000195 -0.0000000 0.0000000 0 -0.0243510
-999.0000000  215.0000000 -0.0000109 -0.0000000 0.0000000 0 -0.0301681
-999.0000000  190.0000000 -0.0000010 -0.0000000 0.0000000 0 -0.0363361
-999.0000000  165.0000000  0.0000067 -0.0000000 0.0000000 0 -0.0375609
-999.0000000  140.0000000  0.0000121  0.0000000 0.0000000 0 -0.0248213
-999.0000000  115.0000000  0.0000115  0.0000000 0.0000000 0 -0.0073324
-999.0000000   90.0000000  0.0000015 -0.0000000 0.0000000 0 -0.0000011
-999.0000000   65.0000000 -0.0000036  0.0000000 0.0000000 0 -0.0000000
-999.0000000   40.0000000 -0.0000017 -0.0000000 0.0000000 0 -0.0000000
-999.0000000   15.0000000  0.0000060  0.0000000 0.0000000 0 -0.0000000
 68.125  45   1006.74  day,levels,pres0
-999.0000000 1115.0000000 -0.0000302  0.0000000 0.0000000 0 -0.0011907
-999.0000000 1090.0000000 -0.0000302  0.0000000 0.0000000 0 -0.0012180
-999.0000000 1065.0000000 -0.0000302  0.0000000 0.0000000 0 -0.0012466
-999.0000000 1040.0000000 -0.0000302  0.0000000 0.0000000 0 -0.0012766
-999.0000000 1015.0000000 -0.0000302  0.0000000 0.0000000 0 -0.0013080
-999.0000000  990.0000000 -0.0000302  0.0000000 0.0000000 0 -0.0013410
-999.0000000  965.0000000  0.0000080  0.0000000 0.0000000 0 -0.0038975
-999.0000000  940.0000000  0.0000385 -0.0000000 0.0000000 0 -0.0066524
-999.0000000  915.0000000  0.0000453 -0.0000000 0.0000000 0 -0.0085039
-999.0000000  890.0000000  0.0000407 -0.0000000 0.0000000 0 -0.0088380
-999.0000000  865.0000000  0.0000263 -0.0000000 0.0000000 0 -0.0078073
-999.0000000  840.0000000  0.0000059 -0.0000000 0.0000000 0 -0.0062007
-999.0000000  815.0000000 -0.0000103 -0.0000000 0.0000000 0 -0.0047714
-999.0000000  790.0000000 -0.0000204 -0.0000000 0.0000000 0 -0.0038139
-999.0000000  765.0000000 -0.0000295 -0.0000000 0.0000000 0 -0.0033458
-999.0000000  740.0000000 -0.0000382  0.0000000 0.0000000 0 -0.0033519
-999.0000000  715.0000000 -0.0000459  0.0000000 0.0000000 0 -0.0038155
-999.0000000  690.0000000 -0.0000497  0.0000000 0.0000000 0 -0.0046212
-999.0000000  665.0000000 -0.0000483  0.0000000 0.0000000 0 -0.0055005
-999.0000000  640.0000000 -0.0000445  0.0000000 0.0000000 0 -0.0061758
-999.0000000  615.0000000 -0.0000388  0.0000000 0.0000000 0 -0.0064085
-999.0000000  590.0000000 -0.0000340  0.0000000 0.0000000 0 -0.0059330
-999.0000000  565.0000000 -0.0000313 -0.0000000 0.0000000 0 -0.0044577
-999.0000000  540.0000000 -0.0000307 -0.0000000 0.0000000 0 -0.0018387
-999.0000000  515.0000000 -0.0000322 -0.0000000 0.0000000 0  0.0017623
-999.0000000  490.0000000 -0.0000335 -0.0000000 0.0000000 0  0.0055993
-999.0000000  465.0000000 -0.0000342 -0.0000000 0.0000000 0  0.0083198
-999.0000000  440.0000000 -0.0000354 -0.0000000 0.0000000 0  0.0090722
-999.0000000  415.0000000 -0.0000363 -0.0000000 0.0000000 0  0.0080426
-999.0000000  390.0000000 -0.0000330 -0.0000000 0.0000000 0  0.0060860
-999.0000000  365.0000000 -0.0000257 -0.0000000 0.0000000 0  0.0044015
-999.0000000  340.0000000 -0.0000222 -0.0000000 0.0000000 0  0.0037037
-999.0000000  315.0000000 -0.0000245 -0.0000000 0.0000000 0  0.0037394
-999.0000000  290.0000000 -0.0000272 -0.0000000 0.0000000 0  0.0034999
-999.0000000  265.0000000 -0.0000265 -0.0000000 0.0000000 0  0.0018547
-999.0000000  240.0000000 -0.0000200 -0.0000000 0.0000000 0 -0.0013983
-999.0000000  215.0000000 -0.0000122 -0.0000000 0.0000000 0 -0.0062149
-999.0000000  190.0000000 -0.0000068  0.0000000 0.0000000 0 -0.0127933
-999.0000000  165.0000000  0.0000023 -0.0000000 0.0000000 0 -0.0174361
-999.0000000  140.0000000  0.0000108 -0.0000000 0.0000000 0 -0.0138257
-999.0000000  115.0000000  0.0000128  0.0000000 0.0000000 0 -0.0054182
-999.0000000   90.0000000  0.0000208  0.0000000 0.0000000 0 -0.0000013
-999.0000000   65.0000000  0.0000264 -0.0000000 0.0000000 0 -0.0000000
-999.0000000   40.0000000  0.0000318  0.0000000 0.0000000 0 -0.0000000
-999.0000000   15.0000000  0.0000252  0.0000000 0.0000000 0 -0.0000000
 68.250  45   1005.87  day,levels,pres0
-999.0000000 1115.0000000 -0.0000127  0.0000000 0.0000000 0 -0.0011720
-999.0000000 1090.0000000 -0.0000127  0.0000000 0.0000000 0 -0.0011989
-999.0000000 1065.0000000 -0.0000127  0.0000000 0.0000000 0 -0.0012270
-999.0000000 1040.0000000 -0.0000127  0.0000000 0.0000000 0 -0.0012565
-999.0000000 1015.0000000 -0.0000127  0.0000000 0.0000000 0 -0.0012875
-999.0000000  990.0000000 -0.0000127  0.0000000 0.0000000 0 -0.0013200
-999.0000000  965.0000000 -0.0000042 -0.0000000 0.0000000 0 -0.0038351
-999.0000000  940.0000000  0.0000152 -0.0000000 0.0000000 0 -0.0063688
-999.0000000  915.0000000  0.0000206 -0.0000000 0.0000000 0 -0.0080392
-999.0000000  890.0000000  0.0000205 -0.0000000 0.0000000 0 -0.0085393
-999.0000000  865.0000000  0.0000127 -0.0000000 0.0000000 0 -0.0079035
-999.0000000  840.0000000  0.0000011 -0.0000000 0.0000000 0 -0.0065758
-999.0000000  815.0000000 -0.0000044 -0.0000000 0.0000000 0 -0.0052310
-999.0000000  790.0000000 -0.0000053 -0.0000000 0.0000000 0 -0.0043003
-999.0000000  765.0000000 -0.0000055 -0.0000000 0.0000000 0 -0.0038574
-999.0000000  740.0000000 -0.0000059 -0.0000000 0.0000000 0 -0.0037994
-999.0000000  715.0000000 -0.0000069  0.0000000 0.0000000 0 -0.0040136
-999.0000000  690.0000000 -0.0000083  0.0000000 0.0000000 0 -0.0043902
-999.0000000  665.0000000 -0.0000102  0.0000000 0.0000000 0 -0.0047885
-999.0000000  640.0000000 -0.0000125  0.0000000 0.0000000 0 -0.0051918
-999.0000000  615.0000000 -0.0000147  0.0000000 0.0000000 0 -0.0057596
-999.0000000  590.0000000 -0.0000155  0.0000000 0.0000000 0 -0.0064427
-999.0000000  565.0000000 -0.0000146 -0.0000000 0.0000000 0 -0.0068549
-999.0000000  540.0000000 -0.0000140 -0.0000000 0.0000000 0 -0.0066880
-999.0000000  515.0000000 -0.0000145 -0.0000000 0.0000000 0 -0.0059099
-999.0000000  490.0000000 -0.0000160 -0.0000000 0.0000000 0 -0.0049656
-999.0000000  465.0000000 -0.0000182 -0.0000000 0.0000000 0 -0.0047744
-999.0000000  440.0000000 -0.0000199 -0.0000000 0.0000000 0 -0.0057719
-999.0000000  415.0000000 -0.0000203 -0.0000000 0.0000000 0 -0.0075044
-999.0000000  390.0000000 -0.0000191 -0.0000000 0.0000000 0 -0.0091757
-999.0000000  365.0000000 -0.0000168 -0.0000000 0.0000000 0 -0.0099340
-999.0000000  340.0000000 -0.0000166 -0.0000000 0.0000000 0 -0.0090330
-999.0000000  315.0000000 -0.0000193 -0.0000000 0.0000000 0 -0.0062467
-999.0000000  290.0000000 -0.0000228 -0.0000000 0.0000000 0 -0.0027382
-999.0000000  265.0000000 -0.0000251 -0.0000000 0.0000000 0 -0.0007900
-999.0000000  240.0000000 -0.0000241 -0.0000000 0.0000000 0 -0.0016107
-999.0000000  215.0000000 -0.0000174 -0.0000000 0.0000000 0 -0.0051141
-999.0000000  190.0000000 -0.0000020 -0.0000000 0.0000000 0 -0.0111164
-999.0000000  165.0000000  0.0000149 -0.0000000 0.0000000 0 -0.0161870
-999.0000000  140.0000000  0.0000168 -0.0000000 0.0000000 0 -0.0139342
-999.0000000  115.0000000  0.0000073  0.0000000 0.0000000 0 -0.0063718
-999.0000000   90.0000000  0.0000092  0.0000000 0.0000000 0  0.0000019
-999.0000000   65.0000000  0.0000121 -0.0000000 0.0000000 0 -0.0000000
-999.0000000   40.0000000  0.0000114  0.0000000 0.0000000 0 -0.0000000
-999.0000000   15.0000000  0.0000020  0.0000000 0.0000000 0 -0.0000000
 68.375  45   1005.28  day,levels,pres0
-999.0000000 1115.0000000  0.0000052  0.0000000 0.0000000 0 -0.0004639
-999.0000000 1090.0000000  0.0000052  0.0000000 0.0000000 0 -0.0004745
-999.0000000 1065.0000000  0.0000052  0.0000000 0.0000000 0 -0.0004856
-999.0000000 1040.0000000  0.0000052  0.0000000 0.0000000 0 -0.0004973
-999.0000000 1015.0000000  0.0000052  0.0000000 0.0000000 0 -0.0005096
-999.0000000  990.0000000  0.0000052  0.0000000 0.0000000 0 -0.0005224
-999.0000000  965.0000000 -0.0000160 -0.0000000 0.0000000 0 -0.0017271
-999.0000000  940.0000000 -0.0000079 -0.0000000 0.0000000 0 -0.0031725
-999.0000000  915.0000000 -0.0000040 -0.0000000 0.0000000 0 -0.0042363
-999.0000000  890.0000000  0.0000002  0.0000000 0.0000000 0 -0.0045747
-999.0000000  865.0000000 -0.0000011 -0.0000000 0.0000000 0 -0.0042807
-999.0000000  840.0000000 -0.0000039 -0.0000000 0.0000000 0 -0.0039020
-999.0000000  815.0000000  0.0000012 -0.0000000 0.0000000 0 -0.0040625
-999.0000000  790.0000000  0.0000096 -0.0000000 0.0000000 0 -0.0050290
-999.0000000  765.0000000  0.0000184 -0.0000000 0.0000000 0 -0.0065902
-999.0000000  740.0000000  0.0000262 -0.0000000 0.0000000 0 -0.0082500
-999.0000000  715.0000000  0.0000320 -0.0000000 0.0000000 0 -0.0095252
-999.0000000  690.0000000  0.0000331 -0.0000000 0.0000000 0 -0.0101823
-999.0000000  665.0000000  0.0000280 -0.0000000 0.0000000 0 -0.0102193
-999.0000000  640.0000000  0.0000197 -0.0000000 0.0000000 0 -0.0098092
-999.0000000  615.0000000  0.0000093  0.0000000 0.0000000 0 -0.0093052
-999.0000000  590.0000000  0.0000028  0.0000000 0.0000000 0 -0.0088609
-999.0000000  565.0000000  0.0000019  0.0000000 0.0000000 0 -0.0083005
-999.0000000  540.0000000  0.0000024 -0.0000000 0.0000000 0 -0.0075801
-999.0000000  515.0000000  0.0000029 -0.0000000 0.0000000 0 -0.0069665
-999.0000000  490.0000000  0.0000012 -0.0000000 0.0000000 0 -0.0070111
-999.0000000  465.0000000 -0.0000025 -0.0000000 0.0000000 0 -0.0084150
-999.0000000  440.0000000 -0.0000046 -0.0000000 0.0000000 0 -0.0112708
-999.0000000  415.0000000 -0.0000042 -0.0000000 0.0000000 0 -0.0147289
-999.0000000  390.0000000 -0.0000049 -0.0000000 0.0000000 0 -0.0174900
-999.0000000  365.0000000 -0.0000077 -0.0000000 0.0000000 0 -0.0182354
-999.0000000  340.0000000 -0.0000108 -0.0000000 0.0000000 0 -0.0162382
-999.0000000  315.0000000 -0.0000139 -0.0000000 0.0000000 0 -0.0119677
-999.0000000  290.0000000 -0.0000181 -0.0000000 0.0000000 0 -0.0074610
-999.0000000  265.0000000 -0.0000235 -0.0000000 0.0000000 0 -0.0057031
-999.0000000  240.0000000 -0.0000283 -0.0000000 0.0000000 0 -0.0085891
-999.0000000  215.0000000 -0.0000226 -0.0000000 0.0000000 0 -0.0156505
-999.0000000  190.0000000  0.0000030 -0.0000000 0.0000000 0 -0.0237022
-999.0000000  165.0000000  0.0000276 -0.0000000 0.0000000 0 -0.0260710
-999.0000000  140.0000000  0.0000228 -0.0000000 0.0000000 0 -0.0174762
-999.0000000  115.0000000  0.0000017  0.0000000 0.0000000 0 -0.0057617
-999.0000000   90.0000000 -0.0000026  0.0000000 0.0000000 0 -0.0000023
-999.0000000   65.0000000 -0.0000023 -0.0000000 0.0000000 0 -0.0000000
-999.0000000   40.0000000 -0.0000091 -0.0000000 0.0000000 0 -0.0000000
-999.0000000   15.0000000 -0.0000212 -0.0000000 0.0000000 0 -0.0000000
 68.500  45   1006.85  day,levels,pres0
-999.0000000 1115.0000000  0.0001310 -0.0000000 0.0000000 0  0.0008449
-999.0000000 1090.0000000  0.0001310 -0.0000000 0.0000000 0  0.0008643
-999.0000000 1065.0000000  0.0001310 -0.0000000 0.0000000 0  0.0008846
-999.0000000 1040.0000000  0.0001310 -0.0000000 0.0000000 0  0.0009059
-999.0000000 1015.0000000  0.0001310 -0.0000000 0.0000000 0  0.0009282
-999.0000000  990.0000000  0.0001310 -0.0000000 0.0000000 0  0.0009516
-999.0000000  965.0000000  0.0000861 -0.0000000 0.0000000 0  0.0020034
-999.0000000  940.0000000  0.0000485  0.0000000 0.0000000 0  0.0024326
-999.0000000  915.0000000  0.0000207  0.0000000 0.0000000 0  0.0026623
-999.0000000  890.0000000  0.0000009  0.0000001 0.0000000 0  0.0030952
-999.0000000  865.0000000 -0.0000095  0.0000001 0.0000000 0  0.0035285
-999.0000000  840.0000000 -0.0000138  0.0000000 0.0000000 0  0.0032971
-999.0000000  815.0000000 -0.0000206  0.0000000 0.0000000 0  0.0018803
-999.0000000  790.0000000 -0.0000166  0.0000000 0.0000000 0 -0.0007444
-999.0000000  765.0000000 -0.0000015 -0.0000000 0.0000000 0 -0.0040071
-999.0000000  740.0000000  0.0000120 -0.0000000 0.0000000 0 -0.0070240
-999.0000000  715.0000000  0.0000182 -0.0000000 0.0000000 0 -0.0090202
-999.0000000  690.0000000  0.0000208 -0.0000000 0.0000000 0 -0.0096908
-999.0000000  665.0000000  0.0000198  0.0000000 0.0000000 0 -0.0091888
-999.0000000  640.0000000  0.0000176  0.0000000 0.0000000 0 -0.0078754
-999.0000000  615.0000000  0.0000150  0.0000000 0.0000000 0 -0.0062525
-999.0000000  590.0000000  0.0000149  0.0000000 0.0000000 0 -0.0046574
-999.0000000  565.0000000  0.0000182  0.0000000 0.0000000 0 -0.0031506
-999.0000000  540.0000000  0.0000229  0.0000000 0.0000000 0 -0.0019489
-999.0000000  515.0000000  0.0000282 -0.0000000 0.0000000 0 -0.0015947
-999.0000000  490.0000000  0.0000323 -0.0000000 0.0000000 0 -0.0027590
-999.0000000  465.0000000  0.0000344 -0.0000000 0.0000000 0 -0.0059652
-999.0000000  440.0000000  0.0000336 -0.0000000 0.0000000 0 -0.0110256
-999.0000000  415.0000000  0.0000289 -0.0000000 0.0000000 0 -0.0167845
-999.0000000  390.0000000  0.0000186 -0.0000000 0.0000000 0 -0.0214834
-999.0000000  365.0000000  0.0000045 -0.0000000 0.0000000 0 -0.0233557
-999.0000000  340.0000000 -0.0000049 -0.0000000 0.0000000 0 -0.0216128
-999.0000000  315.0000000 -0.0000069 -0.0000000 0.0000000 0 -0.0172322
-999.0000000  290.0000000 -0.0000064 -0.0000000 0.0000000 0 -0.0130767
-999.0000000  265.0000000 -0.0000070 -0.0000000 0.0000000 0 -0.0128765
-999.0000000  240.0000000 -0.0000083 -0.0000000 0.0000000 0 -0.0192652
-999.0000000  215.0000000  0.0000005 -0.0000000 0.0000000 0 -0.0313906
-999.0000000  190.0000000  0.0000221 -0.0000000 0.0000000 0 -0.0426593
-999.0000000  165.0000000  0.0000307 -0.0000000 0.0000000 0 -0.0421820
-999.0000000  140.0000000  0.0000144 -0.0000000 0.0000000 0 -0.0248008
-999.0000000  115.0000000 -0.0000046  0.0000000 0.0000000 0 -0.0061372
-999.0000000   90.0000000 -0.0000097  0.0000000 0.0000000 0 -0.0000055
-999.0000000   65.0000000 -0.0000070  0.0000000 0.0000000 0 -0.0000000
-999.0000000   40.0000000  0.0000062  0.0000000 0.0000000 0 -0.0000000
-999.0000000   15.0000000  0.0000135  0.0000000 0.0000000 0 -0.0000000
 68.625  45   1006.34  day,levels,pres0
-999.0000000 1115.0000000  0.0002568 -0.0000000 0.0000000 0  0.0000515
-999.0000000 1090.0000000  0.0002568 -0.0000000 0.0000000 0  0.0000527
-999.0000000 1065.0000000  0.0002568 -0.0000000 0.0000000 0  0.0000540
-999.0000000 1040.0000000  0.0002568 -0.0000000 0.0000000 0  0.0000552
-999.0000000 1015.0000000  0.0002568 -0.0000000 0.0000000 0  0.0000566
-999.0000000  990.0000000  0.0002568 -0.0000000 0.0000000 0  0.0000580
-999.0000000  965.0000000  0.0001882 -0.0000000 0.0000000 0  0.0000343
-999.0000000  940.0000000  0.0001050  0.0000000 0.0000000 0 -0.0001590
-999.0000000  915.0000000  0.0000456  0.0000001 0.0000000 0 -0.0003187
-999.0000000  890.0000000  0.0000018  0.0000001 0.0000000 0 -0.0002020
-999.0000000  865.0000000 -0.0000177  0.0000001 0.0000000 0  0.0000878
-999.0000000  840.0000000 -0.0000235  0.0000001 0.0000000 0  0.0002800
-999.0000000  815.0000000 -0.0000424  0.0000001 0.0000000 0  0.0002142
-999.0000000  790.0000000 -0.0000428  0.0000000 0.0000000 0 -0.0001461
-999.0000000  765.0000000 -0.0000216 -0.0000000 0.0000000 0 -0.0006336
-999.0000000  740.0000000 -0.0000026 -0.0000000 0.0000000 0 -0.0008889
-999.0000000  715.0000000  0.0000041  0.0000000 0.0000000 0 -0.0004885
-999.0000000  690.0000000  0.0000083  0.0000000 0.0000000 0  0.0006880
-999.0000000  665.0000000  0.0000116  0.0000000 0.0000000 0  0.0023712
-999.0000000  640.0000000  0.0000156  0.0000000 0.0000000 0  0.0041457
-999.0000000  615.0000000  0.0000209  0.0000000 0.0000000 0  0.0055057
-999.0000000  590.0000000  0.0000273  0.0000000 0.0000000 0  0.0061618
-999.0000000  565.0000000  0.0000351  0.0000000 0.0000000 0  0.0061419
-999.0000000  540.0000000  0.0000440  0.0000000 0.0000000 0  0.0053070
-999.0000000  515.0000000  0.0000541  0.0000000 0.0000000 0  0.0032259
-999.0000000  490.0000000  0.0000640 -0.0000000 0.0000000 0 -0.0004103
-999.0000000  465.0000000  0.0000717 -0.0000000 0.0000000 0 -0.0055022
-999.0000000  440.0000000  0.0000721 -0.0000000 0.0000000 0 -0.0112794
-999.0000000  415.0000000  0.0000620 -0.0000000 0.0000000 0 -0.0161731
-999.0000000  390.0000000  0.0000419 -0.0000000 0.0000000 0 -0.0183502
-999.0000000  365.0000000  0.0000162 -0.0000000 0.0000000 0 -0.0163068
-999.0000000  340.0000000  0.0000004 -0.0000000 0.0000000 0 -0.0098990
-999.0000000  315.0000000 -0.0000005 -0.0000000 0.0000000 0 -0.0009694
-999.0000000  290.0000000  0.0000048 -0.0000000 0.0000000 0  0.0073314
-999.0000000  265.0000000  0.0000093 -0.0000000 0.0000000 0  0.0112596
-999.0000000  240.0000000  0.0000116 -0.0000000 0.0000000 0  0.0080083
-999.0000000  215.0000000  0.0000235 -0.0000000 0.0000000 0 -0.0010090
-999.0000000  190.0000000  0.0000409 -0.0000000 0.0000000 0 -0.0089923
-999.0000000  165.0000000  0.0000334 -0.0000000 0.0000000 0 -0.0091480
-999.0000000  140.0000000  0.0000059  0.0000000 0.0000000 0 -0.0042178
-999.0000000  115.0000000 -0.0000108  0.0000000 0.0000000 0 -0.0007115
-999.0000000   90.0000000 -0.0000167  0.0000000 0.0000000 0  0.0000001
-999.0000000   65.0000000 -0.0000116  0.0000000 0.0000000 0 -0.0000000
-999.0000000   40.0000000  0.0000215  0.0000000 0.0000000 0 -0.0000000
-999.0000000   15.0000000  0.0000481  0.0000000 0.0000000 0 -0.0000000
 68.750  45   1002.33  day,levels,pres0
-999.0000000 1115.0000000  0.0001179 -0.0000000 0.0000000 0 -0.0007910
-999.0000000 1090.0000000  0.0001179 -0.0000000 0.0000000 0 -0.0008091
-999.0000000 1065.0000000  0.0001179 -0.0000000 0.0000000 0 -0.0008281
-999.0000000 1040.0000000  0.0001179 -0.0000000 0.0000000 0 -0.0008480
-999.0000000 1015.0000000  0.0001179 -0.0000000 0.0000000 0 -0.0008689
-999.0000000  990.0000000  0.0001179 -0.0000000 0.0000000 0 -0.0008909
-999.0000000  965.0000000  0.0001029 -0.0000000 0.0000000 0 -0.0026950
-999.0000000  940.0000000  0.0000658  0.0000000 0.0000000 0 -0.0046430
-999.0000000  915.0000000  0.0000373  0.0000000 0.0000000 0 -0.0070345
-999.0000000  890.0000000  0.0000161  0.0000001 0.0000000 0 -0.0098175
-999.0000000  865.0000000  0.0000023  0.0000001 0.0000000 0 -0.0121919
-999.0000000  840.0000000 -0.0000070  0.0000001 0.0000000 0 -0.0133299
-999.0000000  815.0000000 -0.0000141  0.0000000 0.0000000 0 -0.0131439
-999.0000000  790.0000000 -0.0000116  0.0000000 0.0000000 0 -0.0114580
-999.0000000  765.0000000  0.0000016 -0.0000000 0.0000000 0 -0.0081659
-999.0000000  740.0000000  0.0000090 -0.0000000 0.0000000 0 -0.0040045
-999.0000000  715.0000000  0.0000047  0.0000000 0.0000000 0  0.0001409
-999.0000000  690.0000000 -0.0000005  0.0000000 0.0000000 0  0.0038934
-999.0000000  665.0000000 -0.0000045  0.0000000 0.0000000 0  0.0071265
-999.0000000  640.0000000 -0.0000070  0.0000000 0.0000000 0  0.0095355
-999.0000000  615.0000000 -0.0000076  0.0000000 0.0000000 0  0.0106876
-999.0000000  590.0000000 -0.0000068  0.0000000 0.0000000 0  0.0103786
-999.0000000  565.0000000 -0.0000037  0.0000000 0.0000000 0  0.0087330
-999.0000000  540.0000000  0.0000040  0.0000000 0.0000000 0  0.0057455
-999.0000000  515.0000000  0.0000172  0.0000000 0.0000000 0  0.0012274
-999.0000000  490.0000000  0.0000323 -0.0000000 0.0000000 0 -0.0046506
-999.0000000  465.0000000  0.0000464 -0.0000000 0.0000000 0 -0.0110441
-999.0000000  440.0000000  0.0000522 -0.0000000 0.0000000 0 -0.0164736
-999.0000000  415.0000000  0.0000473 -0.0000000 0.0000000 0 -0.0188588
-999.0000000  390.0000000  0.0000368 -0.0000000 0.0000000 0 -0.0163294
-999.0000000  365.0000000  0.0000243 -0.0000000 0.0000000 0 -0.0079244
-999.0000000  340.0000000  0.0000153 -0.0000000 0.0000000 0  0.0055885
-999.0000000  315.0000000  0.0000111 -0.0000000 0.0000000 0  0.0212881
-999.0000000  290.0000000  0.0000072 -0.0000000 0.0000000 0  0.0355417
-999.0000000  265.0000000  0.0000029 -0.0000000 0.0000000 0  0.0445507
-999.0000000  240.0000000  0.0000061 -0.0000000 0.0000000 0  0.0454773
-999.0000000  215.0000000  0.0000235 -0.0000000 0.0000000 0  0.0402020
-999.0000000  190.0000000  0.0000371 -0.0000000 0.0000000 0  0.0348424
-999.0000000  165.0000000  0.0000255 -0.0000000 0.0000000 0  0.0314410
-999.0000000  140.0000000  0.0000024  0.0000000 0.0000000 0  0.0200224
-999.0000000  115.0000000 -0.0000099  0.0000000 0.0000000 0  0.0055245
-999.0000000   90.0000000 -0.0000176 -0.0000000 0.0000000 0  0.0000092
-999.0000000   65.0000000 -0.0000140  0.0000000 0.0000000 0 -0.0000000
-999.0000000   40.0000000  0.0000013  0.0000000 0.0000000 0 -0.0000000
-999.0000000   15.0000000  0.0000184  0.0000000 0.0000000 0 -0.0000000
 68.875  45   1000.84  day,levels,pres0
-999.0000000 1115.0000000 -0.0000208  0.0000000 0.0000000 0 -0.0000086
-999.0000000 1090.0000000 -0.0000208  0.0000000 0.0000000 0 -0.0000088
-999.0000000 1065.0000000 -0.0000208  0.0000000 0.0000000 0 -0.0000090
-999.0000000 1040.0000000 -0.0000208  0.0000000 0.0000000 0 -0.0000092
-999.0000000 1015.0000000 -0.0000208  0.0000000 0.0000000 0 -0.0000094
-999.0000000  990.0000000 -0.0000208  0.0000000 0.0000000 0 -0.0000097
-999.0000000  965.0000000  0.0000178  0.0000000 0.0000000 0 -0.0002246
-999.0000000  940.0000000  0.0000265  0.0000000 0.0000000 0 -0.0011345
-999.0000000  915.0000000  0.0000288 -0.0000000 0.0000000 0 -0.0030442
-999.0000000  890.0000000  0.0000302 -0.0000000 0.0000000 0 -0.0056796
-999.0000000  865.0000000  0.0000221  0.0000000 0.0000000 0 -0.0082726
-999.0000000  840.0000000  0.0000094  0.0000000 0.0000000 0 -0.0099976
-999.0000000  815.0000000  0.0000144  0.0000000 0.0000000 0 -0.0104127
-999.0000000  790.0000000  0.0000201 -0.0000000 0.0000000 0 -0.0093991
-999.0000000  765.0000000  0.0000252 -0.0000000 0.0000000 0 -0.0072188
-999.0000000  740.0000000  0.0000210 -0.0000000 0.0000000 0 -0.0044364
-999.0000000  715.0000000  0.0000055 -0.0000000 0.0000000 0 -0.0014710
-999.0000000  690.0000000 -0.0000092  0.0000000 0.0000000 0  0.0014410
-999.0000000  665.0000000 -0.0000206  0.0000000 0.0000000 0  0.0040307
-999.0000000  640.0000000 -0.0000297  0.0000000 0.0000000 0  0.0059644
-999.0000000  615.0000000 -0.0000364  0.0000000 0.0000000 0  0.0068925
-999.0000000  590.0000000 -0.0000412  0.0000000 0.0000000 0  0.0066809
-999.0000000  565.0000000 -0.0000428  0.0000000 0.0000000 0  0.0054901
-999.0000000  540.0000000 -0.0000363  0.0000000 0.0000000 0  0.0033677
-999.0000000  515.0000000 -0.0000199  0.0000000 0.0000000 0  0.0001304
-999.0000000  490.0000000  0.0000004 -0.0000000 0.0000000 0 -0.0043856
-999.0000000  465.0000000  0.0000210 -0.0000000 0.0000000 0 -0.0100955
-999.0000000  440.0000000  0.0000323 -0.0000000 0.0000000 0 -0.0162208
-999.0000000  415.0000000  0.0000326 -0.0000000 0.0000000 0 -0.0210957
-999.0000000  390.0000000  0.0000318 -0.0000000 0.0000000 0 -0.0228396
-999.0000000  365.0000000  0.0000324 -0.0000000 0.0000000 0 -0.0200691
-999.0000000  340.0000000  0.0000301 -0.0000000 0.0000000 0 -0.0131795
-999.0000000  315.0000000  0.0000225 -0.0000000 0.0000000 0 -0.0048584
-999.0000000  290.0000000  0.0000095 -0.0000000 0.0000000 0  0.0016480
-999.0000000  265.0000000 -0.0000036 -0.0000000 0.0000000 0  0.0037164
-999.0000000  240.0000000  0.0000008 -0.0000000 0.0000000 0  0.0005569
-999.0000000  215.0000000  0.0000238 -0.0000000 0.0000000 0 -0.0043307
-999.0000000  190.0000000  0.0000336 -0.0000000 0.0000000 0 -0.0050150
-999.0000000  165.0000000  0.0000178 -0.0000000 0.0000000 0 -0.0004603
-999.0000000  140.0000000 -0.0000012  0.0000000 0.0000000 0  0.0024377
-999.0000000  115.0000000 -0.0000091  0.0000000 0.0000000 0  0.0014326
-999.0000000   90.0000000 -0.0000185 -0.0000000 0.0000000 0  0.0000009
-999.0000000   65.0000000 -0.0000164  0.0000000 0.0000000 0 -0.0000000
-999.0000000   40.0000000 -0.0000189 -0.0000000 0.0000000 0 -0.0000000
-999.0000000   15.0000000 -0.0000113 -0.0000000 0.0000000 0 -0.0000000
 69.000  45   1003.84  day,levels,pres0
-999.0000000 1115.0000000 -0.0000476  0.0000000 0.0000000 0  0.0004894
-999.0000000 1090.0000000 -0.0000476  0.0000000 0.0000000 0  0.0005006
-999.0000000 1065.0000000 -0.0000476  0.0000000 0.0000000 0  0.0005124
-999.0000000 1040.0000000 -0.0000476  0.0000000 0.0000000 0  0.0005247
-999.0000000 1015.0000000 -0.0000476  0.0000000 0.0000000 0  0.0005376
-999.0000000  990.0000000 -0.0000476  0.0000000 0.0000000 0  0.0005512
-999.0000000  965.0000000 -0.0000088  0.0000000 0.0000000 0  0.0011420
-999.0000000  940.0000000  0.0000050 -0.0000000 0.0000000 0  0.0004645
-999.0000000  915.0000000  0.0000086 -0.0000000 0.0000000 0 -0.0019528
-999.0000000  890.0000000  0.0000090 -0.0000001 0.0000000 0 -0.0056704
-999.0000000  865.0000000  0.0000063 -0.0000000 0.0000000 0 -0.0094619
-999.0000000  840.0000000  0.0000048 -0.0000000 0.0000000 0 -0.0121690
-999.0000000  815.0000000  0.0000123 -0.0000000 0.0000000 0 -0.0132706
-999.0000000  790.0000000  0.0000151 -0.0000000 0.0000000 0 -0.0127329
-999.0000000  765.0000000  0.0000110 -0.0000000 0.0000000 0 -0.0110115
-999.0000000  740.0000000  0.0000039 -0.0000000 0.0000000 0 -0.0087083
-999.0000000  715.0000000 -0.0000037 -0.0000000 0.0000000 0 -0.0061657
-999.0000000  690.0000000 -0.0000105 -0.0000000 0.0000000 0 -0.0035915
-999.0000000  665.0000000 -0.0000158 -0.0000000 0.0000000 0 -0.0012231
-999.0000000  640.0000000 -0.0000187 -0.0000000 0.0000000 0  0.0006861
-999.0000000  615.0000000 -0.0000189  0.0000000 0.0000000 0  0.0018795
-999.0000000  590.0000000 -0.0000213  0.0000000 0.0000000 0  0.0022789
-999.0000000  565.0000000 -0.0000271  0.0000000 0.0000000 0  0.0020533
-999.0000000  540.0000000 -0.0000335  0.0000000 0.0000000 0  0.0012867
-999.0000000  515.0000000 -0.0000379 -0.0000000 0.0000000 0 -0.0001911
-999.0000000  490.0000000 -0.0000330 -0.0000000 0.0000000 0 -0.0028278
-999.0000000  465.0000000 -0.0000178 -0.0000000 0.0000000 0 -0.0072343
-999.0000000  440.0000000 -0.0000055 -0.0000000 0.0000000 0 -0.0132294
-999.0000000  415.0000000  0.0000004 -0.0000000 0.0000000 0 -0.0193583
-999.0000000  390.0000000  0.0000052 -0.0000000 0.0000000 0 -0.0236154
-999.0000000  365.0000000  0.0000105 -0.0000000 0.0000000 0 -0.0242209
-999.0000000  340.0000000  0.0000133 -0.0000000 0.0000000 0 -0.0214338
-999.0000000  315.0000000  0.0000122 -0.0000000 0.0000000 0 -0.0181609
-999.0000000  290.0000000  0.0000059 -0.0000000 0.0000000 0 -0.0175038
-999.0000000  265.0000000 -0.0000015 -0.0000000 0.0000000 0 -0.0209640
-999.0000000  240.0000000 -0.0000000 -0.0000000 0.0000000 0 -0.0272093
-999.0000000  215.0000000  0.0000067 -0.0000000 0.0000000 0 -0.0309032
-999.0000000  190.0000000  0.0000037  0.0000000 0.0000000 0 -0.0268284
-999.0000000  165.0000000 -0.0000084  0.0000000 0.0000000 0 -0.0167416
-999.0000000  140.0000000 -0.0000127  0.0000000 0.0000000 0 -0.0063107
-999.0000000  115.0000000  0.0000004 -0.0000000 0.0000000 0 -0.0005201
-999.0000000   90.0000000  0.0000133 -0.0000000 0.0000000 0  0.0000005
-999.0000000   65.0000000  0.0000088 -0.0000000 0.0000000 0 -0.0000000
-999.0000000   40.0000000 -0.0000139 -0.0000000 0.0000000 0 -0.0000000
-999.0000000   15.0000000 -0.0000277 -0.0000000 0.0000000 0 -0.0000000
 69.125  45   1005.62  day,levels,pres0
-999.0000000 1115.0000000 -0.0000748  0.0000000 0.0000000 0 -0.0010489
-999.0000000 1090.0000000 -0.0000748  0.0000000 0.0000000 0 -0.0010730
-999.0000000 1065.0000000 -0.0000748  0.0000000 0.0000000 0 -0.0010982
-999.0000000 1040.0000000 -0.0000748  0.0000000 0.0000000 0 -0.0011246
-999.0000000 1015.0000000 -0.0000748  0.0000000 0.0000000 0 -0.0011523
-999.0000000  990.0000000 -0.0000748  0.0000000 0.0000000 0 -0.0011813
-999.0000000  965.0000000 -0.0000360  0.0000000 0.0000000 0 -0.0039548
-999.0000000  940.0000000 -0.0000172 -0.0000000 0.0000000 0 -0.0080169
-999.0000000  915.0000000 -0.0000122 -0.0000001 0.0000000 0 -0.0128902
-999.0000000  890.0000000 -0.0000127 -0.0000001 0.0000000 0 -0.0176900
-999.0000000  865.0000000 -0.0000096 -0.0000001 0.0000000 0 -0.0212008
-999.0000000  840.0000000  0.0000003 -0.0000001 0.0000000 0 -0.0224816
-999.0000000  815.0000000  0.0000104 -0.0000001 0.0000000 0 -0.0213833
-999.0000000  790.0000000  0.0000105 -0.0000001 0.0000000 0 -0.0184735
-999.0000000  765.0000000 -0.0000028 -0.0000000 0.0000000 0 -0.0147908
-999.0000000  740.0000000 -0.0000128 -0.0000000 0.0000000 0 -0.0113043
-999.0000000  715.0000000 -0.0000126 -0.0000000 0.0000000 0 -0.0084492
-999.0000000  690.0000000 -0.0000116 -0.0000000 0.0000000 0 -0.0062047
-999.0000000  665.0000000 -0.0000110 -0.0000000 0.0000000 0 -0.0043960
-999.0000000  640.0000000 -0.0000076 -0.0000000 0.0000000 0 -0.0030222
-999.0000000  615.0000000 -0.0000015 -0.0000000 0.0000000 0 -0.0022950
-999.0000000  590.0000000 -0.0000017 -0.0000000 0.0000000 0 -0.0023472
-999.0000000  565.0000000 -0.0000118 -0.0000000 0.0000000 0 -0.0030946
-999.0000000  540.0000000 -0.0000312 -0.0000000 0.0000000 0 -0.0041752
-999.0000000  515.0000000 -0.0000564 -0.0000000 0.0000000 0 -0.0050055
-999.0000000  490.0000000 -0.0000669  0.0000000 0.0000000 0 -0.0055416
-999.0000000  465.0000000 -0.0000571  0.0000000 0.0000000 0 -0.0063985
-999.0000000  440.0000000 -0.0000436  0.0000000 0.0000000 0 -0.0076191
-999.0000000  415.0000000 -0.0000319  0.0000000 0.0000000 0 -0.0081504
-999.0000000  390.0000000 -0.0000209  0.0000000 0.0000000 0 -0.0064947
-999.0000000  365.0000000 -0.0000107 -0.0000000 0.0000000 0 -0.0014785
-999.0000000  340.0000000 -0.0000024 -0.0000000 0.0000000 0  0.0061139
-999.0000000  315.0000000  0.0000026 -0.0000000 0.0000000 0  0.0130566
-999.0000000  290.0000000  0.0000028 -0.0000000 0.0000000 0  0.0164073
-999.0000000  265.0000000  0.0000006 -0.0000000 0.0000000 0  0.0153132
-999.0000000  240.0000000 -0.0000012 -0.0000000 0.0000000 0  0.0113923
-999.0000000  215.0000000 -0.0000106  0.0000000 0.0000000 0  0.0087389
-999.0000000  190.0000000 -0.0000260  0.0000000 0.0000000 0  0.0099401
-999.0000000  165.0000000 -0.0000342  0.0000000 0.0000000 0  0.0112814
-999.0000000  140.0000000 -0.0000242  0.0000000 0.0000000 0  0.0070470
-999.0000000  115.0000000  0.0000099 -0.0000000 0.0000000 0  0.0012359
-999.0000000   90.0000000  0.0000451 -0.0000000 0.0000000 0  0.0000006
-999.0000000   65.0000000  0.0000340 -0.0000000 0.0000000 0 -0.0000000
-999.0000000   40.0000000 -0.0000089 -0.0000000 0.0000000 0 -0.0000000
-999.0000000   15.0000000 -0.0000442 -0.0000000 0.0000000 0 -0.0000000
 69.250  45   1004.06  day,levels,pres0
-999.0000000 1115.0000000 -0.0000652  0.0000000 0.0000000 0 -0.0005677
-999.0000000 1090.0000000 -0.0000652  0.0000000 0.0000000 0 -0.0005807
-999.0000000 1065.0000000 -0.0000652  0.0000000 0.0000000 0 -0.0005943
-999.0000000 1040.0000000 -0.0000652  0.0000000 0.0000000 0 -0.0006086
-999.0000000 1015.0000000 -0.0000652  0.0000000 0.0000000 0 -0.0006236
-999.0000000  990.0000000 -0.0000652  0.0000000 0.0000000 0 -0.0006394
-999.0000000  965.0000000 -0.0000550  0.0000000 0.0000000 0 -0.0029372
-999.0000000  940.0000000 -0.0000316 -0.0000000 0.0000000 0 -0.0067090
-999.0000000  915.0000000 -0.0000187 -0.0000000 0.0000000 0 -0.0107336
-999.0000000  890.0000000 -0.0000111 -0.0000000 0.0000000 0 -0.0138201
-999.0000000  865.0000000 -0.0000054 -0.0000001 0.0000000 0 -0.0149820
-999.0000000  840.0000000 -0.0000005 -0.0000000 0.0000000 0 -0.0137895
-999.0000000  815.0000000  0.0000018 -0.0000000 0.0000000 0 -0.0106872
-999.0000000  790.0000000 -0.0000033 -0.0000000 0.0000000 0 -0.0069254
-999.0000000  765.0000000 -0.0000159 -0.0000000 0.0000000 0 -0.0038223
-999.0000000  740.0000000 -0.0000233 -0.0000000 0.0000000 0 -0.0019468
-999.0000000  715.0000000 -0.0000210 -0.0000000 0.0000000 0 -0.0010450
-999.0000000  690.0000000 -0.0000180 -0.0000000 0.0000000 0 -0.0007394
-999.0000000  665.0000000 -0.0000157 -0.0000000 0.0000000 0 -0.0008070
-999.0000000  640.0000000 -0.0000130 -0.0000000 0.0000000 0 -0.0012235
-999.0000000  615.0000000 -0.0000097 -0.0000000 0.0000000 0 -0.0022628
-999.0000000  590.0000000 -0.0000078 -0.0000000 0.0000000 0 -0.0041676
-999.0000000  565.0000000 -0.0000085 -0.0000000 0.0000000 0 -0.0069624
-999.0000000  540.0000000 -0.0000142 -0.0000000 0.0000000 0 -0.0100757
-999.0000000  515.0000000 -0.0000244 -0.0000000 0.0000000 0 -0.0123056
-999.0000000  490.0000000 -0.0000307 -0.0000000 0.0000000 0 -0.0132942
-999.0000000  465.0000000 -0.0000303 -0.0000000 0.0000000 0 -0.0140361
-999.0000000  440.0000000 -0.0000268 -0.0000000 0.0000000 0 -0.0150942
-999.0000000  415.0000000 -0.0000215 -0.0000000 0.0000000 0 -0.0158377
-999.0000000  390.0000000 -0.0000151 -0.0000000 0.0000000 0 -0.0149417
-999.0000000  365.0000000 -0.0000084 -0.0000000 0.0000000 0 -0.0110260
-999.0000000  340.0000000 -0.0000036 -0.0000000 0.0000000 0 -0.0047908
-999.0000000  315.0000000 -0.0000018 -0.0000000 0.0000000 0  0.0004451
-999.0000000  290.0000000 -0.0000033 -0.0000000 0.0000000 0  0.0018566
-999.0000000  265.0000000 -0.0000060 -0.0000000 0.0000000 0 -0.0008806
-999.0000000  240.0000000 -0.0000073  0.0000000 0.0000000 0 -0.0057098
-999.0000000  215.0000000 -0.0000125  0.0000000 0.0000000 0 -0.0086848
-999.0000000  190.0000000 -0.0000212  0.0000000 0.0000000 0 -0.0073294
-999.0000000  165.0000000 -0.0000239  0.0000000 0.0000000 0 -0.0045819
-999.0000000  140.0000000 -0.0000155  0.0000000 0.0000000 0 -0.0036105
-999.0000000  115.0000000  0.0000006 -0.0000000 0.0000000 0 -0.0028070
-999.0000000   90.0000000  0.0000148  0.0000000 0.0000000 0  0.0000009
-999.0000000   65.0000000  0.0000148 -0.0000000 0.0000000 0 -0.0000000
-999.0000000   40.0000000 -0.0000026 -0.0000000 0.0000000 0 -0.0000000
-999.0000000   15.0000000 -0.0000157 -0.0000000 0.0000000 0 -0.0000000
 69.375  45   1003.39  day,levels,pres0
-999.0000000 1115.0000000 -0.0000554  0.0000000 0.0000000 0 -0.0004063
-999.0000000 1090.0000000 -0.0000554  0.0000000 0.0000000 0 -0.0004156
-999.0000000 1065.0000000 -0.0000554  0.0000000 0.0000000 0 -0.0004254
-999.0000000 1040.0000000 -0.0000554  0.0000000 0.0000000 0 -0.0004356
-999.0000000 1015.0000000 -0.0000554  0.0000000 0.0000000 0 -0.0004463
-999.0000000  990.0000000 -0.0000554  0.0000000 0.0000000 0 -0.0004576
-999.0000000  965.0000000 -0.0000737  0.0000000 0.0000000 0 -0.0021423
-999.0000000  940.0000000 -0.0000453 -0.0000000 0.0000000 0 -0.0048419
-999.0000000  915.0000000 -0.0000245 -0.0000000 0.0000000 0 -0.0074494
-999.0000000  890.0000000 -0.0000091  0.0000000 0.0000000 0 -0.0089324
-999.0000000  865.0000000 -0.0000010  0.0000000 0.0000000 0 -0.0086910
-999.0000000  840.0000000 -0.0000014  0.0000000 0.0000000 0 -0.0068016
-999.0000000  815.0000000 -0.0000072  0.0000000 0.0000000 0 -0.0038974
-999.0000000  790.0000000 -0.0000175  0.0000000 0.0000000 0 -0.0009374
-999.0000000  765.0000000 -0.0000295  0.0000000 0.0000000 0  0.0011991
-999.0000000  740.0000000 -0.0000342  0.0000000 0.0000000 0  0.0021729
-999.0000000  715.0000000 -0.0000297  0.0000000 0.0000000 0  0.0022123
-999.0000000  690.0000000 -0.0000246  0.0000000 0.0000000 0  0.0016400
-999.0000000  665.0000000 -0.0000206 -0.0000000 0.0000000 0  0.0006992
-999.0000000  640.0000000 -0.0000185 -0.0000000 0.0000000 0 -0.0005497
-999.0000000  615.0000000 -0.0000180 -0.0000000 0.0000000 0 -0.0023376
-999.0000000  590.0000000 -0.0000139 -0.0000000 0.0000000 0 -0.0049374
-999.0000000  565.0000000 -0.0000052 -0.0000000 0.0000000 0 -0.0084735
-999.0000000  540.0000000  0.0000029 -0.0000000 0.0000000 0 -0.0122536
-999.0000000  515.0000000  0.0000077 -0.0000000 0.0000000 0 -0.0147123
-999.0000000  490.0000000  0.0000056 -0.0000000 0.0000000 0 -0.0155072
-999.0000000  465.0000000 -0.0000033 -0.0000000 0.0000000 0 -0.0161775
-999.0000000  440.0000000 -0.0000099 -0.0000000 0.0000000 0 -0.0175777
-999.0000000  415.0000000 -0.0000111 -0.0000000 0.0000000 0 -0.0188419
-999.0000000  390.0000000 -0.0000094 -0.0000000 0.0000000 0 -0.0185238
-999.0000000  365.0000000 -0.0000066 -0.0000000 0.0000000 0 -0.0154634
-999.0000000  340.0000000 -0.0000052  0.0000000 0.0000000 0 -0.0104596
-999.0000000  315.0000000 -0.0000065 -0.0000000 0.0000000 0 -0.0066217
-999.0000000  290.0000000 -0.0000095 -0.0000000 0.0000000 0 -0.0065428
-999.0000000  265.0000000 -0.0000123 -0.0000000 0.0000000 0 -0.0104774
-999.0000000  240.0000000 -0.0000131  0.0000000 0.0000000 0 -0.0163555
-999.0000000  215.0000000 -0.0000144  0.0000000 0.0000000 0 -0.0198699
-999.0000000  190.0000000 -0.0000165 -0.0000000 0.0000000 0 -0.0174494
-999.0000000  165.0000000 -0.0000137  0.0000000 0.0000000 0 -0.0110301
-999.0000000  140.0000000 -0.0000067  0.0000000 0.0000000 0 -0.0053940
-999.0000000  115.0000000 -0.0000088 -0.0000000 0.0000000 0 -0.0022447
-999.0000000   90.0000000 -0.0000155  0.0000000 0.0000000 0 -0.0000018
-999.0000000   65.0000000 -0.0000043  0.0000000 0.0000000 0 -0.0000000
-999.0000000   40.0000000  0.0000036  0.0000000 0.0000000 0 -0.0000000
-999.0000000   15.0000000  0.0000128  0.0000000 0.0000000 0 -0.0000000
 69.500  45   1005.71  day,levels,pres0
-999.0000000 1115.0000000  0.0000224 -0.0000000 0.0000000 0 -0.0001851
-999.0000000 1090.0000000  0.0000224 -0.0000000 0.0000000 0 -0.0001893
-999.0000000 1065.0000000  0.0000224 -0.0000000 0.0000000 0 -0.0001938
-999.0000000 1040.0000000  0.0000224 -0.0000000 0.0000000 0 -0.0001984
-999.0000000 1015.0000000  0.0000224 -0.0000000 0.0000000 0 -0.0002033
-999.0000000  990.0000000  0.0000224 -0.0000000 0.0000000 0 -0.0002085
-999.0000000  965.0000000 -0.0000101 -0.0000000 0.0000000 0 -0.0011683
-999.0000000  940.0000000 -0.0000119  0.0000000 0.0000000 0 -0.0027114
-999.0000000  915.0000000  0.0000011  0.0000000 0.0000000 0 -0.0038544
-999.0000000  890.0000000  0.0000164  0.0000001 0.0000000 0 -0.0037436
-999.0000000  865.0000000  0.0000235  0.0000001 0.0000000 0 -0.0021772
-999.0000000  840.0000000  0.0000194  0.0000001 0.0000000 0  0.0002535
-999.0000000  815.0000000  0.0000129  0.0000001 0.0000000 0  0.0027243
-999.0000000  790.0000000  0.0000065  0.0000001 0.0000000 0  0.0045727
-999.0000000  765.0000000  0.0000046  0.0000001 0.0000000 0  0.0053780
-999.0000000  740.0000000  0.0000082  0.0000000 0.0000000 0  0.0050763
-999.0000000  715.0000000  0.0000150  0.0000000 0.0000000 0  0.0039202
-999.0000000  690.0000000  0.0000220  0.0000000 0.0000000 0  0.0021862
-999.0000000  665.0000000  0.0000285  0.0000000 0.0000000 0  0.0001152
-999.0000000  640.0000000  0.0000331 -0.0000000 0.0000000 0 -0.0022124
-999.0000000  615.0000000  0.0000355 -0.0000000 0.0000000 0 -0.0049929
-999.0000000  590.0000000  0.0000396 -0.0000000 0.0000000 0 -0.0085327
-999.0000000  565.0000000  0.0000461 -0.0000000 0.0000000 0 -0.0130551
-999.0000000  540.0000000  0.0000510 -0.0000000 0.0000000 0 -0.0177540
-999.0000000  515.0000000  0.0000518 -0.0000000 0.0000000 0 -0.0207180
-999.0000000  490.0000000  0.0000439 -0.0000000 0.0000000 0 -0.0216305
-999.0000000  465.0000000  0.0000271 -0.0000000 0.0000000 0 -0.0225815
-999.0000000  440.0000000  0.0000129 -0.0000000 0.0000000 0 -0.0247200
-999.0000000  415.0000000  0.0000050 -0.0000000 0.0000000 0 -0.0269466
-999.0000000  390.0000000 -0.0000002 -0.0000000 0.0000000 0 -0.0276712
-999.0000000  365.0000000 -0.0000046  0.0000000 0.0000000 0 -0.0258904
-999.0000000  340.0000000 -0.0000096  0.0000000 0.0000000 0 -0.0224555
-999.0000000  315.0000000 -0.0000141  0.0000000 0.0000000 0 -0.0202592
-999.0000000  290.0000000 -0.0000137  0.0000000 0.0000000 0 -0.0216684
-999.0000000  265.0000000 -0.0000074 -0.0000000 0.0000000 0 -0.0268694
-999.0000000  240.0000000 -0.0000007 -0.0000000 0.0000000 0 -0.0337492
-999.0000000  215.0000000  0.0000015 -0.0000000 0.0000000 0 -0.0375388
-999.0000000  190.0000000 -0.0000020 -0.0000000 0.0000000 0 -0.0333977
-999.0000000  165.0000000 -0.0000068  0.0000000 0.0000000 0 -0.0220547
-999.0000000  140.0000000 -0.0000043  0.0000000 0.0000000 0 -0.0096117
-999.0000000  115.0000000  0.0000009 -0.0000000 0.0000000 0 -0.0022357
-999.0000000   90.0000000 -0.0000018  0.0000000 0.0000000 0 -0.0000012
-999.0000000   65.0000000 -0.0000082  0.0000000 0.0000000 0 -0.0000000
-999.0000000   40.0000000  0.0000017  0.0000000 0.0000000 0 -0.0000000
-999.0000000   15.0000000  0.0000109  0.0000000 0.0000000 0 -0.0000000
 69.625  45   1004.75  day,levels,pres0
-999.0000000 1115.0000000  0.0001005 -0.0000001 0.0000000 0 -0.0004747
-999.0000000 1090.0000000  0.0001005 -0.0000001 0.0000000 0 -0.0004856
-999.0000000 1065.0000000  0.0001005 -0.0000001 0.0000000 0 -0.0004970
-999.0000000 1040.0000000  0.0001005 -0.0000001 0.0000000 0 -0.0005089
-999.0000000 1015.0000000  0.0001005 -0.0000001 0.0000000 0 -0.0005215
-999.0000000  990.0000000  0.0001005 -0.0000001 0.0000000 0 -0.0005346
-999.0000000  965.0000000  0.0000538 -0.0000000 0.0000000 0 -0.0018670
-999.0000000  940.0000000  0.0000217  0.0000000 0.0000000 0 -0.0034268
-999.0000000  915.0000000  0.0000267  0.0000001 0.0000000 0 -0.0043548
-999.0000000  890.0000000  0.0000418  0.0000001 0.0000000 0 -0.0040483
-999.0000000  865.0000000  0.0000477  0.0000001 0.0000000 0 -0.0024623
-999.0000000  840.0000000  0.0000400  0.0000001 0.0000000 0 -0.0001825
-999.0000000  815.0000000  0.0000329  0.0000001 0.0000000 0  0.0021406
-999.0000000  790.0000000  0.0000304  0.0000001 0.0000000 0  0.0040785
-999.0000000  765.0000000  0.0000386  0.0000001 0.0000000 0  0.0052871
-999.0000000  740.0000000  0.0000507  0.0000001 0.0000000 0  0.0055571
-999.0000000  715.0000000  0.0000599  0.0000000 0.0000000 0  0.0049247
-999.0000000  690.0000000  0.0000689  0.0000000 0.0000000 0  0.0036179
-999.0000000  665.0000000  0.0000778  0.0000000 0.0000000 0  0.0019971
-999.0000000  640.0000000  0.0000848 -0.0000000 0.0000000 0  0.0001990
-999.0000000  615.0000000  0.0000891 -0.0000000 0.0000000 0 -0.0020084
-999.0000000  590.0000000  0.0000933 -0.0000000 0.0000000 0 -0.0048134
-999.0000000  565.0000000  0.0000974 -0.0000000 0.0000000 0 -0.0081579
-999.0000000  540.0000000  0.0000992 -0.0000000 0.0000000 0 -0.0114075
-999.0000000  515.0000000  0.0000960 -0.0000000 0.0000000 0 -0.0133809
-999.0000000  490.0000000  0.0000821 -0.0000000 0.0000000 0 -0.0138597
-999.0000000  465.0000000  0.0000573 -0.0000000 0.0000000 0 -0.0140630
-999.0000000  440.0000000  0.0000356 -0.0000000 0.0000000 0 -0.0147906
-999.0000000  415.0000000  0.0000211 -0.0000000 0.0000000 0 -0.0156794
-999.0000000  390.0000000  0.0000090  0.0000000 0.0000000 0 -0.0159836
-999.0000000  365.0000000 -0.0000027  0.0000000 0.0000000 0 -0.0151119
-999.0000000  340.0000000 -0.0000139  0.0000000 0.0000000 0 -0.0135712
-999.0000000  315.0000000 -0.0000217  0.0000000 0.0000000 0 -0.0131510
-999.0000000  290.0000000 -0.0000177  0.0000000 0.0000000 0 -0.0153087
-999.0000000  265.0000000 -0.0000023 -0.0000000 0.0000000 0 -0.0201397
-999.0000000  240.0000000  0.0000118 -0.0000000 0.0000000 0 -0.0262597
-999.0000000  215.0000000  0.0000174 -0.0000000 0.0000000 0 -0.0304276
-999.0000000  190.0000000  0.0000125 -0.0000000 0.0000000 0 -0.0290390
-999.0000000  165.0000000 -0.0000002  0.0000000 0.0000000 0 -0.0212408
-999.0000000  140.0000000 -0.0000021  0.0000000 0.0000000 0 -0.0112562
-999.0000000  115.0000000  0.0000106 -0.0000000 0.0000000 0 -0.0039856
-999.0000000   90.0000000  0.0000119 -0.0000000 0.0000000 0 -0.0000028
-999.0000000   65.0000000 -0.0000121  0.0000000 0.0000000 0 -0.0000000
-999.0000000   40.0000000 -0.0000003 -0.0000000 0.0000000 0 -0.0000000
-999.0000000   15.0000000  0.0000091  0.0000000 0.0000000 0 -0.0000000
 69.750  45   1000.91  day,levels,pres0
-999.0000000 1115.0000000  0.0000096 -0.0000000 0.0000000 0 -0.0006921
-999.0000000 1090.0000000  0.0000096 -0.0000000 0.0000000 0 -0.0007079
-999.0000000 1065.0000000  0.0000096 -0.0000000 0.0000000 0 -0.0007245
-999.0000000 1040.0000000  0.0000096 -0.0000000 0.0000000 0 -0.0007420
-999.0000000 1015.0000000  0.0000096 -0.0000000 0.0000000 0 -0.0007602
-999.0000000  990.0000000  0.0000096 -0.0000000 0.0000000 0 -0.0007794
-999.0000000  965.0000000  0.0000077  0.0000000 0.0000000 0 -0.0027956
-999.0000000  940.0000000  0.0000040  0.0000000 0.0000000 0 -0.0050857
-999.0000000  915.0000000  0.0000139  0.0000000 0.0000000 0 -0.0071081
-999.0000000  890.0000000  0.0000240  0.0000000 0.0000000 0 -0.0082719
-999.0000000  865.0000000  0.0000275  0.0000001 0.0000000 0 -0.0083071
-999.0000000  840.0000000  0.0000255  0.0000001 0.0000000 0 -0.0075683
-999.0000000  815.0000000  0.0000221  0.0000001 0.0000000 0 -0.0063527
-999.0000000  790.0000000  0.0000152  0.0000001 0.0000000 0 -0.0047512
-999.0000000  765.0000000  0.0000087  0.0000001 0.0000000 0 -0.0030024
-999.0000000  740.0000000  0.0000057  0.0000000 0.0000000 0 -0.0014795
-999.0000000  715.0000000  0.0000066  0.0000000 0.0000000 0 -0.0005624
-999.0000000  690.0000000  0.0000088  0.0000000 0.0000000 0 -0.0001711
-999.0000000  665.0000000  0.0000119  0.0000000 0.0000000 0  0.0002449
-999.0000000  640.0000000  0.0000129  0.0000000 0.0000000 0  0.0009464
-999.0000000  615.0000000  0.0000111  0.0000000 0.0000000 0  0.0017266
-999.0000000  590.0000000  0.0000097 -0.0000000 0.0000000 0  0.0025166
-999.0000000  565.0000000  0.0000100 -0.0000000 0.0000000 0  0.0036148
-999.0000000  540.0000000  0.0000139 -0.0000000 0.0000000 0  0.0053987
-999.0000000  515.0000000  0.0000204  0.0000000 0.0000000 0  0.0081849
-999.0000000  490.0000000  0.0000198  0.0000000 0.0000000 0  0.0120917
-999.0000000  465.0000000  0.0000104  0.0000000 0.0000000 0  0.0169267
-999.0000000  440.0000000  0.0000020  0.0000000 0.0000000 0  0.0223017
-999.0000000  415.0000000 -0.0000028  0.0000000 0.0000000 0  0.0277871
-999.0000000  390.0000000 -0.0000078  0.0000000 0.0000000 0  0.0330424
-999.0000000  365.0000000 -0.0000137  0.0000000 0.0000000 0  0.0377893
-999.0000000  340.0000000 -0.0000170  0.0000000 0.0000000 0  0.0416668
-999.0000000  315.0000000 -0.0000155  0.0000000 0.0000000 0  0.0440906
-999.0000000  290.0000000 -0.0000084  0.0000000 0.0000000 0  0.0445734
-999.0000000  265.0000000  0.0000027 -0.0000000 0.0000000 0  0.0428340
-999.0000000  240.0000000  0.0000122 -0.0000000 0.0000000 0  0.0387973
-999.0000000  215.0000000  0.0000180  0.0000000 0.0000000 0  0.0330533
-999.0000000  190.0000000  0.0000205  0.0000000 0.0000000 0  0.0265943
-999.0000000  165.0000000  0.0000194  0.0000000 0.0000000 0  0.0203705
-999.0000000  140.0000000  0.0000145  0.0000000 0.0000000 0  0.0093537
-999.0000000  115.0000000  0.0000045  0.0000000 0.0000000 0 -0.0003849
-999.0000000   90.0000000 -0.0000062 -0.0000000 0.0000000 0  0.0000082
-999.0000000   65.0000000 -0.0000074  0.0000000 0.0000000 0 -0.0000000
-999.0000000   40.0000000  0.0000126  0.0000000 0.0000000 0 -0.0000000
-999.0000000   15.0000000  0.0000266  0.0000000 0.0000000 0 -0.0000000
 69.875  45   1000.66  day,levels,pres0
-999.0000000 1115.0000000 -0.0000817  0.0000001 0.0000000 0 -0.0006277
-999.0000000 1090.0000000 -0.0000817  0.0000001 0.0000000 0 -0.0006421
-999.0000000 1065.0000000 -0.0000817  0.0000001 0.0000000 0 -0.0006571
-999.0000000 1040.0000000 -0.0000817  0.0000001 0.0000000 0 -0.0006729
-999.0000000 1015.0000000 -0.0000817  0.0000001 0.0000000 0 -0.0006895
-999.0000000  990.0000000 -0.0000817  0.0000001 0.0000000 0 -0.0007069
-999.0000000  965.0000000 -0.0000390  0.0000001 0.0000000 0 -0.0025554
-999.0000000  940.0000000 -0.0000140  0.0000000 0.0000000 0 -0.0044628
-999.0000000  915.0000000  0.0000010 -0.0000000 0.0000000 0 -0.0056605
-999.0000000  890.0000000  0.0000064 -0.0000000 0.0000000 0 -0.0056952
-999.0000000  865.0000000  0.0000076 -0.0000000 0.0000000 0 -0.0046648
-999.0000000  840.0000000  0.0000113 -0.0000000 0.0000000 0 -0.0030941
-999.0000000  815.0000000  0.0000115 -0.0000000 0.0000000 0 -0.0012628
-999.0000000  790.0000000  0.0000004 -0.0000000 0.0000000 0  0.0008182
-999.0000000  765.0000000 -0.0000210  0.0000000 0.0000000 0  0.0030705
-999.0000000  740.0000000 -0.0000390  0.0000000 0.0000000 0  0.0053220
-999.0000000  715.0000000 -0.0000465  0.0000000 0.0000000 0  0.0073882
-999.0000000  690.0000000 -0.0000511  0.0000000 0.0000000 0  0.0092735
-999.0000000  665.0000000 -0.0000539  0.0000000 0.0000000 0  0.0111527
-999.0000000  640.0000000 -0.0000589  0.0000000 0.0000000 0  0.0129918
-999.0000000  615.0000000 -0.0000669  0.0000000 0.0000000 0  0.0144381
-999.0000000  590.0000000 -0.0000740  0.0000000 0.0000000 0  0.0152372
-999.0000000  565.0000000 -0.0000777  0.0000000 0.0000000 0  0.0153929
-999.0000000  540.0000000 -0.0000718  0.0000000 0.0000000 0  0.0150830
-999.0000000  515.0000000 -0.0000556  0.0000000 0.0000000 0  0.0146701
-999.0000000  490.0000000 -0.0000427  0.0000000 0.0000000 0  0.0145116
-999.0000000  465.0000000 -0.0000367  0.0000000 0.0000000 0  0.0148737
-999.0000000  440.0000000 -0.0000317  0.0000000 0.0000000 0  0.0159841
-999.0000000  415.0000000 -0.0000267  0.0000000 0.0000000 0  0.0180225
-999.0000000  390.0000000 -0.0000245  0.0000000 0.0000000 0  0.0210121
-999.0000000  365.0000000 -0.0000246  0.0000000 0.0000000 0  0.0246607
-999.0000000  340.0000000 -0.0000199  0.0000000 0.0000000 0  0.0282151
-999.0000000  315.0000000 -0.0000093  0.0000000 0.0000000 0  0.0304555
-999.0000000  290.0000000  0.0000008  0.0000000 0.0000000 0  0.0303834
-999.0000000  265.0000000  0.0000075  0.0000000 0.0000000 0  0.0276413
-999.0000000  240.0000000  0.0000124  0.0000000 0.0000000 0  0.0227312
-999.0000000  215.0000000  0.0000185  0.0000000 0.0000000 0  0.0176328
-999.0000000  190.0000000  0.0000288  0.0000000 0.0000000 0  0.0145076
-999.0000000  165.0000000  0.0000395  0.0000000 0.0000000 0  0.0127829
-999.0000000  140.0000000  0.0000313  0.0000000 0.0000000 0  0.0067996
-999.0000000  115.0000000 -0.0000016  0.0000000 0.0000000 0  0.0003023
-999.0000000   90.0000000 -0.0000244 -0.0000000 0.0000000 0  0.0000034
-999.0000000   65.0000000 -0.0000027  0.0000000 0.0000000 0 -0.0000000
-999.0000000   40.0000000  0.0000255  0.0000000 0.0000000 0 -0.0000000
-999.0000000   15.0000000  0.0000441  0.0000000 0.0000000 0 -0.0000000
 70.000  45   1003.88  day,levels,pres0
-999.0000000 1115.0000000 -0.0000469  0.0000001 0.0000000 0 -0.0001824
-999.0000000 1090.0000000 -0.0000469  0.0000001 0.0000000 0 -0.0001866
-999.0000000 1065.0000000 -0.0000469  0.0000001 0.0000000 0 -0.0001910
-999.0000000 1040.0000000 -0.0000469  0.0000001 0.0000000 0 -0.0001955
-999.0000000 1015.0000000 -0.0000469  0.0000001 0.0000000 0 -0.0002004
-999.0000000  990.0000000 -0.0000469  0.0000001 0.0000000 0 -0.0002054
-999.0000000  965.0000000 -0.0000072  0.0000001 0.0000000 0 -0.0009375
-999.0000000  940.0000000  0.0000075  0.0000000 0.0000000 0 -0.0017153
-999.0000000  915.0000000  0.0000056 -0.0000000 0.0000000 0 -0.0016215
-999.0000000  890.0000000 -0.0000027 -0.0000000 0.0000000 0 -0.0002922
-999.0000000  865.0000000 -0.0000078 -0.0000000 0.0000000 0  0.0019644
-999.0000000  840.0000000 -0.0000073 -0.0000000 0.0000000 0  0.0044398
-999.0000000  815.0000000 -0.0000083 -0.0000000 0.0000000 0  0.0067353
-999.0000000  790.0000000 -0.0000124 -0.0000000 0.0000000 0  0.0088810
-999.0000000  765.0000000 -0.0000213 -0.0000000 0.0000000 0  0.0110017
-999.0000000  740.0000000 -0.0000282  0.0000000 0.0000000 0  0.0131490
-999.0000000  715.0000000 -0.0000297  0.0000000 0.0000000 0  0.0153301
-999.0000000  690.0000000 -0.0000294  0.0000000 0.0000000 0  0.0174750
-999.0000000  665.0000000 -0.0000282  0.0000000 0.0000000 0  0.0194005
-999.0000000  640.0000000 -0.0000279  0.0000000 0.0000000 0  0.0207675
-999.0000000  615.0000000 -0.0000292  0.0000000 0.0000000 0  0.0210707
-999.0000000  590.0000000 -0.0000303  0.0000000 0.0000000 0  0.0198890
-999.0000000  565.0000000 -0.0000306  0.0000000 0.0000000 0  0.0170054
-999.0000000  540.0000000 -0.0000276  0.0000000 0.0000000 0  0.0125005
-999.0000000  515.0000000 -0.0000211  0.0000000 0.0000000 0  0.0068191
-999.0000000  490.0000000 -0.0000164  0.0000000 0.0000000 0  0.0005495
-999.0000000  465.0000000 -0.0000147  0.0000000 0.0000000 0 -0.0056293
-999.0000000  440.0000000 -0.0000131  0.0000000 0.0000000 0 -0.0109970
-999.0000000  415.0000000 -0.0000109  0.0000000 0.0000000 0 -0.0149058
-999.0000000  390.0000000 -0.0000095  0.0000000 0.0000000 0 -0.0170109
-999.0000000  365.0000000 -0.0000087  0.0000000 0.0000000 0 -0.0175468
-999.0000000  340.0000000 -0.0000060  0.0000000 0.0000000 0 -0.0175158
-999.0000000  315.0000000 -0.0000008  0.0000000 0.0000000 0 -0.0185248
-999.0000000  290.0000000  0.0000056  0.0000000 0.0000000 0 -0.0218775
-999.0000000  265.0000000  0.0000111  0.0000000 0.0000000 0 -0.0277850
-999.0000000  240.0000000  0.0000129  0.0000000 0.0000000 0 -0.0346911
-999.0000000  215.0000000  0.0000102  0.0000000 0.0000000 0 -0.0383792
-999.0000000  190.0000000  0.0000074  0.0000000 0.0000000 0 -0.0343930
-999.0000000  165.0000000  0.0000079  0.0000000 0.0000000 0 -0.0235751
-999.0000000  140.0000000  0.0000016  0.0000000 0.0000000 0 -0.0108260
-999.0000000  115.0000000 -0.0000139  0.0000000 0.0000000 0 -0.0023624
-999.0000000   90.0000000 -0.0000144  0.0000000 0.0000000 0 -0.0000014
-999.0000000   65.0000000  0.0000107  0.0000000 0.0000000 0 -0.0000000
-999.0000000   40.0000000  0.0000171  0.0000000 0.0000000 0 -0.0000000
-999.0000000   15.0000000  0.0000172  0.0000000 0.0000000 0 -0.0000000
 70.125  45   1004.77  day,levels,pres0
-999.0000000 1115.0000000 -0.0000120  0.0000001 0.0000000 0 -0.0002925
-999.0000000 1090.0000000 -0.0000120  0.0000001 0.0000000 0 -0.0002992
-999.0000000 1065.0000000 -0.0000120  0.0000001 0.0000000 0 -0.0003062
-999.0000000 1040.0000000 -0.0000120  0.0000001 0.0000000 0 -0.0003136
-999.0000000 1015.0000000 -0.0000120  0.0000001 0.0000000 0 -0.0003213
-999.0000000  990.0000000 -0.0000120  0.0000001 0.0000000 0 -0.0003294
-999.0000000  965.0000000  0.0000246  0.0000001 0.0000000 0 -0.0013679
-999.0000000  940.0000000  0.0000291  0.0000000 0.0000000 0 -0.0028156
-999.0000000  915.0000000  0.0000101  0.0000000 0.0000000 0 -0.0039515
-999.0000000  890.0000000 -0.0000118 -0.0000000 0.0000000 0 -0.0043354
-999.0000000  865.0000000 -0.0000234 -0.0000000 0.0000000 0 -0.0039617
-999.0000000  840.0000000 -0.0000260 -0.0000000 0.0000000 0 -0.0031544
-999.0000000  815.0000000 -0.0000281 -0.0000000 0.0000000 0 -0.0021846
-999.0000000  790.0000000 -0.0000253 -0.0000000 0.0000000 0 -0.0011316
-999.0000000  765.0000000 -0.0000217 -0.0000000 0.0000000 0 -0.0000032
-999.0000000  740.0000000 -0.0000176 -0.0000000 0.0000000 0  0.0011903
-999.0000000  715.0000000 -0.0000130 -0.0000000 0.0000000 0  0.0024297
-999.0000000  690.0000000 -0.0000080  0.0000000 0.0000000 0  0.0036431
-999.0000000  665.0000000 -0.0000027  0.0000000 0.0000000 0  0.0046662
-999.0000000  640.0000000  0.0000029  0.0000000 0.0000000 0  0.0052159
-999.0000000  615.0000000  0.0000085 -0.0000000 0.0000000 0  0.0049044
-999.0000000  590.0000000  0.0000133 -0.0000000 0.0000000 0  0.0035816
-999.0000000  565.0000000  0.0000166 -0.0000000 0.0000000 0  0.0014823
-999.0000000  540.0000000  0.0000169 -0.0000000 0.0000000 0 -0.0010318
-999.0000000  515.0000000  0.0000136 -0.0000000 0.0000000 0 -0.0035915
-999.0000000  490.0000000  0.0000102 -0.0000000 0.0000000 0 -0.0060854
-999.0000000  465.0000000  0.0000076 -0.0000000 0.0000000 0 -0.0087620
-999.0000000  440.0000000  0.0000057 -0.0000000 0.0000000 0 -0.0117916
-999.0000000  415.0000000  0.0000048 -0.0000000 0.0000000 0 -0.0150878
-999.0000000  390.0000000  0.0000053 -0.0000000 0.0000000 0 -0.0184745
-999.0000000  365.0000000  0.0000069 -0.0000000 0.0000000 0 -0.0218210
-999.0000000  340.0000000  0.0000077 -0.0000000 0.0000000 0 -0.0253156
-999.0000000  315.0000000  0.0000077 -0.0000000 0.0000000 0 -0.0294027
-999.0000000  290.0000000  0.0000103 -0.0000000 0.0000000 0 -0.0340395
-999.0000000  265.0000000  0.0000148  0.0000000 0.0000000 0 -0.0383005
-999.0000000  240.0000000  0.0000136 -0.0000000 0.0000000 0 -0.0406728
-999.0000000  215.0000000  0.0000019 -0.0000000 0.0000000 0 -0.0389773
-999.0000000  190.0000000 -0.0000140 -0.0000000 0.0000000 0 -0.0312988
-999.0000000  165.0000000 -0.0000236  0.0000000 0.0000000 0 -0.0188356
-999.0000000  140.0000000 -0.0000280  0.0000000 0.0000000 0 -0.0068918
-999.0000000  115.0000000 -0.0000262  0.0000000 0.0000000 0 -0.0007180
-999.0000000   90.0000000 -0.0000045  0.0000000 0.0000000 0 -0.0000012
-999.0000000   65.0000000  0.0000240 -0.0000000 0.0000000 0 -0.0000000
-999.0000000   40.0000000  0.0000088  0.0000000 0.0000000 0 -0.0000000
-999.0000000   15.0000000 -0.0000097 -0.0000000 0.0000000 0 -0.0000000
 70.250  45   1003.58  day,levels,pres0
-999.0000000 1115.0000000 -0.0000386  0.0000000 0.0000000 0  0.0005140
-999.0000000 1090.0000000 -0.0000386  0.0000000 0.0000000 0  0.0005257
-999.0000000 1065.0000000 -0.0000386  0.0000000 0.0000000 0  0.0005381
-999.0000000 1040.0000000 -0.0000386  0.0000000 0.0000000 0  0.0005510
-999.0000000 1015.0000000 -0.0000386  0.0000000 0.0000000 0  0.0005646
-999.0000000  990.0000000 -0.0000386  0.0000000 0.0000000 0  0.0005789
-999.0000000  965.0000000 -0.0000292  0.0000000 0.0000000 0  0.0012164
-999.0000000  940.0000000 -0.0000168  0.0000000 0.0000000 0  0.0011394
-999.0000000  915.0000000 -0.0000161  0.0000000 0.0000000 0  0.0007396
-999.0000000  890.0000000 -0.0000189  0.0000000 0.0000000 0  0.0004855
-999.0000000  865.0000000 -0.0000197  0.0000000 0.0000000 0  0.0006894
-999.0000000  840.0000000 -0.0000175  0.0000000 0.0000000 0  0.0013722
-999.0000000  815.0000000 -0.0000163 -0.0000000 0.0000000 0  0.0023196
-999.0000000  790.0000000 -0.0000150 -0.0000000 0.0000000 0  0.0033262
-999.0000000  765.0000000 -0.0000151 -0.0000000 0.0000000 0  0.0042891
-999.0000000  740.0000000 -0.0000159  0.0000000 0.0000000 0  0.0051678
-999.0000000  715.0000000 -0.0000164  0.0000000 0.0000000 0  0.0059546
-999.0000000  690.0000000 -0.0000168  0.0000000 0.0000000 0  0.0065935
-999.0000000  665.0000000 -0.0000171  0.0000000 0.0000000 0  0.0069271
-999.0000000  640.0000000 -0.0000170  0.0000000 0.0000000 0  0.0066925
-999.0000000  615.0000000 -0.0000163 -0.0000000 0.0000000 0  0.0055727
-999.0000000  590.0000000 -0.0000138 -0.0000000 0.0000000 0  0.0036824
-999.0000000  565.0000000 -0.0000100 -0.0000000 0.0000000 0  0.0017419
-999.0000000  540.0000000 -0.0000099 -0.0000000 0.0000000 0  0.0004336
-999.0000000  515.0000000 -0.0000147  0.0000000 0.0000000 0  0.0000617
-999.0000000  490.0000000 -0.0000195  0.0000000 0.0000000 0  0.0002069
-999.0000000  465.0000000 -0.0000220  0.0000000 0.0000000 0 -0.0004160
-999.0000000  440.0000000 -0.0000209  0.0000000 0.0000000 0 -0.0029592
-999.0000000  415.0000000 -0.0000153  0.0000000 0.0000000 0 -0.0079428
-999.0000000  390.0000000 -0.0000058 -0.0000000 0.0000000 0 -0.0152948
-999.0000000  365.0000000  0.0000059 -0.0000000 0.0000000 0 -0.0243407
-999.0000000  340.0000000  0.0000151 -0.0000000 0.0000000 0 -0.0343057
-999.0000000  315.0000000  0.0000200 -0.0000000 0.0000000 0 -0.0443661
-999.0000000  290.0000000  0.0000215  0.0000000 0.0000000 0 -0.0530863
-999.0000000  265.0000000  0.0000199  0.0000000 0.0000000 0 -0.0583357
-999.0000000  240.0000000  0.0000129 -0.0000000 0.0000000 0 -0.0584326
-999.0000000  215.0000000 -0.0000005 -0.0000000 0.0000000 0 -0.0528603
-999.0000000  190.0000000 -0.0000155 -0.0000000 0.0000000 0 -0.0416869
-999.0000000  165.0000000 -0.0000256  0.0000000 0.0000000 0 -0.0257713
-999.0000000  140.0000000 -0.0000300  0.0000000 0.0000000 0 -0.0097947
-999.0000000  115.0000000 -0.0000231  0.0000000 0.0000000 0 -0.0008995
-999.0000000   90.0000000 -0.0000006 -0.0000000 0.0000000 0 -0.0000048
-999.0000000   65.0000000  0.0000145 -0.0000000 0.0000000 0 -0.0000000
-999.0000000   40.0000000 -0.0000099 -0.0000000 0.0000000 0 -0.0000000
-999.0000000   15.0000000 -0.0000333 -0.0000000 0.0000000 0 -0.0000000
 70.375  45   1003.36  day,levels,pres0
-999.0000000 1115.0000000 -0.0000651  0.0000000 0.0000000 0  0.0007131
-999.0000000 1090.0000000 -0.0000651  0.0000000 0.0000000 0  0.0007295
-999.0000000 1065.0000000 -0.0000651  0.0000000 0.0000000 0  0.0007466
-999.0000000 1040.0000000 -0.0000651  0.0000000 0.0000000 0  0.0007645
-999.0000000 1015.0000000 -0.0000651  0.0000000 0.0000000 0  0.0007834
-999.0000000  990.0000000 -0.0000651  0.0000000 0.0000000 0  0.0008031
-999.0000000  965.0000000 -0.0000830  0.0000000 0.0000000 0  0.0019809
-999.0000000  940.0000000 -0.0000626  0.0000000 0.0000000 0  0.0024787
-999.0000000  915.0000000 -0.0000422  0.0000000 0.0000000 0  0.0024527
-999.0000000  890.0000000 -0.0000260  0.0000000 0.0000000 0  0.0023195
-999.0000000  865.0000000 -0.0000160  0.0000000 0.0000000 0  0.0024628
-999.0000000  840.0000000 -0.0000092  0.0000000 0.0000000 0  0.0030385
-999.0000000  815.0000000 -0.0000047  0.0000000 0.0000000 0  0.0040580
-999.0000000  790.0000000 -0.0000047  0.0000000 0.0000000 0  0.0054304
-999.0000000  765.0000000 -0.0000086  0.0000000 0.0000000 0  0.0069611
-999.0000000  740.0000000 -0.0000143  0.0000000 0.0000000 0  0.0084265
-999.0000000  715.0000000 -0.0000199  0.0000000 0.0000000 0  0.0096469
-999.0000000  690.0000000 -0.0000257  0.0000000 0.0000000 0  0.0104789
-999.0000000  665.0000000 -0.0000315  0.0000000 0.0000000 0  0.0107573
-999.0000000  640.0000000 -0.0000369  0.0000000 0.0000000 0  0.0102484
-999.0000000  615.0000000 -0.0000411  0.0000000 0.0000000 0  0.0086889
-999.0000000  590.0000000 -0.0000409  0.0000000 0.0000000 0  0.0061604
-999.0000000  565.0000000 -0.0000365  0.0000000 0.0000000 0  0.0032368
-999.0000000  540.0000000 -0.0000365  0.0000000 0.0000000 0  0.0006060
-999.0000000  515.0000000 -0.0000429  0.0000000 0.0000000 0 -0.0011404
-999.0000000  490.0000000 -0.0000490  0.0000000 0.0000000 0 -0.0019725
-999.0000000  465.0000000 -0.0000515  0.0000000 0.0000000 0 -0.0026764
-999.0000000  440.0000000 -0.0000474  0.0000000 0.0000000 0 -0.0043156
-999.0000000  415.0000000 -0.0000352  0.0000000 0.0000000 0 -0.0079298
-999.0000000  390.0000000 -0.0000169  0.0000000 0.0000000 0 -0.0140225
-999.0000000  365.0000000  0.0000049  0.0000000 0.0000000 0 -0.0221903
-999.0000000  340.0000000  0.0000226  0.0000000 0.0000000 0 -0.0313112
-999.0000000  315.0000000  0.0000323  0.0000000 0.0000000 0 -0.0396329
-999.0000000  290.0000000  0.0000328  0.0000000 0.0000000 0 -0.0452386
-999.0000000  265.0000000  0.0000250  0.0000000 0.0000000 0 -0.0464568
-999.0000000  240.0000000  0.0000123  0.0000000 0.0000000 0 -0.0424467
-999.0000000  215.0000000 -0.0000029  0.0000000 0.0000000 0 -0.0339652
-999.0000000  190.0000000 -0.0000172  0.0000000 0.0000000 0 -0.0230436
-999.0000000  165.0000000 -0.0000277 -0.0000000 0.0000000 0 -0.0122732
-999.0000000  140.0000000 -0.0000321 -0.0000000 0.0000000 0 -0.0025581
-999.0000000  115.0000000 -0.0000199 -0.0000000 0.0000000 0  0.0020715
-999.0000000   90.0000000  0.0000033 -0.0000000 0.0000000 0 -0.0000015
-999.0000000   65.0000000  0.0000051 -0.0000000 0.0000000 0 -0.0000000
-999.0000000   40.0000000 -0.0000286 -0.0000000 0.0000000 0 -0.0000000
-999.0000000   15.0000000 -0.0000568 -0.0000000 0.0000000 0 -0.0000000
 70.500  45   1005.47  day,levels,pres0
-999.0000000 1115.0000000  0.0000035  0.0000000 0.0000000 0  0.0008348
-999.0000000 1090.0000000  0.0000035  0.0000000 0.0000000 0  0.0008539
-999.0000000 1065.0000000  0.0000035  0.0000000 0.0000000 0  0.0008740
-999.0000000 1040.0000000  0.0000035  0.0000000 0.0000000 0  0.0008950
-999.0000000 1015.0000000  0.0000035  0.0000000 0.0000000 0  0.0009170
-999.0000000  990.0000000  0.0000035  0.0000000 0.0000000 0  0.0009402
-999.0000000  965.0000000 -0.0000275  0.0000000 0.0000000 0  0.0021887
-999.0000000  940.0000000 -0.0000325  0.0000000 0.0000000 0  0.0027568
-999.0000000  915.0000000 -0.0000230  0.0000000 0.0000000 0  0.0025776
-999.0000000  890.0000000 -0.0000132  0.0000000 0.0000000 0  0.0020137
-999.0000000  865.0000000 -0.0000037  0.0000000 0.0000000 0  0.0015291
-999.0000000  840.0000000  0.0000047  0.0000000 0.0000000 0  0.0014269
-999.0000000  815.0000000  0.0000117  0.0000000 0.0000000 0  0.0019512
-999.0000000  790.0000000  0.0000161  0.0000000 0.0000000 0  0.0031303
-999.0000000  765.0000000  0.0000177  0.0000000 0.0000000 0  0.0046834
-999.0000000  740.0000000  0.0000167  0.0000000 0.0000000 0  0.0062108
-999.0000000  715.0000000  0.0000141  0.0000000 0.0000000 0  0.0073624
-999.0000000  690.0000000  0.0000101  0.0000000 0.0000000 0  0.0079061
-999.0000000  665.0000000  0.0000047  0.0000000 0.0000000 0  0.0076668
-999.0000000  640.0000000  0.0000002 -0.0000000 0.0000000 0  0.0064397
-999.0000000  615.0000000 -0.0000022 -0.0000000 0.0000000 0  0.0040140
-999.0000000  590.0000000  0.0000002  0.0000000 0.0000000 0  0.0004341
-999.0000000  565.0000000  0.0000074  0.0000000 0.0000000 0 -0.0038668
-999.0000000  540.0000000  0.0000116  0.0000000 0.0000000 0 -0.0081875
-999.0000000  515.0000000  0.0000106  0.0000000 0.0000000 0 -0.0116530
-999.0000000  490.0000000  0.0000079  0.0000000 0.0000000 0 -0.0137860
-999.0000000  465.0000000  0.0000052  0.0000000 0.0000000 0 -0.0148664
-999.0000000  440.0000000  0.0000049  0.0000000 0.0000000 0 -0.0158510
-999.0000000  415.0000000  0.0000083  0.0000000 0.0000000 0 -0.0182554
-999.0000000  390.0000000  0.0000152  0.0000000 0.0000000 0 -0.0231330
-999.0000000  365.0000000  0.0000249  0.0000000 0.0000000 0 -0.0303542
-999.0000000  340.0000000  0.0000351  0.0000000 0.0000000 0 -0.0384553
-999.0000000  315.0000000  0.0000434  0.0000000 0.0000000 0 -0.0447603
-999.0000000  290.0000000  0.0000462  0.0000000 0.0000000 0 -0.0468669
-999.0000000  265.0000000  0.0000411  0.0000000 0.0000000 0 -0.0435316
-999.0000000  240.0000000  0.0000280  0.0000000 0.0000000 0 -0.0347044
-999.0000000  215.0000000  0.0000082  0.0000000 0.0000000 0 -0.0223561
-999.0000000  190.0000000 -0.0000120  0.0000000 0.0000000 0 -0.0104041
-999.0000000  165.0000000 -0.0000254 -0.0000000 0.0000000 0 -0.0030650
-999.0000000  140.0000000 -0.0000225 -0.0000000 0.0000000 0  0.0026366
-999.0000000  115.0000000 -0.0000061 -0.0000000 0.0000000 0  0.0046665
-999.0000000   90.0000000 -0.0000051 -0.0000000 0.0000000 0  0.0000003
-999.0000000   65.0000000 -0.0000147  0.0000000 0.0000000 0 -0.0000000
-999.0000000   40.0000000 -0.0000222 -0.0000000 0.0000000 0 -0.0000000
-999.0000000   15.0000000 -0.0000166 -0.0000000 0.0000000 0 -0.0000000
 70.625  45   1004.13  day,levels,pres0
-999.0000000 1115.0000000  0.0000719  0.0000000 0.0000000 0  0.0008690
-999.0000000 1090.0000000  0.0000719  0.0000000 0.0000000 0  0.0008889
-999.0000000 1065.0000000  0.0000719  0.0000000 0.0000000 0  0.0009098
-999.0000000 1040.0000000  0.0000719  0.0000000 0.0000000 0  0.0009316
-999.0000000 1015.0000000  0.0000719  0.0000000 0.0000000 0  0.0009546
-999.0000000  990.0000000  0.0000719  0.0000000 0.0000000 0  0.0009787
-999.0000000  965.0000000  0.0000276  0.0000000 0.0000000 0  0.0029094
-999.0000000  940.0000000 -0.0000030  0.0000000 0.0000000 0  0.0049616
-999.0000000  915.0000000 -0.0000044  0.0000000 0.0000000 0  0.0070707
-999.0000000  890.0000000 -0.0000010  0.0000000 0.0000000 0  0.0094506
-999.0000000  865.0000000  0.0000080  0.0000000 0.0000000 0  0.0121643
-999.0000000  840.0000000  0.0000181  0.0000000 0.0000000 0  0.0151179
-999.0000000  815.0000000  0.0000279  0.0000000 0.0000000 0  0.0181933
-999.0000000  790.0000000  0.0000368  0.0000000 0.0000000 0  0.0212597
-999.0000000  765.0000000  0.0000441  0.0000000 0.0000000 0  0.0241230
-999.0000000  740.0000000  0.0000480  0.0000000 0.0000000 0  0.0265911
-999.0000000  715.0000000  0.0000485  0.0000000 0.0000000 0  0.0285347
-999.0000000  690.0000000  0.0000463  0.0000000 0.0000000 0  0.0298863
-999.0000000  665.0000000  0.0000413 -0.0000000 0.0000000 0  0.0306197
-999.0000000  640.0000000  0.0000377 -0.0000000 0.0000000 0  0.0306862
-999.0000000  615.0000000  0.0000371 -0.0000000 0.0000000 0  0.0300013
-999.0000000  590.0000000  0.0000416  0.0000000 0.0000000 0  0.0286117
-999.0000000  565.0000000  0.0000517  0.0000000 0.0000000 0  0.0267453
-999.0000000  540.0000000  0.0000601  0.0000000 0.0000000 0  0.0248013
-999.0000000  515.0000000  0.0000644  0.0000000 0.0000000 0  0.0233957
-999.0000000  490.0000000  0.0000650 -0.0000000 0.0000000 0  0.0230231
-999.0000000  465.0000000  0.0000620 -0.0000000 0.0000000 0  0.0238190
-999.0000000  440.0000000  0.0000572 -0.0000000 0.0000000 0  0.0255135
-999.0000000  415.0000000  0.0000516  0.0000000 0.0000000 0  0.0273974
-999.0000000  390.0000000  0.0000467  0.0000000 0.0000000 0  0.0287314
-999.0000000  365.0000000  0.0000443  0.0000000 0.0000000 0  0.0290155
-999.0000000  340.0000000  0.0000472  0.0000000 0.0000000 0  0.0281952
-999.0000000  315.0000000  0.0000545  0.0000000 0.0000000 0  0.0267318
-999.0000000  290.0000000  0.0000599  0.0000000 0.0000000 0  0.0252168
-999.0000000  265.0000000  0.0000579  0.0000000 0.0000000 0  0.0241205
-999.0000000  240.0000000  0.0000443  0.0000000 0.0000000 0  0.0237699
-999.0000000  215.0000000  0.0000199  0.0000000 0.0000000 0  0.0240646
-999.0000000  190.0000000 -0.0000067  0.0000000 0.0000000 0  0.0238334
-999.0000000  165.0000000 -0.0000232  0.0000000 0.0000000 0  0.0200864
-999.0000000  140.0000000 -0.0000131 -0.0000000 0.0000000 0  0.0125993
-999.0000000  115.0000000  0.0000075 -0.0000000 0.0000000 0  0.0050605
-999.0000000   90.0000000 -0.0000135 -0.0000000 0.0000000 0 -0.0000004
-999.0000000   65.0000000 -0.0000344  0.0000000 0.0000000 0 -0.0000000
-999.0000000   40.0000000 -0.0000159 -0.0000000 0.0000000 0 -0.0000000
-999.0000000   15.0000000  0.0000236  0.0000000 0.0000000 0 -0.0000000
 70.750  45   1000.90  day,levels,pres0
-999.0000000 1115.0000000  0.0000088  0.0000000 0.0000000 0 -0.0005473
-999.0000000 1090.0000000  0.0000088  0.0000000 0.0000000 0 -0.0005598
-999.0000000 1065.0000000  0.0000088  0.0000000 0.0000000 0 -0.0005730
-999.0000000 1040.0000000  0.0000088  0.0000000 0.0000000 0 -0.0005867
-999.0000000 1015.0000000  0.0000088  0.0000000 0.0000000 0 -0.0006012
-999.0000000  990.0000000  0.0000088  0.0000000 0.0000000 0 -0.0006164
-999.0000000  965.0000000  0.0000009  0.0000000 0.0000000 0 -0.0013883
-999.0000000  940.0000000 -0.0000025  0.0000000 0.0000000 0 -0.0008858
-999.0000000  915.0000000 -0.0000016  0.0000000 0.0000000 0  0.0007202
-999.0000000  890.0000000 -0.0000008 -0.0000000 0.0000000 0  0.0034800
-999.0000000  865.0000000  0.0000007 -0.0000000 0.0000000 0  0.0072032
-999.0000000  840.0000000  0.0000040  0.0000000 0.0000000 0  0.0113995
-999.0000000  815.0000000  0.0000079  0.0000000 0.0000000 0  0.0154907
-999.0000000  790.0000000  0.0000128  0.0000000 0.0000000 0  0.0191344
-999.0000000  765.0000000  0.0000185  0.0000000 0.0000000 0  0.0222358
-999.0000000  740.0000000  0.0000213  0.0000000 0.0000000 0  0.0248584
-999.0000000  715.0000000  0.0000201  0.0000000 0.0000000 0  0.0271362
-999.0000000  690.0000000  0.0000175  0.0000000 0.0000000 0  0.0292415
-999.0000000  665.0000000  0.0000136  0.0000000 0.0000000 0  0.0314291
-999.0000000  640.0000000  0.0000091 -0.0000000 0.0000000 0  0.0338759
-999.0000000  615.0000000  0.0000044 -0.0000000 0.0000000 0  0.0365555
-999.0000000  590.0000000  0.0000014 -0.0000000 0.0000000 0  0.0392741
-999.0000000  565.0000000  0.0000013  0.0000000 0.0000000 0  0.0416805
-999.0000000  540.0000000  0.0000039  0.0000000 0.0000000 0  0.0437237
-999.0000000  515.0000000  0.0000087  0.0000000 0.0000000 0  0.0459903
-999.0000000  490.0000000  0.0000120  0.0000000 0.0000000 0  0.0492935
-999.0000000  465.0000000  0.0000126  0.0000000 0.0000000 0  0.0544339
-999.0000000  440.0000000  0.0000107  0.0000000 0.0000000 0  0.0618813
-999.0000000  415.0000000  0.0000067  0.0000000 0.0000000 0  0.0715342
-999.0000000  390.0000000  0.0000017  0.0000000 0.0000000 0  0.0826440
-999.0000000  365.0000000 -0.0000028  0.0000000 0.0000000 0  0.0936657
-999.0000000  340.0000000 -0.0000041  0.0000000 0.0000000 0  0.1027088
-999.0000000  315.0000000 -0.0000011  0.0000000 0.0000000 0  0.1078338
-999.0000000  290.0000000  0.0000051  0.0000000 0.0000000 0  0.1077968
-999.0000000  265.0000000  0.0000127  0.0000000 0.0000000 0  0.1024708
-999.0000000  240.0000000  0.0000172  0.0000000 0.0000000 0  0.0927289
-999.0000000  215.0000000  0.0000151  0.0000000 0.0000000 0  0.0807803
-999.0000000  190.0000000  0.0000089  0.0000000 0.0000000 0  0.0684991
-999.0000000  165.0000000  0.0000072  0.0000000 0.0000000 0  0.0535888
-999.0000000  140.0000000  0.0000150  0.0000000 0.0000000 0  0.0299780
-999.0000000  115.0000000  0.0000157  0.0000000 0.0000000 0  0.0079695
-999.0000000   90.0000000 -0.0000082 -0.0000000 0.0000000 0  0.0000095
-999.0000000   65.0000000 -0.0000282  0.0000000 0.0000000 0 -0.0000000
-999.0000000   40.0000000 -0.0000046 -0.0000000 0.0000000 0 -0.0000000
-999.0000000   15.0000000  0.0000220  0.0000000 0.0000000 0 -0.0000000
 70.875  45   1000.74  day,levels,pres0
-999.0000000 1115.0000000 -0.0000549 -0.0000000 0.0000000 0 -0.0004583
-999.0000000 1090.0000000 -0.0000549 -0.0000000 0.0000000 0 -0.0004688
-999.0000000 1065.0000000 -0.0000549 -0.0000000 0.0000000 0 -0.0004798
-999.0000000 1040.0000000 -0.0000549 -0.0000000 0.0000000 0 -0.0004914
-999.0000000 1015.0000000 -0.0000549 -0.0000000 0.0000000 0 -0.0005035
-999.0000000  990.0000000 -0.0000549 -0.0000000 0.0000000 0 -0.0005162
-999.0000000  965.0000000 -0.0000263 -0.0000000 0.0000000 0 -0.0017144
-999.0000000  940.0000000 -0.0000024 -0.0000000 0.0000000 0 -0.0027773
-999.0000000  915.0000000  0.0000010 -0.0000000 0.0000000 0 -0.0032845
-999.0000000  890.0000000 -0.0000006 -0.0000000 0.0000000 0 -0.0027977
-999.0000000  865.0000000 -0.0000064 -0.0000000 0.0000000 0 -0.0012192
-999.0000000  840.0000000 -0.0000100 -0.0000000 0.0000000 0  0.0012012
-999.0000000  815.0000000 -0.0000120 -0.0000000 0.0000000 0  0.0040228
-999.0000000  790.0000000 -0.0000113  0.0000000 0.0000000 0  0.0068879
-999.0000000  765.0000000 -0.0000071  0.0000000 0.0000000 0  0.0095653
-999.0000000  740.0000000 -0.0000054  0.0000000 0.0000000 0  0.0119069
-999.0000000  715.0000000 -0.0000083  0.0000000 0.0000000 0  0.0138737
-999.0000000  690.0000000 -0.0000112  0.0000000 0.0000000 0  0.0155795
-999.0000000  665.0000000 -0.0000140  0.0000000 0.0000000 0  0.0172973
-999.0000000  640.0000000 -0.0000192  0.0000000 0.0000000 0  0.0192686
-999.0000000  615.0000000 -0.0000281 -0.0000000 0.0000000 0  0.0216032
-999.0000000  590.0000000 -0.0000385 -0.0000000 0.0000000 0  0.0242416
-999.0000000  565.0000000 -0.0000488 -0.0000000 0.0000000 0  0.0268976
-999.0000000  540.0000000 -0.0000522  0.0000000 0.0000000 0  0.0293416
-999.0000000  515.0000000 -0.0000470  0.0000000 0.0000000 0  0.0315993
-999.0000000  490.0000000 -0.0000409  0.0000000 0.0000000 0  0.0338855
-999.0000000  465.0000000 -0.0000368  0.0000000 0.0000000 0  0.0365910
-999.0000000  440.0000000 -0.0000356  0.0000000 0.0000000 0  0.0401127
-999.0000000  415.0000000 -0.0000380  0.0000000 0.0000000 0  0.0447203
-999.0000000  390.0000000 -0.0000430  0.0000000 0.0000000 0  0.0504405
-999.0000000  365.0000000 -0.0000495  0.0000000 0.0000000 0  0.0568747
-999.0000000  340.0000000 -0.0000550  0.0000000 0.0000000 0  0.0631420
-999.0000000  315.0000000 -0.0000566  0.0000000 0.0000000 0  0.0678705
-999.0000000  290.0000000 -0.0000498  0.0000000 0.0000000 0  0.0696677
-999.0000000  265.0000000 -0.0000330  0.0000000 0.0000000 0  0.0674748
-999.0000000  240.0000000 -0.0000106  0.0000000 0.0000000 0  0.0610368
-999.0000000  215.0000000  0.0000096  0.0000000 0.0000000 0  0.0517081
-999.0000000  190.0000000  0.0000241  0.0000000 0.0000000 0  0.0415743
-999.0000000  165.0000000  0.0000374  0.0000000 0.0000000 0  0.0303214
-999.0000000  140.0000000  0.0000433  0.0000000 0.0000000 0  0.0166225
-999.0000000  115.0000000  0.0000239  0.0000000 0.0000000 0  0.0051657
-999.0000000   90.0000000 -0.0000028  0.0000000 0.0000000 0 -0.0000018
-999.0000000   65.0000000 -0.0000220  0.0000000 0.0000000 0 -0.0000000
-999.0000000   40.0000000  0.0000067  0.0000000 0.0000000 0 -0.0000000
-999.0000000   15.0000000  0.0000205  0.0000000 0.0000000 0 -0.0000000
 71.000  45   1003.73  day,levels,pres0
-999.0000000 1115.0000000 -0.0000592 -0.0000000 0.0000000 0  0.0003508
-999.0000000 1090.0000000 -0.0000592 -0.0000000 0.0000000 0  0.0003589
-999.0000000 1065.0000000 -0.0000592 -0.0000000 0.0000000 0  0.0003673
-999.0000000 1040.0000000 -0.0000592 -0.0000000 0.0000000 0  0.0003761
-999.0000000 1015.0000000 -0.0000592 -0.0000000 0.0000000 0  0.0003854
-999.0000000  990.0000000 -0.0000592 -0.0000000 0.0000000 0  0.0003951
-999.0000000  965.0000000 -0.0000359 -0.0000000 0.0000000 0  0.0004948
-999.0000000  940.0000000 -0.0000147 -0.0000000 0.0000000 0 -0.0001448
-999.0000000  915.0000000 -0.0000093 -0.0000000 0.0000000 0 -0.0006920
-999.0000000  890.0000000 -0.0000078 -0.0000000 0.0000000 0 -0.0004363
-999.0000000  865.0000000 -0.0000100 -0.0000001 0.0000000 0  0.0010801
-999.0000000  840.0000000 -0.0000148 -0.0000001 0.0000000 0  0.0039308
-999.0000000  815.0000000 -0.0000207 -0.0000001 0.0000000 0  0.0078496
-999.0000000  790.0000000 -0.0000241 -0.0000000 0.0000000 0  0.0124805
-999.0000000  765.0000000 -0.0000245 -0.0000000 0.0000000 0  0.0174448
-999.0000000  740.0000000 -0.0000225 -0.0000000 0.0000000 0  0.0223105
-999.0000000  715.0000000 -0.0000196 -0.0000000 0.0000000 0  0.0267503
-999.0000000  690.0000000 -0.0000175 -0.0000000 0.0000000 0  0.0307603
-999.0000000  665.0000000 -0.0000168 -0.0000000 0.0000000 0  0.0346140
-999.0000000  640.0000000 -0.0000174 -0.0000000 0.0000000 0  0.0385972
-999.0000000  615.0000000 -0.0000197 -0.0000000 0.0000000 0  0.0429120
-999.0000000  590.0000000 -0.0000241 -0.0000000 0.0000000 0  0.0475961
-999.0000000  565.0000000 -0.0000299  0.0000000 0.0000000 0  0.0523770
-999.0000000  540.0000000 -0.0000313  0.0000000 0.0000000 0  0.0568811
-999.0000000  515.0000000 -0.0000264  0.0000000 0.0000000 0  0.0608065
-999.0000000  490.0000000 -0.0000198  0.0000000 0.0000000 0  0.0638991
-999.0000000  465.0000000 -0.0000131  0.0000000 0.0000000 0  0.0660543
-999.0000000  440.0000000 -0.0000073  0.0000000 0.0000000 0  0.0674592
-999.0000000  415.0000000 -0.0000034  0.0000000 0.0000000 0  0.0685669
-999.0000000  390.0000000 -0.0000023  0.0000000 0.0000000 0  0.0699447
-999.0000000  365.0000000 -0.0000046  0.0000000 0.0000000 0  0.0720532
-999.0000000  340.0000000 -0.0000090  0.0000000 0.0000000 0  0.0748384
-999.0000000  315.0000000 -0.0000139  0.0000000 0.0000000 0  0.0774721
-999.0000000  290.0000000 -0.0000161  0.0000000 0.0000000 0  0.0784356
-999.0000000  265.0000000 -0.0000135  0.0000000 0.0000000 0  0.0757838
-999.0000000  240.0000000 -0.0000072  0.0000000 0.0000000 0  0.0681586
-999.0000000  215.0000000 -0.0000031  0.0000000 0.0000000 0  0.0560415
-999.0000000  190.0000000 -0.0000075  0.0000000 0.0000000 0  0.0416420
-999.0000000  165.0000000 -0.0000108 -0.0000000 0.0000000 0  0.0263905
-999.0000000  140.0000000 -0.0000041 -0.0000000 0.0000000 0  0.0128902
-999.0000000  115.0000000 -0.0000003  0.0000000 0.0000000 0  0.0044139
-999.0000000   90.0000000  0.0000040  0.0000000 0.0000000 0  0.0000002
-999.0000000   65.0000000  0.0000011 -0.0000000 0.0000000 0 -0.0000000
-999.0000000   40.0000000  0.0000053  0.0000000 0.0000000 0 -0.0000000
-999.0000000   15.0000000 -0.0000000 -0.0000000 0.0000000 0 -0.0000000
 71.125  45   1005.26  day,levels,pres0
-999.0000000 1115.0000000 -0.0000634 -0.0000001 0.0000000 0  0.0001074
-999.0000000 1090.0000000 -0.0000634 -0.0000001 0.0000000 0  0.0001098
-999.0000000 1065.0000000 -0.0000634 -0.0000001 0.0000000 0  0.0001124
-999.0000000 1040.0000000 -0.0000634 -0.0000001 0.0000000 0  0.0001151
-999.0000000 1015.0000000 -0.0000634 -0.0000001 0.0000000 0  0.0001180
-999.0000000  990.0000000 -0.0000634 -0.0000001 0.0000000 0  0.0001209
-999.0000000  965.0000000 -0.0000453 -0.0000001 0.0000000 0 -0.0002643
-999.0000000  940.0000000 -0.0000268 -0.0000000 0.0000000 0 -0.0011097
-999.0000000  915.0000000 -0.0000191 -0.0000000 0.0000000 0 -0.0015991
-999.0000000  890.0000000 -0.0000144 -0.0000001 0.0000000 0 -0.0011688
-999.0000000  865.0000000 -0.0000131 -0.0000001 0.0000000 0  0.0005444
-999.0000000  840.0000000 -0.0000191 -0.0000001 0.0000000 0  0.0035267
-999.0000000  815.0000000 -0.0000292 -0.0000001 0.0000000 0  0.0074166
-999.0000000  790.0000000 -0.0000368 -0.0000001 0.0000000 0  0.0118047
-999.0000000  765.0000000 -0.0000418 -0.0000001 0.0000000 0  0.0163341
-999.0000000  740.0000000 -0.0000397 -0.0000001 0.0000000 0  0.0206877
-999.0000000  715.0000000 -0.0000312 -0.0000001 0.0000000 0  0.0246777
-999.0000000  690.0000000 -0.0000241 -0.0000000 0.0000000 0  0.0283667
-999.0000000  665.0000000 -0.0000199 -0.0000000 0.0000000 0  0.0320425
-999.0000000  640.0000000 -0.0000158 -0.0000000 0.0000000 0  0.0359944
-999.0000000  615.0000000 -0.0000117 -0.0000000 0.0000000 0  0.0404147
-999.0000000  590.0000000 -0.0000101  0.0000000 0.0000000 0  0.0453580
-999.0000000  565.0000000 -0.0000114  0.0000000 0.0000000 0  0.0506168
-999.0000000  540.0000000 -0.0000106  0.0000000 0.0000000 0  0.0558577
-999.0000000  515.0000000 -0.0000060  0.0000000 0.0000000 0  0.0607439
-999.0000000  490.0000000  0.0000011  0.0000000 0.0000000 0  0.0649723
-999.0000000  465.0000000  0.0000106  0.0000000 0.0000000 0  0.0684047
-999.0000000  440.0000000  0.0000211  0.0000000 0.0000000 0  0.0711869
-999.0000000  415.0000000  0.0000315  0.0000000 0.0000000 0  0.0737350
-999.0000000  390.0000000  0.0000386  0.0000000 0.0000000 0  0.0765273
-999.0000000  365.0000000  0.0000406  0.0000000 0.0000000 0  0.0799249
-999.0000000  340.0000000  0.0000373  0.0000000 0.0000000 0  0.0840225
-999.0000000  315.0000000  0.0000289  0.0000000 0.0000000 0  0.0884383
-999.0000000  290.0000000  0.0000176  0.0000000 0.0000000 0  0.0921248
-999.0000000  265.0000000  0.0000058  0.0000000 0.0000000 0  0.0932184
-999.0000000  240.0000000 -0.0000040  0.0000000 0.0000000 0  0.0893979
-999.0000000  215.0000000 -0.0000161 -0.0000000 0.0000000 0  0.0787971
-999.0000000  190.0000000 -0.0000395 -0.0000000 0.0000000 0  0.0613511
-999.0000000  165.0000000 -0.0000593 -0.0000000 0.0000000 0  0.0392867
-999.0000000  140.0000000 -0.0000515 -0.0000000 0.0000000 0  0.0176290
-999.0000000  115.0000000 -0.0000244 -0.0000000 0.0000000 0  0.0042188
-999.0000000   90.0000000  0.0000108  0.0000000 0.0000000 0  0.0000009
-999.0000000   65.0000000  0.0000242 -0.0000000 0.0000000 0 -0.0000000
-999.0000000   40.0000000  0.0000040  0.0000000 0.0000000 0 -0.0000000
-999.0000000   15.0000000 -0.0000205 -0.0000000 0.0000000 0 -0.0000000
 71.250  45   1003.53  day,levels,pres0
-999.0000000 1115.0000000 -0.0000406 -0.0000000 0.0000000 0  0.0019039
-999.0000000 1090.0000000 -0.0000406 -0.0000000 0.0000000 0  0.0019475
-999.0000000 1065.0000000 -0.0000406 -0.0000000 0.0000000 0  0.0019932
-999.0000000 1040.0000000 -0.0000406 -0.0000000 0.0000000 0  0.0020412
-999.0000000 1015.0000000 -0.0000406 -0.0000000 0.0000000 0  0.0020914
-999.0000000  990.0000000 -0.0000406 -0.0000000 0.0000000 0  0.0021442
-999.0000000  965.0000000 -0.0000415 -0.0000000 0.0000000 0  0.0058215
-999.0000000  940.0000000 -0.0000287 -0.0000000 0.0000000 0  0.0093145
-999.0000000  915.0000000 -0.0000153 -0.0000000 0.0000000 0  0.0131834
-999.0000000  890.0000000 -0.0000072 -0.0000000 0.0000000 0  0.0175229
-999.0000000  865.0000000 -0.0000033 -0.0000000 0.0000000 0  0.0223386
-999.0000000  840.0000000 -0.0000040 -0.0000001 0.0000000 0  0.0275512
-999.0000000  815.0000000 -0.0000062 -0.0000001 0.0000000 0  0.0328210
-999.0000000  790.0000000 -0.0000073 -0.0000001 0.0000000 0  0.0378625
-999.0000000  765.0000000 -0.0000079 -0.0000001 0.0000000 0  0.0425326
-999.0000000  740.0000000 -0.0000063 -0.0000001 0.0000000 0  0.0467347
-999.0000000  715.0000000 -0.0000025 -0.0000000 0.0000000 0  0.0504269
-999.0000000  690.0000000  0.0000005 -0.0000000 0.0000000 0  0.0536405
-999.0000000  665.0000000  0.0000023 -0.0000000 0.0000000 0  0.0564864
-999.0000000  640.0000000  0.0000045 -0.0000000 0.0000000 0  0.0590881
-999.0000000  615.0000000  0.0000074 -0.0000000 0.0000000 0  0.0615419
-999.0000000  590.0000000  0.0000079 -0.0000000 0.0000000 0  0.0640600
-999.0000000  565.0000000  0.0000054  0.0000000 0.0000000 0  0.0668832
-999.0000000  540.0000000  0.0000017  0.0000000 0.0000000 0  0.0700758
-999.0000000  515.0000000 -0.0000022  0.0000000 0.0000000 0  0.0734671
-999.0000000  490.0000000 -0.0000042  0.0000000 0.0000000 0  0.0766623
-999.0000000  465.0000000 -0.0000037  0.0000000 0.0000000 0  0.0791719
-999.0000000  440.0000000 -0.0000021  0.0000000 0.0000000 0  0.0808616
-999.0000000  415.0000000 -0.0000005  0.0000000 0.0000000 0  0.0820547
-999.0000000  390.0000000 -0.0000000  0.0000000 0.0000000 0  0.0831759
-999.0000000  365.0000000 -0.0000009  0.0000000 0.0000000 0  0.0846023
-999.0000000  340.0000000 -0.0000022  0.0000000 0.0000000 0  0.0866831
-999.0000000  315.0000000 -0.0000037  0.0000000 0.0000000 0  0.0895907
-999.0000000  290.0000000 -0.0000068  0.0000000 0.0000000 0  0.0928054
-999.0000000  265.0000000 -0.0000114 -0.0000000 0.0000000 0  0.0946889
-999.0000000  240.0000000 -0.0000159 -0.0000000 0.0000000 0  0.0923215
-999.0000000  215.0000000 -0.0000203 -0.0000000 0.0000000 0  0.0817024
-999.0000000  190.0000000 -0.0000271 -0.0000000 0.0000000 0  0.0604956
-999.0000000  165.0000000 -0.0000319 -0.0000000 0.0000000 0  0.0326420
-999.0000000  140.0000000 -0.0000241 -0.0000000 0.0000000 0  0.0093965
-999.0000000  115.0000000 -0.0000001 -0.0000000 0.0000000 0  0.0000086
-999.0000000   90.0000000  0.0000280  0.0000000 0.0000000 0  0.0000013
-999.0000000   65.0000000  0.0000273 -0.0000000 0.0000000 0 -0.0000000
-999.0000000   40.0000000  0.0000064  0.0000000 0.0000000 0 -0.0000000
-999.0000000   15.0000000 -0.0000160 -0.0000000 0.0000000 0 -0.0000000
 71.375  45   1003.29  day,levels,pres0
-999.0000000 1115.0000000 -0.0000174 -0.0000000 0.0000000 0  0.0022740
-999.0000000 1090.0000000 -0.0000174 -0.0000000 0.0000000 0  0.0023262
-999.0000000 1065.0000000 -0.0000174 -0.0000000 0.0000000 0  0.0023808
-999.0000000 1040.0000000 -0.0000174 -0.0000000 0.0000000 0  0.0024380
-999.0000000 1015.0000000 -0.0000174 -0.0000000 0.0000000 0  0.0024981
-999.0000000  990.0000000 -0.0000174 -0.0000000 0.0000000 0  0.0025612
-999.0000000  965.0000000 -0.0000370 -0.0000000 0.0000000 0  0.0073237
-999.0000000  940.0000000 -0.0000301 -0.0000000 0.0000000 0  0.0119025
-999.0000000  915.0000000 -0.0000111 -0.0000000 0.0000000 0  0.0163521
-999.0000000  890.0000000  0.0000002 -0.0000000 0.0000000 0  0.0209263
-999.0000000  865.0000000  0.0000064 -0.0000000 0.0000000 0  0.0257262
-999.0000000  840.0000000  0.0000109 -0.0000000 0.0000000 0  0.0304100
-999.0000000  815.0000000  0.0000166 -0.0000000 0.0000000 0  0.0346516
-999.0000000  790.0000000  0.0000220 -0.0000000 0.0000000 0  0.0383350
-999.0000000  765.0000000  0.0000258 -0.0000000 0.0000000 0  0.0413965
-999.0000000  740.0000000  0.0000270 -0.0000000 0.0000000 0  0.0437803
-999.0000000  715.0000000  0.0000262 -0.0000000 0.0000000 0  0.0454965
-999.0000000  690.0000000  0.0000252 -0.0000000 0.0000000 0  0.0466132
-999.0000000  665.0000000  0.0000245 -0.0000000 0.0000000 0  0.0472603
-999.0000000  640.0000000  0.0000248 -0.0000000 0.0000000 0  0.0475846
-999.0000000  615.0000000  0.0000262 -0.0000000 0.0000000 0  0.0477321
-999.0000000  590.0000000  0.0000258 -0.0000000 0.0000000 0  0.0480305
-999.0000000  565.0000000  0.0000219 -0.0000000 0.0000000 0  0.0489214
-999.0000000  540.0000000  0.0000137 -0.0000000 0.0000000 0  0.0505676
-999.0000000  515.0000000  0.0000012 -0.0000000 0.0000000 0  0.0527301
-999.0000000  490.0000000 -0.0000099 -0.0000000 0.0000000 0  0.0550831
-999.0000000  465.0000000 -0.0000181 -0.0000000 0.0000000 0  0.0573848
-999.0000000  440.0000000 -0.0000256 -0.0000000 0.0000000 0  0.0595759
-999.0000000  415.0000000 -0.0000329  0.0000000 0.0000000 0  0.0617608
-999.0000000  390.0000000 -0.0000390  0.0000000 0.0000000 0  0.0640201
-999.0000000  365.0000000 -0.0000429  0.0000000 0.0000000 0  0.0663670
-999.0000000  340.0000000 -0.0000420  0.0000000 0.0000000 0  0.0689150
-999.0000000  315.0000000 -0.0000367 -0.0000000 0.0000000 0  0.0717263
-999.0000000  290.0000000 -0.0000314 -0.0000000 0.0000000 0  0.0739564
-999.0000000  265.0000000 -0.0000286 -0.0000000 0.0000000 0  0.0735132
-999.0000000  240.0000000 -0.0000273 -0.0000000 0.0000000 0  0.0679189
-999.0000000  215.0000000 -0.0000238 -0.0000000 0.0000000 0  0.0555285
-999.0000000  190.0000000 -0.0000139 -0.0000000 0.0000000 0  0.0371464
-999.0000000  165.0000000 -0.0000038 -0.0000000 0.0000000 0  0.0169927
-999.0000000  140.0000000  0.0000035  0.0000000 0.0000000 0  0.0024593
-999.0000000  115.0000000  0.0000242 -0.0000000 0.0000000 0 -0.0017591
-999.0000000   90.0000000  0.0000452 -0.0000000 0.0000000 0  0.0000039
-999.0000000   65.0000000  0.0000303 -0.0000000 0.0000000 0 -0.0000000
-999.0000000   40.0000000  0.0000089  0.0000000 0.0000000 0 -0.0000000
-999.0000000   15.0000000 -0.0000115 -0.0000000 0.0000000 0 -0.0000000
 71.500  45   1005.44  day,levels,pres0
-999.0000000 1115.0000000  0.0000486 -0.0000000 0.0000000 0  0.0017582
-999.0000000 1090.0000000  0.0000486 -0.0000000 0.0000000 0  0.0017985
-999.0000000 1065.0000000  0.0000486 -0.0000000 0.0000000 0  0.0018408
-999.0000000 1040.0000000  0.0000486 -0.0000000 0.0000000 0  0.0018850
-999.0000000 1015.0000000  0.0000486 -0.0000000 0.0000000 0  0.0019314
-999.0000000  990.0000000  0.0000486 -0.0000000 0.0000000 0  0.0019802
-999.0000000  965.0000000  0.0000151 -0.0000000 0.0000000 0  0.0052516
-999.0000000  940.0000000 -0.0000120 -0.0000000 0.0000000 0  0.0082940
-999.0000000  915.0000000 -0.0000143 -0.0000000 0.0000000 0  0.0108458
-999.0000000  890.0000000 -0.0000133 -0.0000000 0.0000000 0  0.0135120
-999.0000000  865.0000000 -0.0000112 -0.0000000 0.0000000 0  0.0166877
-999.0000000  840.0000000 -0.0000039 -0.0000000 0.0000000 0  0.0198857
-999.0000000  815.0000000  0.0000020  0.0000000 0.0000000 0  0.0227487
-999.0000000  790.0000000  0.0000065  0.0000000 0.0000000 0  0.0251661
-999.0000000  765.0000000  0.0000126 -0.0000000 0.0000000 0  0.0269840
-999.0000000  740.0000000  0.0000179 -0.0000000 0.0000000 0  0.0280568
-999.0000000  715.0000000  0.0000211 -0.0000000 0.0000000 0  0.0283731
-999.0000000  690.0000000  0.0000242 -0.0000000 0.0000000 0  0.0280478
-999.0000000  665.0000000  0.0000277 -0.0000000 0.0000000 0  0.0273027
-999.0000000  640.0000000  0.0000327 -0.0000000 0.0000000 0  0.0263877
-999.0000000  615.0000000  0.0000388 -0.0000000 0.0000000 0  0.0255616
-999.0000000  590.0000000  0.0000422 -0.0000000 0.0000000 0  0.0252321
-999.0000000  565.0000000  0.0000410 -0.0000000 0.0000000 0  0.0259006
-999.0000000  540.0000000  0.0000357 -0.0000000 0.0000000 0  0.0276835
-999.0000000  515.0000000  0.0000267 -0.0000000 0.0000000 0  0.0301664
-999.0000000  490.0000000  0.0000178 -0.0000000 0.0000000 0  0.0330595
-999.0000000  465.0000000  0.0000106 -0.0000000 0.0000000 0  0.0364351
-999.0000000  440.0000000  0.0000045 -0.0000000 0.0000000 0  0.0403810
-999.0000000  415.0000000  0.0000000 -0.0000000 0.0000000 0  0.0448316
-999.0000000  390.0000000 -0.0000014  0.0000000 0.0000000 0  0.0495780
-999.0000000  365.0000000  0.0000006  0.0000000 0.0000000 0  0.0543216
-999.0000000  340.0000000  0.0000033  0.0000000 0.0000000 0  0.0589606
-999.0000000  315.0000000  0.0000052  0.0000000 0.0000000 0  0.0634066
-999.0000000  290.0000000  0.0000052 -0.0000000 0.0000000 0  0.0664282
-999.0000000  265.0000000  0.0000022 -0.0000000 0.0000000 0  0.0653269
-999.0000000  240.0000000 -0.0000040 -0.0000000 0.0000000 0  0.0578095
-999.0000000  215.0000000 -0.0000111 -0.0000000 0.0000000 0  0.0443968
-999.0000000  190.0000000 -0.0000148 -0.0000000 0.0000000 0  0.0289947
-999.0000000  165.0000000 -0.0000131 -0.0000000 0.0000000 0  0.0155554
-999.0000000  140.0000000  0.0000012 -0.0000000 0.0000000 0  0.0049141
-999.0000000  115.0000000  0.0000265 -0.0000000 0.0000000 0 -0.0006253
-999.0000000   90.0000000  0.0000315 -0.0000000 0.0000000 0 -0.0000003
-999.0000000   65.0000000  0.0000155 -0.0000000 0.0000000 0 -0.0000000
-999.0000000   40.0000000 -0.0000020 -0.0000000 0.0000000 0 -0.0000000
-999.0000000   15.0000000 -0.0000037 -0.0000000 0.0000000 0 -0.0000000
 71.625  45   1004.66  day,levels,pres0
-999.0000000 1115.0000000  0.0001149 -0.0000001 0.0000000 0 -0.0005349
-999.0000000 1090.0000000  0.0001149 -0.0000001 0.0000000 0 -0.0005472
-999.0000000 1065.0000000  0.0001149 -0.0000001 0.0000000 0 -0.0005600
-999.0000000 1040.0000000  0.0001149 -0.0000001 0.0000000 0 -0.0005735
-999.0000000 1015.0000000  0.0001149 -0.0000001 0.0000000 0 -0.0005876
-999.0000000  990.0000000  0.0001149 -0.0000001 0.0000000 0 -0.0006025
-999.0000000  965.0000000  0.0000674 -0.0000000 0.0000000 0 -0.0015952
-999.0000000  940.0000000  0.0000061 -0.0000000 0.0000000 0 -0.0023288
-999.0000000  915.0000000 -0.0000176 -0.0000000 0.0000000 0 -0.0024488
-999.0000000  890.0000000 -0.0000269  0.0000000 0.0000000 0 -0.0016062
-999.0000000  865.0000000 -0.0000286  0.0000000 0.0000000 0  0.0000320
-999.0000000  840.0000000 -0.0000184  0.0000000 0.0000000 0  0.0020385
-999.0000000  815.0000000 -0.0000125  0.0000000 0.0000000 0  0.0041823
-999.0000000  790.0000000 -0.0000089  0.0000000 0.0000000 0  0.0063749
-999.0000000  765.0000000 -0.0000006  0.0000000 0.0000000 0  0.0086501
-999.0000000  740.0000000  0.0000087 -0.0000000 0.0000000 0  0.0110184
-999.0000000  715.0000000  0.0000156 -0.0000000 0.0000000 0  0.0134125
-999.0000000  690.0000000  0.0000227 -0.0000000 0.0000000 0  0.0158279
-999.0000000  665.0000000  0.0000306 -0.0000000 0.0000000 0  0.0183512
-999.0000000  640.0000000  0.0000402 -0.0000000 0.0000000 0  0.0211289
-999.0000000  615.0000000  0.0000511 -0.0000000 0.0000000 0  0.0243590
-999.0000000  590.0000000  0.0000584 -0.0000000 0.0000000 0  0.0281353
-999.0000000  565.0000000  0.0000602 -0.0000000 0.0000000 0  0.0323725
-999.0000000  540.0000000  0.0000581 -0.0000000 0.0000000 0  0.0368669
-999.0000000  515.0000000  0.0000524 -0.0000000 0.0000000 0  0.0413688
-999.0000000  490.0000000  0.0000459 -0.0000000 0.0000000 0  0.0458744
-999.0000000  465.0000000  0.0000398 -0.0000000 0.0000000 0  0.0507195
-999.0000000  440.0000000  0.0000351 -0.0000000 0.0000000 0  0.0561635
-999.0000000  415.0000000  0.0000333 -0.0000000 0.0000000 0  0.0621823
-999.0000000  390.0000000  0.0000367 -0.0000000 0.0000000 0  0.0685609
-999.0000000  365.0000000  0.0000443  0.0000000 0.0000000 0  0.0749350
-999.0000000  340.0000000  0.0000489  0.0000000 0.0000000 0  0.0810179
-999.0000000  315.0000000  0.0000475  0.0000000 0.0000000 0  0.0864239
-999.0000000  290.0000000  0.0000420  0.0000000 0.0000000 0  0.0896076
-999.0000000  265.0000000  0.0000330 -0.0000000 0.0000000 0  0.0875204
-999.0000000  240.0000000  0.0000190 -0.0000000 0.0000000 0  0.0778197
-999.0000000  215.0000000  0.0000010 -0.0000000 0.0000000 0  0.0620244
-999.0000000  190.0000000 -0.0000163 -0.0000000 0.0000000 0  0.0454563
-999.0000000  165.0000000 -0.0000228 -0.0000000 0.0000000 0  0.0319366
-999.0000000  140.0000000 -0.0000012 -0.0000000 0.0000000 0  0.0158237
-999.0000000  115.0000000  0.0000289 -0.0000000 0.0000000 0  0.0018441
-999.0000000   90.0000000  0.0000178 -0.0000000 0.0000000 0  0.0000024
-999.0000000   65.0000000  0.0000006  0.0000000 0.0000000 0 -0.0000000
-999.0000000   40.0000000 -0.0000129 -0.0000000 0.0000000 0 -0.0000000
-999.0000000   15.0000000  0.0000041  0.0000000 0.0000000 0 -0.0000000
 71.750  45   1000.95  day,levels,pres0
-999.0000000 1115.0000000  0.0000290 -0.0000000 0.0000000 0 -0.0020094
-999.0000000 1090.0000000  0.0000290 -0.0000000 0.0000000 0 -0.0020555
-999.0000000 1065.0000000  0.0000290 -0.0000000 0.0000000 0 -0.0021037
-999.0000000 1040.0000000  0.0000290 -0.0000000 0.0000000 0 -0.0021543
-999.0000000 1015.0000000  0.0000290 -0.0000000 0.0000000 0 -0.0022074
-999.0000000  990.0000000  0.0000290 -0.0000000 0.0000000 0 -0.0022631
-999.0000000  965.0000000  0.0000267 -0.0000000 0.0000000 0 -0.0074171
-999.0000000  940.0000000  0.0000144 -0.0000000 0.0000000 0 -0.0119217
-999.0000000  915.0000000  0.0000049 -0.0000000 0.0000000 0 -0.0147550
-999.0000000  890.0000000 -0.0000027 -0.0000000 0.0000000 0 -0.0160661
-999.0000000  865.0000000 -0.0000035 -0.0000000 0.0000000 0 -0.0168825
-999.0000000  840.0000000  0.0000006  0.0000000 0.0000000 0 -0.0176114
-999.0000000  815.0000000  0.0000062  0.0000000 0.0000000 0 -0.0183252
-999.0000000  790.0000000  0.0000088  0.0000000 0.0000000 0 -0.0189279
-999.0000000  765.0000000  0.0000105  0.0000000 0.0000000 0 -0.0188058
-999.0000000  740.0000000  0.0000116 -0.0000000 0.0000000 0 -0.0174975
-999.0000000  715.0000000  0.0000121 -0.0000000 0.0000000 0 -0.0151428
-999.0000000  690.0000000  0.0000130 -0.0000000 0.0000000 0 -0.0119668
-999.0000000  665.0000000  0.0000147 -0.0000000 0.0000000 0 -0.0080822
-999.0000000  640.0000000  0.0000164 -0.0000000 0.0000000 0 -0.0035391
-999.0000000  615.0000000  0.0000177 -0.0000000 0.0000000 0  0.0017213
-999.0000000  590.0000000  0.0000171 -0.0000000 0.0000000 0  0.0074463
-999.0000000  565.0000000  0.0000145 -0.0000000 0.0000000 0  0.0129747
-999.0000000  540.0000000  0.0000115 -0.0000000 0.0000000 0  0.0178890
-999.0000000  515.0000000  0.0000084 -0.0000000 0.0000000 0  0.0222701
-999.0000000  490.0000000  0.0000050 -0.0000000 0.0000000 0  0.0264845
-999.0000000  465.0000000  0.0000012 -0.0000000 0.0000000 0  0.0311201
-999.0000000  440.0000000 -0.0000019 -0.0000000 0.0000000 0  0.0365500
-999.0000000  415.0000000 -0.0000034  0.0000000 0.0000000 0  0.0427014
-999.0000000  390.0000000 -0.0000019  0.0000000 0.0000000 0  0.0492659
-999.0000000  365.0000000  0.0000025  0.0000000 0.0000000 0  0.0557753
-999.0000000  340.0000000  0.0000068  0.0000000 0.0000000 0  0.0618161
-999.0000000  315.0000000  0.0000093  0.0000000 0.0000000 0  0.0669061
-999.0000000  290.0000000  0.0000099 -0.0000000 0.0000000 0  0.0694209
-999.0000000  265.0000000  0.0000083 -0.0000000 0.0000000 0  0.0662887
-999.0000000  240.0000000  0.0000052 -0.0000000 0.0000000 0  0.0556452
-999.0000000  215.0000000  0.0000050 -0.0000000 0.0000000 0  0.0404950
-999.0000000  190.0000000  0.0000111  0.0000000 0.0000000 0  0.0278075
-999.0000000  165.0000000  0.0000199  0.0000000 0.0000000 0  0.0218226
-999.0000000  140.0000000  0.0000232  0.0000000 0.0000000 0  0.0123924
-999.0000000  115.0000000  0.0000081  0.0000000 0.0000000 0  0.0008628
-999.0000000   90.0000000 -0.0000237  0.0000000 0.0000000 0 -0.0000009
-999.0000000   65.0000000 -0.0000250  0.0000000 0.0000000 0 -0.0000000
-999.0000000   40.0000000 -0.0000089 -0.0000000 0.0000000 0 -0.0000000
-999.0000000   15.0000000  0.0000174  0.0000000 0.0000000 0 -0.0000000
 71.875  45   1000.74  day,levels,pres0
-999.0000000 1115.0000000 -0.0000571  0.0000000 0.0000000 0 -0.0011118
-999.0000000 1090.0000000 -0.0000571  0.0000000 0.0000000 0 -0.0011373
-999.0000000 1065.0000000 -0.0000571  0.0000000 0.0000000 0 -0.0011640
-999.0000000 1040.0000000 -0.0000571  0.0000000 0.0000000 0 -0.0011920
-999.0000000 1015.0000000 -0.0000571  0.0000000 0.0000000 0 -0.0012214
-999.0000000  990.0000000 -0.0000571  0.0000000 0.0000000 0 -0.0012522
-999.0000000  965.0000000 -0.0000142  0.0000000 0.0000000 0 -0.0042841
-999.0000000  940.0000000  0.0000226 -0.0000000 0.0000000 0 -0.0071597
-999.0000000  915.0000000  0.0000274 -0.0000000 0.0000000 0 -0.0090748
-999.0000000  890.0000000  0.0000214 -0.0000000 0.0000000 0 -0.0098240
-999.0000000  865.0000000  0.0000215 -0.0000000 0.0000000 0 -0.0099857
-999.0000000  840.0000000  0.0000196 -0.0000000 0.0000000 0 -0.0100835
-999.0000000  815.0000000  0.0000250 -0.0000000 0.0000000 0 -0.0102658
-999.0000000  790.0000000  0.0000268 -0.0000000 0.0000000 0 -0.0104987
-999.0000000  765.0000000  0.0000220 -0.0000000 0.0000000 0 -0.0106438
-999.0000000  740.0000000  0.0000148  0.0000000 0.0000000 0 -0.0105309
-999.0000000  715.0000000  0.0000088 -0.0000000 0.0000000 0 -0.0100418
-999.0000000  690.0000000  0.0000037 -0.0000000 0.0000000 0 -0.0091188
-999.0000000  665.0000000 -0.0000008 -0.0000000 0.0000000 0 -0.0077455
-999.0000000  640.0000000 -0.0000070 -0.0000000 0.0000000 0 -0.0059605
-999.0000000  615.0000000 -0.0000155 -0.0000000 0.0000000 0 -0.0038702
-999.0000000  590.0000000 -0.0000240  0.0000000 0.0000000 0 -0.0016971
-999.0000000  565.0000000 -0.0000312  0.0000000 0.0000000 0  0.0002234
-999.0000000  540.0000000 -0.0000353  0.0000000 0.0000000 0  0.0017142
-999.0000000  515.0000000 -0.0000357  0.0000000 0.0000000 0  0.0028902
-999.0000000  490.0000000 -0.0000361  0.0000000 0.0000000 0  0.0040297
-999.0000000  465.0000000 -0.0000377  0.0000000 0.0000000 0  0.0055316
-999.0000000  440.0000000 -0.0000393  0.0000000 0.0000000 0  0.0077012
-999.0000000  415.0000000 -0.0000406  0.0000000 0.0000000 0  0.0105900
-999.0000000  390.0000000 -0.0000411  0.0000000 0.0000000 0  0.0139398
-999.0000000  365.0000000 -0.0000399  0.0000000 0.0000000 0  0.0171863
-999.0000000  340.0000000 -0.0000359  0.0000000 0.0000000 0  0.0198217
-999.0000000  315.0000000 -0.0000293 -0.0000000 0.0000000 0  0.0215392
-999.0000000  290.0000000 -0.0000223 -0.0000000 0.0000000 0  0.0218572
-999.0000000  265.0000000 -0.0000160 -0.0000000 0.0000000 0  0.0199113
-999.0000000  240.0000000 -0.0000077 -0.0000000 0.0000000 0  0.0150306
-999.0000000  215.0000000  0.0000098  0.0000000 0.0000000 0  0.0079205
-999.0000000  190.0000000  0.0000389  0.0000000 0.0000000 0  0.0010081
-999.0000000  165.0000000  0.0000625  0.0000000 0.0000000 0 -0.0022945
-999.0000000  140.0000000  0.0000474  0.0000000 0.0000000 0 -0.0029685
-999.0000000  115.0000000 -0.0000127  0.0000000 0.0000000 0 -0.0024153
-999.0000000   90.0000000 -0.0000652  0.0000000 0.0000000 0  0.0000000
-999.0000000   65.0000000 -0.0000506  0.0000000 0.0000000 0 -0.0000000
-999.0000000   40.0000000 -0.0000050 -0.0000000 0.0000000 0 -0.0000000
-999.0000000   15.0000000  0.0000308  0.0000000 0.0000000 0 -0.0000000
 72.000  45   1003.61  day,levels,pres0
-999.0000000 1115.0000000 -0.0000466  0.0000000 0.0000000 0 -0.0006139
-999.0000000 1090.0000000 -0.0000466  0.0000000 0.0000000 0 -0.0006280
-999.0000000 1065.0000000 -0.0000466  0.0000000 0.0000000 0 -0.0006427
-999.0000000 1040.0000000 -0.0000466  0.0000000 0.0000000 0 -0.0006582
-999.0000000 1015.0000000 -0.0000466  0.0000000 0.0000000 0 -0.0006744
-999.0000000  990.0000000 -0.0000466  0.0000000 0.0000000 0 -0.0006914
-999.0000000  965.0000000 -0.0000215  0.0000000 0.0000000 0 -0.0021673
-999.0000000  940.0000000 -0.0000037  0.0000000 0.0000000 0 -0.0038022
-999.0000000  915.0000000 -0.0000030 -0.0000000 0.0000000 0 -0.0049835
-999.0000000  890.0000000 -0.0000048 -0.0000000 0.0000000 0 -0.0052330
-999.0000000  865.0000000 -0.0000048 -0.0000000 0.0000000 0 -0.0047815
-999.0000000  840.0000000 -0.0000049 -0.0000000 0.0000000 0 -0.0040583
-999.0000000  815.0000000 -0.0000018 -0.0000000 0.0000000 0 -0.0032196
-999.0000000  790.0000000 -0.0000001 -0.0000000 0.0000000 0 -0.0024366
-999.0000000  765.0000000 -0.0000023 -0.0000000 0.0000000 0 -0.0019796
-999.0000000  740.0000000 -0.0000049  0.0000000 0.0000000 0 -0.0019144
-999.0000000  715.0000000 -0.0000055  0.0000000 0.0000000 0 -0.0020305
-999.0000000  690.0000000 -0.0000051  0.0000000 0.0000000 0 -0.0020923
-999.0000000  665.0000000 -0.0000039  0.0000000 0.0000000 0 -0.0019238
-999.0000000  640.0000000 -0.0000036  0.0000000 0.0000000 0 -0.0015087
-999.0000000  615.0000000 -0.0000050  0.0000000 0.0000000 0 -0.0010567
-999.0000000  590.0000000 -0.0000079  0.0000000 0.0000000 0 -0.0008013
-999.0000000  565.0000000 -0.0000120  0.0000000 0.0000000 0 -0.0009197
-999.0000000  540.0000000 -0.0000149  0.0000000 0.0000000 0 -0.0014522
-999.0000000  515.0000000 -0.0000162  0.0000000 0.0000000 0 -0.0022489
-999.0000000  490.0000000 -0.0000176  0.0000000 0.0000000 0 -0.0030979
-999.0000000  465.0000000 -0.0000198 -0.0000000 0.0000000 0 -0.0037759
-999.0000000  440.0000000 -0.0000224 -0.0000000 0.0000000 0 -0.0040802
-999.0000000  415.0000000 -0.0000258 -0.0000000 0.0000000 0 -0.0039222
-999.0000000  390.0000000 -0.0000306 -0.0000000 0.0000000 0 -0.0035832
-999.0000000  365.0000000 -0.0000356 -0.0000000 0.0000000 0 -0.0037663
-999.0000000  340.0000000 -0.0000357 -0.0000000 0.0000000 0 -0.0050498
-999.0000000  315.0000000 -0.0000296 -0.0000000 0.0000000 0 -0.0074744
-999.0000000  290.0000000 -0.0000219 -0.0000000 0.0000000 0 -0.0103291
-999.0000000  265.0000000 -0.0000145 -0.0000000 0.0000000 0 -0.0123478
-999.0000000  240.0000000 -0.0000067  0.0000000 0.0000000 0 -0.0130680
-999.0000000  215.0000000  0.0000030  0.0000000 0.0000000 0 -0.0138166
-999.0000000  190.0000000  0.0000171  0.0000000 0.0000000 0 -0.0160871
-999.0000000  165.0000000  0.0000333 -0.0000000 0.0000000 0 -0.0172268
-999.0000000  140.0000000  0.0000273 -0.0000000 0.0000000 0 -0.0116971
-999.0000000  115.0000000 -0.0000093  0.0000000 0.0000000 0 -0.0034441
-999.0000000   90.0000000 -0.0000320  0.0000000 0.0000000 0 -0.0000007
-999.0000000   65.0000000 -0.0000199  0.0000000 0.0000000 0 -0.0000000
-999.0000000   40.0000000  0.0000007  0.0000000 0.0000000 0 -0.0000000
-999.0000000   15.0000000  0.0000069  0.0000000 0.0000000 0 -0.0000000
 72.125  45   1005.46  day,levels,pres0
-999.0000000 1115.0000000 -0.0000362  0.0000000 0.0000000 0 -0.0006332
-999.0000000 1090.0000000 -0.0000362  0.0000000 0.0000000 0 -0.0006477
-999.0000000 1065.0000000 -0.0000362  0.0000000 0.0000000 0 -0.0006629
-999.0000000 1040.0000000 -0.0000362  0.0000000 0.0000000 0 -0.0006789
-999.0000000 1015.0000000 -0.0000362  0.0000000 0.0000000 0 -0.0006956
-999.0000000  990.0000000 -0.0000362  0.0000000 0.0000000 0 -0.0007131
-999.0000000  965.0000000 -0.0000290  0.0000000 0.0000000 0 -0.0022346
-999.0000000  940.0000000 -0.0000301  0.0000000 0.0000000 0 -0.0041189
-999.0000000  915.0000000 -0.0000332 -0.0000000 0.0000000 0 -0.0056417
-999.0000000  890.0000000 -0.0000309 -0.0000000 0.0000000 0 -0.0060328
-999.0000000  865.0000000 -0.0000312 -0.0000000 0.0000000 0 -0.0052028
-999.0000000  840.0000000 -0.0000296 -0.0000000 0.0000000 0 -0.0036869
-999.0000000  815.0000000 -0.0000288 -0.0000000 0.0000000 0 -0.0020162
-999.0000000  790.0000000 -0.0000274 -0.0000000 0.0000000 0 -0.0005829
-999.0000000  765.0000000 -0.0000269 -0.0000000 0.0000000 0  0.0003065
-999.0000000  740.0000000 -0.0000248  0.0000000 0.0000000 0  0.0006279
-999.0000000  715.0000000 -0.0000200  0.0000000 0.0000000 0  0.0006410
-999.0000000  690.0000000 -0.0000140  0.0000000 0.0000000 0  0.0005726
-999.0000000  665.0000000 -0.0000070  0.0000000 0.0000000 0  0.0005179
-999.0000000  640.0000000 -0.0000003  0.0000000 0.0000000 0  0.0004233
-999.0000000  615.0000000  0.0000054  0.0000000 0.0000000 0  0.0000586
-999.0000000  590.0000000  0.0000081  0.0000000 0.0000000 0 -0.0007188
-999.0000000  565.0000000  0.0000072  0.0000000 0.0000000 0 -0.0018513
-999.0000000  540.0000000  0.0000054  0.0000000 0.0000000 0 -0.0031416
-999.0000000  515.0000000  0.0000033  0.0000000 0.0000000 0 -0.0042703
-999.0000000  490.0000000  0.0000010 -0.0000000 0.0000000 0 -0.0049772
-999.0000000  465.0000000 -0.0000017 -0.0000000 0.0000000 0 -0.0051362
-999.0000000  440.0000000 -0.0000053 -0.0000000 0.0000000 0 -0.0045950
-999.0000000  415.0000000 -0.0000106 -0.0000000 0.0000000 0 -0.0032224
-999.0000000  390.0000000 -0.0000198 -0.0000000 0.0000000 0 -0.0013769
-999.0000000  365.0000000 -0.0000310 -0.0000000 0.0000000 0 -0.0000402
-999.0000000  340.0000000 -0.0000351 -0.0000000 0.0000000 0 -0.0001269
-999.0000000  315.0000000 -0.0000297 -0.0000000 0.0000000 0 -0.0019440
-999.0000000  290.0000000 -0.0000214  0.0000000 0.0000000 0 -0.0048339
-999.0000000  265.0000000 -0.0000135  0.0000000 0.0000000 0 -0.0073020
-999.0000000  240.0000000 -0.0000063  0.0000000 0.0000000 0 -0.0087340
-999.0000000  215.0000000 -0.0000042  0.0000000 0.0000000 0 -0.0108882
-999.0000000  190.0000000 -0.0000048 -0.0000000 0.0000000 0 -0.0153161
-999.0000000  165.0000000  0.0000044 -0.0000000 0.0000000 0 -0.0174184
-999.0000000  140.0000000  0.0000075 -0.0000000 0.0000000 0 -0.0122078
-999.0000000  115.0000000 -0.0000057 -0.0000000 0.0000000 0 -0.0042576
-999.0000000   90.0000000  0.0000012  0.0000000 0.0000000 0 -0.0000009
-999.0000000   65.0000000  0.0000108 -0.0000000 0.0000000 0 -0.0000000
-999.0000000   40.0000000  0.0000064  0.0000000 0.0000000 0 -0.0000000
-999.0000000   15.0000000 -0.0000169 -0.0000000 0.0000000 0 -0.0000000
 72.250  45   1003.71  day,levels,pres0
-999.0000000 1115.0000000 -0.0000087  0.0000000 0.0000000 0 -0.0005723
-999.0000000 1090.0000000 -0.0000087  0.0000000 0.0000000 0 -0.0005854
-999.0000000 1065.0000000 -0.0000087  0.0000000 0.0000000 0 -0.0005992
-999.0000000 1040.0000000 -0.0000087  0.0000000 0.0000000 0 -0.0006136
-999.0000000 1015.0000000 -0.0000087  0.0000000 0.0000000 0 -0.0006287
-999.0000000  990.0000000 -0.0000087  0.0000000 0.0000000 0 -0.0006446
-999.0000000  965.0000000 -0.0000148  0.0000000 0.0000000 0 -0.0023047
-999.0000000  940.0000000 -0.0000209  0.0000000 0.0000000 0 -0.0045623
-999.0000000  915.0000000 -0.0000221 -0.0000000 0.0000000 0 -0.0065886
-999.0000000  890.0000000 -0.0000160 -0.0000000 0.0000000 0 -0.0073215
-999.0000000  865.0000000 -0.0000152 -0.0000000 0.0000000 0 -0.0063589
-999.0000000  840.0000000 -0.0000175 -0.0000000 0.0000000 0 -0.0043419
-999.0000000  815.0000000 -0.0000208 -0.0000000 0.0000000 0 -0.0021598
-999.0000000  790.0000000 -0.0000226 -0.0000000 0.0000000 0 -0.0004188
-999.0000000  765.0000000 -0.0000241  0.0000000 0.0000000 0  0.0005361
-999.0000000  740.0000000 -0.0000242  0.0000000 0.0000000 0  0.0007254
-999.0000000  715.0000000 -0.0000222  0.0000000 0.0000000 0  0.0004656
-999.0000000  690.0000000 -0.0000194  0.0000000 0.0000000 0 -0.0000272
-999.0000000  665.0000000 -0.0000160  0.0000000 0.0000000 0 -0.0007484
-999.0000000  640.0000000 -0.0000125  0.0000000 0.0000000 0 -0.0018279
-999.0000000  615.0000000 -0.0000092  0.0000000 0.0000000 0 -0.0035115
-999.0000000  590.0000000 -0.0000071  0.0000000 0.0000000 0 -0.0058392
-999.0000000  565.0000000 -0.0000063  0.0000000 0.0000000 0 -0.0084962
-999.0000000  540.0000000 -0.0000053  0.0000000 0.0000000 0 -0.0110286
-999.0000000  515.0000000 -0.0000039 -0.0000000 0.0000000 0 -0.0129374
-999.0000000  490.0000000 -0.0000029 -0.0000000 0.0000000 0 -0.0139102
-999.0000000  465.0000000 -0.0000027 -0.0000000 0.0000000 0 -0.0139192
-999.0000000  440.0000000 -0.0000038 -0.0000000 0.0000000 0 -0.0128638
-999.0000000  415.0000000 -0.0000067 -0.0000000 0.0000000 0 -0.0105625
-999.0000000  390.0000000 -0.0000122 -0.0000000 0.0000000 0 -0.0074394
-999.0000000  365.0000000 -0.0000196 -0.0000000 0.0000000 0 -0.0047441
-999.0000000  340.0000000 -0.0000241 -0.0000000 0.0000000 0 -0.0037208
-999.0000000  315.0000000 -0.0000240 -0.0000000 0.0000000 0 -0.0049404
-999.0000000  290.0000000 -0.0000206 -0.0000000 0.0000000 0 -0.0077872
-999.0000000  265.0000000 -0.0000150 -0.0000000 0.0000000 0 -0.0105031
-999.0000000  240.0000000 -0.0000080  0.0000000 0.0000000 0 -0.0122667
-999.0000000  215.0000000 -0.0000026 -0.0000000 0.0000000 0 -0.0152093
-999.0000000  190.0000000  0.0000012 -0.0000000 0.0000000 0 -0.0208686
-999.0000000  165.0000000  0.0000076 -0.0000000 0.0000000 0 -0.0225391
-999.0000000  140.0000000  0.0000100 -0.0000000 0.0000000 0 -0.0153567
-999.0000000  115.0000000  0.0000055 -0.0000000 0.0000000 0 -0.0056681
-999.0000000   90.0000000  0.0000083  0.0000000 0.0000000 0  0.0000003
-999.0000000   65.0000000  0.0000059 -0.0000000 0.0000000 0 -0.0000000
-999.0000000   40.0000000 -0.0000013 -0.0000000 0.0000000 0 -0.0000000
-999.0000000   15.0000000 -0.0000159 -0.0000000 0.0000000 0 -0.0000000
 72.375  45   1003.64  day,levels,pres0
-999.0000000 1115.0000000  0.0000187 -0.0000000 0.0000000 0 -0.0006873
-999.0000000 1090.0000000  0.0000187 -0.0000000 0.0000000 0 -0.0007031
-999.0000000 1065.0000000  0.0000187 -0.0000000 0.0000000 0 -0.0007196
-999.0000000 1040.0000000  0.0000187 -0.0000000 0.0000000 0 -0.0007369
-999.0000000 1015.0000000  0.0000187 -0.0000000 0.0000000 0 -0.0007550
-999.0000000  990.0000000  0.0000187 -0.0000000 0.0000000 0 -0.0007741
-999.0000000  965.0000000 -0.0000007 -0.0000000 0.0000000 0 -0.0023659
-999.0000000  940.0000000 -0.0000118 -0.0000000 0.0000000 0 -0.0042793
-999.0000000  915.0000000 -0.0000111 -0.0000000 0.0000000 0 -0.0063542
-999.0000000  890.0000000 -0.0000011 -0.0000000 0.0000000 0 -0.0077359
-999.0000000  865.0000000  0.0000008 -0.0000000 0.0000000 0 -0.0075445
-999.0000000  840.0000000 -0.0000052 -0.0000000 0.0000000 0 -0.0060343
-999.0000000  815.0000000 -0.0000125  0.0000000 0.0000000 0 -0.0040537
-999.0000000  790.0000000 -0.0000176  0.0000000 0.0000000 0 -0.0022479
-999.0000000  765.0000000 -0.0000213  0.0000000 0.0000000 0 -0.0010296
-999.0000000  740.0000000 -0.0000235  0.0000000 0.0000000 0 -0.0005418
-999.0000000  715.0000000 -0.0000244  0.0000000 0.0000000 0 -0.0006492
-999.0000000  690.0000000 -0.0000249  0.0000000 0.0000000 0 -0.0011087
-999.0000000  665.0000000 -0.0000250  0.0000000 0.0000000 0 -0.0016524
-999.0000000  640.0000000 -0.0000247  0.0000000 0.0000000 0 -0.0022300
-999.0000000  615.0000000 -0.0000239  0.0000000 0.0000000 0 -0.0031058
-999.0000000  590.0000000 -0.0000224  0.0000000 0.0000000 0 -0.0044678
-999.0000000  565.0000000 -0.0000199  0.0000000 0.0000000 0 -0.0062820
-999.0000000  540.0000000 -0.0000161 -0.0000000 0.0000000 0 -0.0083633
-999.0000000  515.0000000 -0.0000112 -0.0000000 0.0000000 0 -0.0104012
-999.0000000  490.0000000 -0.0000068 -0.0000000 0.0000000 0 -0.0121792
-999.0000000  465.0000000 -0.0000038 -0.0000000 0.0000000 0 -0.0136354
-999.0000000  440.0000000 -0.0000023 -0.0000000 0.0000000 0 -0.0145218
-999.0000000  415.0000000 -0.0000027 -0.0000000 0.0000000 0 -0.0144058
-999.0000000  390.0000000 -0.0000047 -0.0000000 0.0000000 0 -0.0134670
-999.0000000  365.0000000 -0.0000082 -0.0000000 0.0000000 0 -0.0127285
-999.0000000  340.0000000 -0.0000132 -0.0000000 0.0000000 0 -0.0130471
-999.0000000  315.0000000 -0.0000183 -0.0000000 0.0000000 0 -0.0144982
-999.0000000  290.0000000 -0.0000198 -0.0000000 0.0000000 0 -0.0164372
-999.0000000  265.0000000 -0.0000165 -0.0000000 0.0000000 0 -0.0177851
-999.0000000  240.0000000 -0.0000098 -0.0000000 0.0000000 0 -0.0184206
-999.0000000  215.0000000 -0.0000010 -0.0000000 0.0000000 0 -0.0203583
-999.0000000  190.0000000  0.0000071 -0.0000000 0.0000000 0 -0.0241368
-999.0000000  165.0000000  0.0000109 -0.0000000 0.0000000 0 -0.0232145
-999.0000000  140.0000000  0.0000125 -0.0000000 0.0000000 0 -0.0143616
-999.0000000  115.0000000  0.0000167 -0.0000000 0.0000000 0 -0.0047629
-999.0000000   90.0000000  0.0000153 -0.0000000 0.0000000 0  0.0000012
-999.0000000   65.0000000  0.0000010 -0.0000000 0.0000000 0 -0.0000000
-999.0000000   40.0000000 -0.0000091 -0.0000000 0.0000000 0 -0.0000000
-999.0000000   15.0000000 -0.0000149 -0.0000000 0.0000000 0 -0.0000000
 72.500  45   1005.95  day,levels,pres0
-999.0000000 1115.0000000  0.0001147  0.0000000 0.0000000 0 -0.0000744
-999.0000000 1090.0000000  0.0001147  0.0000000 0.0000000 0 -0.0000761
-999.0000000 1065.0000000  0.0001147  0.0000000 0.0000000 0 -0.0000779
-999.0000000 1040.0000000  0.0001147  0.0000000 0.0000000 0 -0.0000798
-999.0000000 1015.0000000  0.0001147  0.0000000 0.0000000 0 -0.0000817
-999.0000000  990.0000000  0.0001147  0.0000000 0.0000000 0 -0.0000838
-999.0000000  965.0000000  0.0000824  0.0000000 0.0000000 0  0.0000354
-999.0000000  940.0000000  0.0000482  0.0000000 0.0000000 0  0.0000173
-999.0000000  915.0000000  0.0000241  0.0000000 0.0000000 0 -0.0009236
-999.0000000  890.0000000  0.0000193  0.0000000 0.0000000 0 -0.0022969
-999.0000000  865.0000000  0.0000231  0.0000000 0.0000000 0 -0.0026507
-999.0000000  840.0000000  0.0000153  0.0000000 0.0000000 0 -0.0016851
-999.0000000  815.0000000  0.0000064  0.0000000 0.0000000 0 -0.0001272
-999.0000000  790.0000000  0.0000039  0.0000000 0.0000000 0  0.0014207
-999.0000000  765.0000000  0.0000099  0.0000000 0.0000000 0  0.0025690
-999.0000000  740.0000000  0.0000154  0.0000000 0.0000000 0  0.0030439
-999.0000000  715.0000000  0.0000163  0.0000000 0.0000000 0  0.0027623
-999.0000000  690.0000000  0.0000156  0.0000000 0.0000000 0  0.0019496
-999.0000000  665.0000000  0.0000139  0.0000000 0.0000000 0  0.0010934
-999.0000000  640.0000000  0.0000129  0.0000000 0.0000000 0  0.0003906
-999.0000000  615.0000000  0.0000133  0.0000000 0.0000000 0 -0.0004442
-999.0000000  590.0000000  0.0000148  0.0000000 0.0000000 0 -0.0017077
-999.0000000  565.0000000  0.0000172 -0.0000000 0.0000000 0 -0.0035533
-999.0000000  540.0000000  0.0000182 -0.0000000 0.0000000 0 -0.0060304
-999.0000000  515.0000000  0.0000174 -0.0000000 0.0000000 0 -0.0090953
-999.0000000  490.0000000  0.0000161 -0.0000000 0.0000000 0 -0.0127247
-999.0000000  465.0000000  0.0000147 -0.0000000 0.0000000 0 -0.0169287
-999.0000000  440.0000000  0.0000132 -0.0000000 0.0000000 0 -0.0213320
-999.0000000  415.0000000  0.0000121 -0.0000000 0.0000000 0 -0.0251409
-999.0000000  390.0000000  0.0000130 -0.0000000 0.0000000 0 -0.0281900
-999.0000000  365.0000000  0.0000159 -0.0000000 0.0000000 0 -0.0311946
-999.0000000  340.0000000  0.0000169 -0.0000000 0.0000000 0 -0.0346245
-999.0000000  315.0000000  0.0000152 -0.0000000 0.0000000 0 -0.0381178
-999.0000000  290.0000000  0.0000136 -0.0000000 0.0000000 0 -0.0409394
-999.0000000  265.0000000  0.0000121 -0.0000000 0.0000000 0 -0.0424959
-999.0000000  240.0000000  0.0000074 -0.0000000 0.0000000 0 -0.0431138
-999.0000000  215.0000000  0.0000008 -0.0000000 0.0000000 0 -0.0444712
-999.0000000  190.0000000 -0.0000001 -0.0000000 0.0000000 0 -0.0458271
-999.0000000  165.0000000  0.0000042 -0.0000000 0.0000000 0 -0.0398530
-999.0000000  140.0000000  0.0000092 -0.0000000 0.0000000 0 -0.0227468
-999.0000000  115.0000000  0.0000175 -0.0000000 0.0000000 0 -0.0062662
-999.0000000   90.0000000  0.0000194  0.0000000 0.0000000 0 -0.0000023
-999.0000000   65.0000000  0.0000006 -0.0000000 0.0000000 0 -0.0000000
-999.0000000   40.0000000 -0.0000115 -0.0000000 0.0000000 0 -0.0000000
-999.0000000   15.0000000 -0.0000201 -0.0000000 0.0000000 0 -0.0000000
 72.625  45   1005.89  day,levels,pres0
-999.0000000 1115.0000000  0.0002111  0.0000000 0.0000000 0  0.0002892
-999.0000000 1090.0000000  0.0002111  0.0000000 0.0000000 0  0.0002958
-999.0000000 1065.0000000  0.0002111  0.0000000 0.0000000 0  0.0003028
-999.0000000 1040.0000000  0.0002111  0.0000000 0.0000000 0  0.0003100
-999.0000000 1015.0000000  0.0002111  0.0000000 0.0000000 0  0.0003177
-999.0000000  990.0000000  0.0002111  0.0000000 0.0000000 0  0.0003257
-999.0000000  965.0000000  0.0001660  0.0000000 0.0000000 0  0.0007038
-999.0000000  940.0000000  0.0001085  0.0000000 0.0000000 0  0.0008291
-999.0000000  915.0000000  0.0000595  0.0000001 0.0000000 0  0.0007916
-999.0000000  890.0000000  0.0000396  0.0000001 0.0000000 0  0.0011380
-999.0000000  865.0000000  0.0000451  0.0000001 0.0000000 0  0.0024095
-999.0000000  840.0000000  0.0000356  0.0000001 0.0000000 0  0.0043157
-999.0000000  815.0000000  0.0000250  0.0000001 0.0000000 0  0.0063448
-999.0000000  790.0000000  0.0000252  0.0000001 0.0000000 0  0.0081384
-999.0000000  765.0000000  0.0000410  0.0000000 0.0000000 0  0.0091982
-999.0000000  740.0000000  0.0000545  0.0000000 0.0000000 0  0.0091774
-999.0000000  715.0000000  0.0000572  0.0000000 0.0000000 0  0.0081893
-999.0000000  690.0000000  0.0000564  0.0000000 0.0000000 0  0.0066064
-999.0000000  665.0000000  0.0000530  0.0000000 0.0000000 0  0.0049157
-999.0000000  640.0000000  0.0000507  0.0000000 0.0000000 0  0.0033470
-999.0000000  615.0000000  0.0000507  0.0000000 0.0000000 0  0.0017152
-999.0000000  590.0000000  0.0000521  0.0000000 0.0000000 0 -0.0001670
-999.0000000  565.0000000  0.0000543 -0.0000000 0.0000000 0 -0.0023691
-999.0000000  540.0000000  0.0000526 -0.0000000 0.0000000 0 -0.0048679
-999.0000000  515.0000000  0.0000460 -0.0000000 0.0000000 0 -0.0075668
-999.0000000  490.0000000  0.0000390 -0.0000000 0.0000000 0 -0.0104099
-999.0000000  465.0000000  0.0000331 -0.0000000 0.0000000 0 -0.0134351
-999.0000000  440.0000000  0.0000287 -0.0000000 0.0000000 0 -0.0165762
-999.0000000  415.0000000  0.0000268 -0.0000000 0.0000000 0 -0.0196478
-999.0000000  390.0000000  0.0000308 -0.0000000 0.0000000 0 -0.0228820
-999.0000000  365.0000000  0.0000402 -0.0000000 0.0000000 0 -0.0269128
-999.0000000  340.0000000  0.0000472 -0.0000000 0.0000000 0 -0.0317860
-999.0000000  315.0000000  0.0000489 -0.0000000 0.0000000 0 -0.0366184
-999.0000000  290.0000000  0.0000470 -0.0000000 0.0000000 0 -0.0405764
-999.0000000  265.0000000  0.0000406 -0.0000000 0.0000000 0 -0.0434798
-999.0000000  240.0000000  0.0000245 -0.0000000 0.0000000 0 -0.0456609
-999.0000000  215.0000000  0.0000025 -0.0000000 0.0000000 0 -0.0475410
-999.0000000  190.0000000 -0.0000077 -0.0000000 0.0000000 0 -0.0473261
-999.0000000  165.0000000 -0.0000031 -0.0000000 0.0000000 0 -0.0391372
-999.0000000  140.0000000  0.0000056 -0.0000000 0.0000000 0 -0.0221804
-999.0000000  115.0000000  0.0000183  0.0000000 0.0000000 0 -0.0068678
-999.0000000   90.0000000  0.0000235  0.0000000 0.0000000 0 -0.0000015
-999.0000000   65.0000000  0.0000002 -0.0000000 0.0000000 0 -0.0000000
-999.0000000   40.0000000 -0.0000139 -0.0000000 0.0000000 0 -0.0000000
-999.0000000   15.0000000 -0.0000252 -0.0000000 0.0000000 0 -0.0000000
 72.750  45   1002.00  day,levels,pres0
-999.0000000 1115.0000000  0.0000557  0.0000000 0.0000000 0 -0.0002947
-999.0000000 1090.0000000  0.0000557  0.0000000 0.0000000 0 -0.0003014
-999.0000000 1065.0000000  0.0000557  0.0000000 0.0000000 0 -0.0003085
-999.0000000 1040.0000000  0.0000557  0.0000000 0.0000000 0 -0.0003159
-999.0000000 1015.0000000  0.0000557  0.0000000 0.0000000 0 -0.0003237
-999.0000000  990.0000000  0.0000557  0.0000000 0.0000000 0 -0.0003319
-999.0000000  965.0000000  0.0000559  0.0000000 0.0000000 0 -0.0012498
-999.0000000  940.0000000  0.0000472  0.0000000 0.0000000 0 -0.0020943
-999.0000000  915.0000000  0.0000385  0.0000000 0.0000000 0 -0.0018924
-999.0000000  890.0000000  0.0000321  0.0000000 0.0000000 0 -0.0001199
-999.0000000  865.0000000  0.0000288  0.0000000 0.0000000 0  0.0029405
-999.0000000  840.0000000  0.0000266  0.0000000 0.0000000 0  0.0063768
-999.0000000  815.0000000  0.0000257  0.0000000 0.0000000 0  0.0096924
-999.0000000  790.0000000  0.0000224  0.0000000 0.0000000 0  0.0128068
-999.0000000  765.0000000  0.0000177  0.0000000 0.0000000 0  0.0152738
-999.0000000  740.0000000  0.0000148  0.0000000 0.0000000 0  0.0166748
-999.0000000  715.0000000  0.0000144  0.0000000 0.0000000 0  0.0171734
-999.0000000  690.0000000  0.0000139  0.0000000 0.0000000 0  0.0172285
-999.0000000  665.0000000  0.0000126  0.0000000 0.0000000 0  0.0173343
-999.0000000  640.0000000  0.0000102  0.0000000 0.0000000 0  0.0177505
-999.0000000  615.0000000  0.0000068  0.0000000 0.0000000 0  0.0183634
-999.0000000  590.0000000  0.0000041  0.0000000 0.0000000 0  0.0190329
-999.0000000  565.0000000  0.0000028  0.0000000 0.0000000 0  0.0196990
-999.0000000  540.0000000  0.0000016  0.0000000 0.0000000 0  0.0204578
-999.0000000  515.0000000  0.0000002 -0.0000000 0.0000000 0  0.0216080
-999.0000000  490.0000000 -0.0000011 -0.0000000 0.0000000 0  0.0233581
-999.0000000  465.0000000 -0.0000023 -0.0000000 0.0000000 0  0.0256590
-999.0000000  440.0000000 -0.0000033 -0.0000000 0.0000000 0  0.0281696
-999.0000000  415.0000000 -0.0000034 -0.0000000 0.0000000 0  0.0301874
-999.0000000  390.0000000 -0.0000005 -0.0000000 0.0000000 0  0.0308624
-999.0000000  365.0000000  0.0000054 -0.0000000 0.0000000 0  0.0294965
-999.0000000  340.0000000  0.0000106 -0.0000000 0.0000000 0  0.0263122
-999.0000000  315.0000000  0.0000136 -0.0000000 0.0000000 0  0.0225963
-999.0000000  290.0000000  0.0000151 -0.0000000 0.0000000 0  0.0190960
-999.0000000  265.0000000  0.0000153 -0.0000000 0.0000000 0  0.0152196
-999.0000000  240.0000000  0.0000137 -0.0000000 0.0000000 0  0.0103099
-999.0000000  215.0000000  0.0000124 -0.0000000 0.0000000 0  0.0052031
-999.0000000  190.0000000  0.0000130 -0.0000000 0.0000000 0  0.0023729
-999.0000000  165.0000000  0.0000096  0.0000000 0.0000000 0  0.0038031
-999.0000000  140.0000000 -0.0000010  0.0000000 0.0000000 0  0.0020627
-999.0000000  115.0000000 -0.0000102  0.0000000 0.0000000 0 -0.0017934
-999.0000000   90.0000000 -0.0000093 -0.0000000 0.0000000 0  0.0000028
-999.0000000   65.0000000 -0.0000080 -0.0000000 0.0000000 0 -0.0000000
-999.0000000   40.0000000 -0.0000003 -0.0000000 0.0000000 0 -0.0000000
-999.0000000   15.0000000  0.0000003  0.0000000 0.0000000 0 -0.0000000
 72.875  45   1001.13  day,levels,pres0
-999.0000000 1115.0000000 -0.0001001  0.0000000 0.0000000 0 -0.0002675
-999.0000000 1090.0000000 -0.0001001  0.0000000 0.0000000 0 -0.0002737
-999.0000000 1065.0000000 -0.0001001  0.0000000 0.0000000 0 -0.0002801
-999.0000000 1040.0000000 -0.0001001  0.0000000 0.0000000 0 -0.0002868
-999.0000000 1015.0000000 -0.0001001  0.0000000 0.0000000 0 -0.0002939
-999.0000000  990.0000000 -0.0001001  0.0000000 0.0000000 0 -0.0003013
-999.0000000  965.0000000 -0.0000546  0.0000000 0.0000000 0 -0.0011071
-999.0000000  940.0000000 -0.0000145  0.0000000 0.0000000 0 -0.0019962
-999.0000000  915.0000000  0.0000174 -0.0000000 0.0000000 0 -0.0024871
-999.0000000  890.0000000  0.0000248 -0.0000000 0.0000000 0 -0.0020615
-999.0000000  865.0000000  0.0000127 -0.0000000 0.0000000 0 -0.0005779
-999.0000000  840.0000000  0.0000177 -0.0000000 0.0000000 0  0.0014007
-999.0000000  815.0000000  0.0000265 -0.0000000 0.0000000 0  0.0033020
-999.0000000  790.0000000  0.0000197 -0.0000000 0.0000000 0  0.0050099
-999.0000000  765.0000000 -0.0000057 -0.0000000 0.0000000 0  0.0064424
-999.0000000  740.0000000 -0.0000249  0.0000000 0.0000000 0  0.0075122
-999.0000000  715.0000000 -0.0000285  0.0000000 0.0000000 0  0.0083231
-999.0000000  690.0000000 -0.0000287 -0.0000000 0.0000000 0  0.0091028
-999.0000000  665.0000000 -0.0000279 -0.0000000 0.0000000 0  0.0101217
-999.0000000  640.0000000 -0.0000303  0.0000000 0.0000000 0  0.0114335
-999.0000000  615.0000000 -0.0000372  0.0000000 0.0000000 0  0.0127534
-999.0000000  590.0000000 -0.0000439  0.0000000 0.0000000 0  0.0137873
-999.0000000  565.0000000 -0.0000488  0.0000000 0.0000000 0  0.0143577
-999.0000000  540.0000000 -0.0000496  0.0000000 0.0000000 0  0.0145461
-999.0000000  515.0000000 -0.0000457  0.0000000 0.0000000 0  0.0147782
-999.0000000  490.0000000 -0.0000412  0.0000000 0.0000000 0  0.0154444
-999.0000000  465.0000000 -0.0000376  0.0000000 0.0000000 0  0.0167143
-999.0000000  440.0000000 -0.0000351  0.0000000 0.0000000 0  0.0185044
-999.0000000  415.0000000 -0.0000335  0.0000000 0.0000000 0  0.0203952
-999.0000000  390.0000000 -0.0000318  0.0000000 0.0000000 0  0.0217573
-999.0000000  365.0000000 -0.0000295  0.0000000 0.0000000 0  0.0219162
-999.0000000  340.0000000 -0.0000262  0.0000000 0.0000000 0  0.0207047
-999.0000000  315.0000000 -0.0000218  0.0000000 0.0000000 0  0.0186646
-999.0000000  290.0000000 -0.0000168  0.0000000 0.0000000 0  0.0162827
-999.0000000  265.0000000 -0.0000100  0.0000000 0.0000000 0  0.0135751
-999.0000000  240.0000000  0.0000028  0.0000000 0.0000000 0  0.0105611
-999.0000000  215.0000000  0.0000224 -0.0000000 0.0000000 0  0.0080133
-999.0000000  190.0000000  0.0000339  0.0000000 0.0000000 0  0.0074251
-999.0000000  165.0000000  0.0000228  0.0000000 0.0000000 0  0.0088965
-999.0000000  140.0000000 -0.0000074  0.0000000 0.0000000 0  0.0069274
-999.0000000  115.0000000 -0.0000387  0.0000000 0.0000000 0  0.0020768
-999.0000000   90.0000000 -0.0000420 -0.0000000 0.0000000 0  0.0000020
-999.0000000   65.0000000 -0.0000162  0.0000000 0.0000000 0 -0.0000000
-999.0000000   40.0000000  0.0000133  0.0000000 0.0000000 0 -0.0000000
-999.0000000   15.0000000  0.0000259  0.0000000 0.0000000 0 -0.0000000
 73.000  45   1004.03  day,levels,pres0
-999.0000000 1115.0000000 -0.0000819  0.0000000 0.0000000 0  0.0002332
-999.0000000 1090.0000000 -0.0000819  0.0000000 0.0000000 0  0.0002385
-999.0000000 1065.0000000 -0.0000819  0.0000000 0.0000000 0  0.0002441
-999.0000000 1040.0000000 -0.0000819  0.0000000 0.0000000 0  0.0002500
-999.0000000 1015.0000000 -0.0000819  0.0000000 0.0000000 0  0.0002562
-999.0000000  990.0000000 -0.0000819  0.0000000 0.0000000 0  0.0002626
-999.0000000  965.0000000 -0.0000418  0.0000000 0.0000000 0  0.0007146
-999.0000000  940.0000000 -0.0000128 -0.0000000 0.0000000 0  0.0008613
-999.0000000  915.0000000  0.0000021 -0.0000000 0.0000000 0  0.0006033
-999.0000000  890.0000000  0.0000005 -0.0000000 0.0000000 0  0.0004366
-999.0000000  865.0000000 -0.0000093 -0.0000000 0.0000000 0  0.0008585
-999.0000000  840.0000000 -0.0000086 -0.0000000 0.0000000 0  0.0015777
-999.0000000  815.0000000 -0.0000055 -0.0000000 0.0000000 0  0.0019357
-999.0000000  790.0000000 -0.0000065 -0.0000000 0.0000000 0  0.0018827
-999.0000000  765.0000000 -0.0000156 -0.0000000 0.0000000 0  0.0018060
-999.0000000  740.0000000 -0.0000232 -0.0000000 0.0000000 0  0.0019419
-999.0000000  715.0000000 -0.0000247 -0.0000000 0.0000000 0  0.0022826
-999.0000000  690.0000000 -0.0000237 -0.0000000 0.0000000 0  0.0028228
-999.0000000  665.0000000 -0.0000210 -0.0000000 0.0000000 0  0.0036393
-999.0000000  640.0000000 -0.0000199 -0.0000000 0.0000000 0  0.0046037
-999.0000000  615.0000000 -0.0000214 -0.0000000 0.0000000 0  0.0053026
-999.0000000  590.0000000 -0.0000244  0.0000000 0.0000000 0  0.0053126
-999.0000000  565.0000000 -0.0000280  0.0000000 0.0000000 0  0.0043414
-999.0000000  540.0000000 -0.0000288  0.0000000 0.0000000 0  0.0024527
-999.0000000  515.0000000 -0.0000260  0.0000000 0.0000000 0  0.0001517
-999.0000000  490.0000000 -0.0000229 -0.0000000 0.0000000 0 -0.0020500
-999.0000000  465.0000000 -0.0000207 -0.0000000 0.0000000 0 -0.0038312
-999.0000000  440.0000000 -0.0000188 -0.0000000 0.0000000 0 -0.0050088
-999.0000000  415.0000000 -0.0000171  0.0000000 0.0000000 0 -0.0055764
-999.0000000  390.0000000 -0.0000159  0.0000000 0.0000000 0 -0.0058168
-999.0000000  365.0000000 -0.0000151  0.0000000 0.0000000 0 -0.0062711
-999.0000000  340.0000000 -0.0000144  0.0000000 0.0000000 0 -0.0074433
-999.0000000  315.0000000 -0.0000129  0.0000000 0.0000000 0 -0.0095577
-999.0000000  290.0000000 -0.0000101  0.0000000 0.0000000 0 -0.0123116
-999.0000000  265.0000000 -0.0000047  0.0000000 0.0000000 0 -0.0148501
-999.0000000  240.0000000  0.0000038  0.0000000 0.0000000 0 -0.0161898
-999.0000000  215.0000000  0.0000114 -0.0000000 0.0000000 0 -0.0153117
-999.0000000  190.0000000  0.0000105  0.0000000 0.0000000 0 -0.0112716
-999.0000000  165.0000000  0.0000002  0.0000000 0.0000000 0 -0.0050248
-999.0000000  140.0000000 -0.0000088  0.0000000 0.0000000 0  0.0014209
-999.0000000  115.0000000 -0.0000120  0.0000000 0.0000000 0  0.0034776
-999.0000000   90.0000000 -0.0000129 -0.0000000 0.0000000 0 -0.0000002
-999.0000000   65.0000000 -0.0000047  0.0000000 0.0000000 0 -0.0000000
-999.0000000   40.0000000  0.0000025  0.0000000 0.0000000 0 -0.0000000
-999.0000000   15.0000000  0.0000111  0.0000000 0.0000000 0 -0.0000000
 73.125  45   1005.63  day,levels,pres0
-999.0000000 1115.0000000 -0.0000638 -0.0000000 0.0000000 0 -0.0006052
-999.0000000 1090.0000000 -0.0000638 -0.0000000 0.0000000 0 -0.0006191
-999.0000000 1065.0000000 -0.0000638 -0.0000000 0.0000000 0 -0.0006337
-999.0000000 1040.0000000 -0.0000638 -0.0000000 0.0000000 0 -0.0006489
-999.0000000 1015.0000000 -0.0000638 -0.0000000 0.0000000 0 -0.0006649
-999.0000000  990.0000000 -0.0000638 -0.0000000 0.0000000 0 -0.0006817
-999.0000000  965.0000000 -0.0000291 -0.0000000 0.0000000 0 -0.0021040
-999.0000000  940.0000000 -0.0000111 -0.0000000 0.0000000 0 -0.0038698
-999.0000000  915.0000000 -0.0000131 -0.0000000 0.0000000 0 -0.0056189
-999.0000000  890.0000000 -0.0000238 -0.0000000 0.0000000 0 -0.0069662
-999.0000000  865.0000000 -0.0000314 -0.0000000 0.0000000 0 -0.0076467
-999.0000000  840.0000000 -0.0000351 -0.0000000 0.0000000 0 -0.0078268
-999.0000000  815.0000000 -0.0000374 -0.0000000 0.0000000 0 -0.0078491
-999.0000000  790.0000000 -0.0000328 -0.0000001 0.0000000 0 -0.0077581
-999.0000000  765.0000000 -0.0000256 -0.0000001 0.0000000 0 -0.0074073
-999.0000000  740.0000000 -0.0000216 -0.0000001 0.0000000 0 -0.0066885
-999.0000000  715.0000000 -0.0000209 -0.0000001 0.0000000 0 -0.0055613
-999.0000000  690.0000000 -0.0000188 -0.0000000 0.0000000 0 -0.0040312
-999.0000000  665.0000000 -0.0000142 -0.0000000 0.0000000 0 -0.0021574
-999.0000000  640.0000000 -0.0000095 -0.0000000 0.0000000 0 -0.0002263
-999.0000000  615.0000000 -0.0000057 -0.0000000 0.0000000 0  0.0011734
-999.0000000  590.0000000 -0.0000048 -0.0000000 0.0000000 0  0.0015029
-999.0000000  565.0000000 -0.0000073 -0.0000000 0.0000000 0  0.0004732
-999.0000000  540.0000000 -0.0000081 -0.0000000 0.0000000 0 -0.0017157
-999.0000000  515.0000000 -0.0000062 -0.0000000 0.0000000 0 -0.0042368
-999.0000000  490.0000000 -0.0000046 -0.0000000 0.0000000 0 -0.0062648
-999.0000000  465.0000000 -0.0000038 -0.0000000 0.0000000 0 -0.0072617
-999.0000000  440.0000000 -0.0000025 -0.0000000 0.0000000 0 -0.0069833
-999.0000000  415.0000000 -0.0000006 -0.0000000 0.0000000 0 -0.0055871
-999.0000000  390.0000000  0.0000001  0.0000000 0.0000000 0 -0.0036275
-999.0000000  365.0000000 -0.0000008  0.0000000 0.0000000 0 -0.0019781
-999.0000000  340.0000000 -0.0000026  0.0000000 0.0000000 0 -0.0012806
-999.0000000  315.0000000 -0.0000041  0.0000000 0.0000000 0 -0.0015611
-999.0000000  290.0000000 -0.0000034  0.0000000 0.0000000 0 -0.0022384
-999.0000000  265.0000000  0.0000006  0.0000000 0.0000000 0 -0.0023284
-999.0000000  240.0000000  0.0000048  0.0000000 0.0000000 0 -0.0012855
-999.0000000  215.0000000  0.0000005 -0.0000000 0.0000000 0  0.0005364
-999.0000000  190.0000000 -0.0000130 -0.0000000 0.0000000 0  0.0025490
-999.0000000  165.0000000 -0.0000223 -0.0000000 0.0000000 0  0.0040359
-999.0000000  140.0000000 -0.0000102 -0.0000000 0.0000000 0  0.0038369
-999.0000000  115.0000000  0.0000147 -0.0000000 0.0000000 0  0.0020854
-999.0000000   90.0000000  0.0000161 -0.0000000 0.0000000 0 -0.0000000
-999.0000000   65.0000000  0.0000069  0.0000000 0.0000000 0 -0.0000000
-999.0000000   40.0000000 -0.0000082 -0.0000000 0.0000000 0 -0.0000000
-999.0000000   15.0000000 -0.0000037 -0.0000000 0.0000000 0 -0.0000000
 73.250  45   1004.49  day,levels,pres0
-999.0000000 1115.0000000 -0.0000372  0.0000000 0.0000000 0 -0.0003283
-999.0000000 1090.0000000 -0.0000372  0.0000000 0.0000000 0 -0.0003359
-999.0000000 1065.0000000 -0.0000372  0.0000000 0.0000000 0 -0.0003437
-999.0000000 1040.0000000 -0.0000372  0.0000000 0.0000000 0 -0.0003520
-999.0000000 1015.0000000 -0.0000372  0.0000000 0.0000000 0 -0.0003607
-999.0000000  990.0000000 -0.0000372  0.0000000 0.0000000 0 -0.0003698
-999.0000000  965.0000000 -0.0000320 -0.0000000 0.0000000 0 -0.0015189
-999.0000000  940.0000000 -0.0000204 -0.0000000 0.0000000 0 -0.0031026
-999.0000000  915.0000000 -0.0000186 -0.0000000 0.0000000 0 -0.0044541
-999.0000000  890.0000000 -0.0000222 -0.0000000 0.0000000 0 -0.0053383
-999.0000000  865.0000000 -0.0000242 -0.0000000 0.0000000 0 -0.0058089
-999.0000000  840.0000000 -0.0000235 -0.0000000 0.0000000 0 -0.0059922
-999.0000000  815.0000000 -0.0000220 -0.0000000 0.0000000 0 -0.0059285
-999.0000000  790.0000000 -0.0000182 -0.0000000 0.0000000 0 -0.0055757
-999.0000000  765.0000000 -0.0000140 -0.0000000 0.0000000 0 -0.0049262
-999.0000000  740.0000000 -0.0000130 -0.0000000 0.0000000 0 -0.0039592
-999.0000000  715.0000000 -0.0000152 -0.0000000 0.0000000 0 -0.0025940
-999.0000000  690.0000000 -0.0000168 -0.0000000 0.0000000 0 -0.0008269
-999.0000000  665.0000000 -0.0000171 -0.0000000 0.0000000 0  0.0011892
-999.0000000  640.0000000 -0.0000170 -0.0000000 0.0000000 0  0.0030516
-999.0000000  615.0000000 -0.0000166 -0.0000000 0.0000000 0  0.0040647
-999.0000000  590.0000000 -0.0000164 -0.0000000 0.0000000 0  0.0036075
-999.0000000  565.0000000 -0.0000160 -0.0000000 0.0000000 0  0.0013683
-999.0000000  540.0000000 -0.0000125 -0.0000000 0.0000000 0 -0.0023680
-999.0000000  515.0000000 -0.0000054 -0.0000000 0.0000000 0 -0.0065835
-999.0000000  490.0000000  0.0000007 -0.0000000 0.0000000 0 -0.0102486
-999.0000000  465.0000000  0.0000044 -0.0000000 0.0000000 0 -0.0126677
-999.0000000  440.0000000  0.0000052 -0.0000000 0.0000000 0 -0.0134822
-999.0000000  415.0000000  0.0000030 -0.0000000 0.0000000 0 -0.0127886
-999.0000000  390.0000000 -0.0000020  0.0000000 0.0000000 0 -0.0112433
-999.0000000  365.0000000 -0.0000082  0.0000000 0.0000000 0 -0.0099617
-999.0000000  340.0000000 -0.0000111  0.0000000 0.0000000 0 -0.0096983
-999.0000000  315.0000000 -0.0000096 -0.0000000 0.0000000 0 -0.0103352
-999.0000000  290.0000000 -0.0000084 -0.0000000 0.0000000 0 -0.0109599
-999.0000000  265.0000000 -0.0000088  0.0000000 0.0000000 0 -0.0102475
-999.0000000  240.0000000 -0.0000099  0.0000000 0.0000000 0 -0.0078588
-999.0000000  215.0000000 -0.0000128  0.0000000 0.0000000 0 -0.0053260
-999.0000000  190.0000000 -0.0000157  0.0000000 0.0000000 0 -0.0043904
-999.0000000  165.0000000 -0.0000141 -0.0000000 0.0000000 0 -0.0045086
-999.0000000  140.0000000 -0.0000053 -0.0000000 0.0000000 0 -0.0039259
-999.0000000  115.0000000  0.0000099  0.0000000 0.0000000 0 -0.0019198
-999.0000000   90.0000000  0.0000202  0.0000000 0.0000000 0 -0.0000005
-999.0000000   65.0000000  0.0000215  0.0000000 0.0000000 0 -0.0000000
-999.0000000   40.0000000  0.0000078  0.0000000 0.0000000 0 -0.0000000
-999.0000000   15.0000000  0.0000011  0.0000000 0.0000000 0 -0.0000000
 73.375  45   1003.86  day,levels,pres0
-999.0000000 1115.0000000 -0.0000105  0.0000000 0.0000000 0  0.0000579
-999.0000000 1090.0000000 -0.0000105  0.0000000 0.0000000 0  0.0000592
-999.0000000 1065.0000000 -0.0000105  0.0000000 0.0000000 0  0.0000606
-999.0000000 1040.0000000 -0.0000105  0.0000000 0.0000000 0  0.0000621
-999.0000000 1015.0000000 -0.0000105  0.0000000 0.0000000 0  0.0000636
-999.0000000  990.0000000 -0.0000105  0.0000000 0.0000000 0  0.0000652
-999.0000000  965.0000000 -0.0000348  0.0000000 0.0000000 0 -0.0002869
-999.0000000  940.0000000 -0.0000295  0.0000000 0.0000000 0 -0.0011799
-999.0000000  915.0000000 -0.0000239  0.0000000 0.0000000 0 -0.0019051
-999.0000000  890.0000000 -0.0000204  0.0000000 0.0000000 0 -0.0020422
-999.0000000  865.0000000 -0.0000170  0.0000000 0.0000000 0 -0.0016324
-999.0000000  840.0000000 -0.0000120  0.0000000 0.0000000 0 -0.0008987
-999.0000000  815.0000000 -0.0000065  0.0000000 0.0000000 0 -0.0000469
-999.0000000  790.0000000 -0.0000036  0.0000000 0.0000000 0  0.0008461
-999.0000000  765.0000000 -0.0000024  0.0000000 0.0000000 0  0.0017409
-999.0000000  740.0000000 -0.0000044 -0.0000000 0.0000000 0  0.0025943
-999.0000000  715.0000000 -0.0000095 -0.0000000 0.0000000 0  0.0033864
-999.0000000  690.0000000 -0.0000149 -0.0000000 0.0000000 0  0.0040692
-999.0000000  665.0000000 -0.0000202 -0.0000000 0.0000000 0  0.0045249
-999.0000000  640.0000000 -0.0000246 -0.0000000 0.0000000 0  0.0044846
-999.0000000  615.0000000 -0.0000276 -0.0000000 0.0000000 0  0.0035122
-999.0000000  590.0000000 -0.0000280 -0.0000000 0.0000000 0  0.0012815
-999.0000000  565.0000000 -0.0000247 -0.0000000 0.0000000 0 -0.0022329
-999.0000000  540.0000000 -0.0000168 -0.0000000 0.0000000 0 -0.0065774
-999.0000000  515.0000000 -0.0000046 -0.0000000 0.0000000 0 -0.0107882
-999.0000000  490.0000000  0.0000061 -0.0000000 0.0000000 0 -0.0141280
-999.0000000  465.0000000  0.0000125 -0.0000000 0.0000000 0 -0.0164152
-999.0000000  440.0000000  0.0000129 -0.0000000 0.0000000 0 -0.0175941
-999.0000000  415.0000000  0.0000065 -0.0000000 0.0000000 0 -0.0176665
-999.0000000  390.0000000 -0.0000042 -0.0000000 0.0000000 0 -0.0172101
-999.0000000  365.0000000 -0.0000157 -0.0000000 0.0000000 0 -0.0173629
-999.0000000  340.0000000 -0.0000196 -0.0000000 0.0000000 0 -0.0186159
-999.0000000  315.0000000 -0.0000152 -0.0000000 0.0000000 0 -0.0202312
-999.0000000  290.0000000 -0.0000132 -0.0000000 0.0000000 0 -0.0208664
-999.0000000  265.0000000 -0.0000180 -0.0000000 0.0000000 0 -0.0192244
-999.0000000  240.0000000 -0.0000246  0.0000000 0.0000000 0 -0.0150708
-999.0000000  215.0000000 -0.0000260  0.0000000 0.0000000 0 -0.0099416
-999.0000000  190.0000000 -0.0000185  0.0000000 0.0000000 0 -0.0061048
-999.0000000  165.0000000 -0.0000060  0.0000000 0.0000000 0 -0.0045738
-999.0000000  140.0000000 -0.0000003 -0.0000000 0.0000000 0 -0.0034446
-999.0000000  115.0000000  0.0000051  0.0000000 0.0000000 0 -0.0015759
-999.0000000   90.0000000  0.0000242  0.0000000 0.0000000 0 -0.0000005
-999.0000000   65.0000000  0.0000362 -0.0000000 0.0000000 0 -0.0000000
-999.0000000   40.0000000  0.0000239  0.0000000 0.0000000 0 -0.0000000
-999.0000000   15.0000000  0.0000059  0.0000000 0.0000000 0 -0.0000000
 73.500  45   1005.78  day,levels,pres0
-999.0000000 1115.0000000  0.0000171  0.0000000 0.0000000 0  0.0009053
-999.0000000 1090.0000000  0.0000171  0.0000000 0.0000000 0  0.0009261
-999.0000000 1065.0000000  0.0000171  0.0000000 0.0000000 0  0.0009478
-999.0000000 1040.0000000  0.0000171  0.0000000 0.0000000 0  0.0009706
-999.0000000 1015.0000000  0.0000171  0.0000000 0.0000000 0  0.0009945
-999.0000000  990.0000000  0.0000171  0.0000000 0.0000000 0  0.0010196
-999.0000000  965.0000000 -0.0000093  0.0000000 0.0000000 0  0.0021646
-999.0000000  940.0000000 -0.0000159  0.0000000 0.0000000 0  0.0026347
-999.0000000  915.0000000 -0.0000085  0.0000000 0.0000000 0  0.0031571
-999.0000000  890.0000000 -0.0000016  0.0000000 0.0000000 0  0.0043013
-999.0000000  865.0000000  0.0000023  0.0000000 0.0000000 0  0.0060019
-999.0000000  840.0000000  0.0000050  0.0000000 0.0000000 0  0.0079144
-999.0000000  815.0000000  0.0000080  0.0000000 0.0000000 0  0.0096514
-999.0000000  790.0000000  0.0000106  0.0000000 0.0000000 0  0.0110163
-999.0000000  765.0000000  0.0000127  0.0000000 0.0000000 0  0.0119230
-999.0000000  740.0000000  0.0000129  0.0000000 0.0000000 0  0.0122628
-999.0000000  715.0000000  0.0000110  0.0000000 0.0000000 0  0.0119287
-999.0000000  690.0000000  0.0000085  0.0000000 0.0000000 0  0.0108456
-999.0000000  665.0000000  0.0000057  0.0000000 0.0000000 0  0.0089611
-999.0000000  640.0000000  0.0000038  0.0000000 0.0000000 0  0.0061898
-999.0000000  615.0000000  0.0000040  0.0000000 0.0000000 0  0.0024390
-999.0000000  590.0000000  0.0000089 -0.0000000 0.0000000 0 -0.0022745
-999.0000000  565.0000000  0.0000190 -0.0000000 0.0000000 0 -0.0076919
-999.0000000  540.0000000  0.0000274 -0.0000000 0.0000000 0 -0.0132334
-999.0000000  515.0000000  0.0000320 -0.0000000 0.0000000 0 -0.0181248
-999.0000000  490.0000000  0.0000343 -0.0000000 0.0000000 0 -0.0219868
-999.0000000  465.0000000  0.0000347  0.0000000 0.0000000 0 -0.0251138
-999.0000000  440.0000000  0.0000346  0.0000000 0.0000000 0 -0.0276757
-999.0000000  415.0000000  0.0000341  0.0000000 0.0000000 0 -0.0294385
-999.0000000  390.0000000  0.0000335  0.0000000 0.0000000 0 -0.0308658
-999.0000000  365.0000000  0.0000327 -0.0000000 0.0000000 0 -0.0331960
-999.0000000  340.0000000  0.0000315 -0.0000000 0.0000000 0 -0.0366950
-999.0000000  315.0000000  0.0000289 -0.0000000 0.0000000 0 -0.0399869
-999.0000000  290.0000000  0.0000219 -0.0000000 0.0000000 0 -0.0412120
-999.0000000  265.0000000  0.0000093 -0.0000000 0.0000000 0 -0.0389878
-999.0000000  240.0000000 -0.0000060  0.0000000 0.0000000 0 -0.0331166
-999.0000000  215.0000000 -0.0000175  0.0000000 0.0000000 0 -0.0251041
-999.0000000  190.0000000 -0.0000204  0.0000000 0.0000000 0 -0.0176237
-999.0000000  165.0000000 -0.0000134  0.0000000 0.0000000 0 -0.0127847
-999.0000000  140.0000000  0.0000013  0.0000000 0.0000000 0 -0.0075804
-999.0000000  115.0000000  0.0000160  0.0000000 0.0000000 0 -0.0023733
-999.0000000   90.0000000  0.0000140 -0.0000000 0.0000000 0 -0.0000011
-999.0000000   65.0000000  0.0000045 -0.0000000 0.0000000 0 -0.0000000
-999.0000000   40.0000000 -0.0000127 -0.0000000 0.0000000 0 -0.0000000
-999.0000000   15.0000000 -0.0000155 -0.0000000 0.0000000 0 -0.0000000
 73.625  45   1005.80  day,levels,pres0
-999.0000000 1115.0000000  0.0000442  0.0000000 0.0000000 0  0.0018312
-999.0000000 1090.0000000  0.0000442  0.0000000 0.0000000 0  0.0018732
-999.0000000 1065.0000000  0.0000442  0.0000000 0.0000000 0  0.0019172
-999.0000000 1040.0000000  0.0000442  0.0000000 0.0000000 0  0.0019633
-999.0000000 1015.0000000  0.0000442  0.0000000 0.0000000 0  0.0020116
-999.0000000  990.0000000  0.0000442  0.0000000 0.0000000 0  0.0020624
-999.0000000  965.0000000  0.0000153  0.0000000 0.0000000 0  0.0057682
-999.0000000  940.0000000 -0.0000033  0.0000000 0.0000000 0  0.0099701
-999.0000000  915.0000000  0.0000059  0.0000000 0.0000000 0  0.0145656
-999.0000000  890.0000000  0.0000164  0.0000000 0.0000000 0  0.0194561
-999.0000000  865.0000000  0.0000209  0.0000000 0.0000000 0  0.0243501
-999.0000000  840.0000000  0.0000215  0.0000000 0.0000000 0  0.0288567
-999.0000000  815.0000000  0.0000223  0.0000000 0.0000000 0  0.0326005
-999.0000000  790.0000000  0.0000247  0.0000000 0.0000000 0  0.0354308
-999.0000000  765.0000000  0.0000279  0.0000000 0.0000000 0  0.0373367
-999.0000000  740.0000000  0.0000305  0.0000001 0.0000000 0  0.0383623
-999.0000000  715.0000000  0.0000319  0.0000001 0.0000000 0  0.0385944
-999.0000000  690.0000000  0.0000324  0.0000001 0.0000000 0  0.0381177
-999.0000000  665.0000000  0.0000320  0.0000001 0.0000000 0  0.0370082
-999.0000000  640.0000000  0.0000327  0.0000000 0.0000000 0  0.0352761
-999.0000000  615.0000000  0.0000361  0.0000000 0.0000000 0  0.0328660
-999.0000000  590.0000000  0.0000463  0.0000000 0.0000000 0  0.0297940
-999.0000000  565.0000000  0.0000631  0.0000000 0.0000000 0  0.0262080
-999.0000000  540.0000000  0.0000719 -0.0000000 0.0000000 0  0.0224266
-999.0000000  515.0000000  0.0000689  0.0000000 0.0000000 0  0.0188698
-999.0000000  490.0000000  0.0000628  0.0000000 0.0000000 0  0.0157867
-999.0000000  465.0000000  0.0000572  0.0000000 0.0000000 0  0.0131388
-999.0000000  440.0000000  0.0000564  0.0000000 0.0000000 0  0.0109204
-999.0000000  415.0000000  0.0000618  0.0000000 0.0000000 0  0.0092716
-999.0000000  390.0000000  0.0000712  0.0000000 0.0000000 0  0.0079471
-999.0000000  365.0000000  0.0000811 -0.0000000 0.0000000 0  0.0062961
-999.0000000  340.0000000  0.0000826 -0.0000000 0.0000000 0  0.0042562
-999.0000000  315.0000000  0.0000730  0.0000000 0.0000000 0  0.0025903
-999.0000000  290.0000000  0.0000569  0.0000000 0.0000000 0  0.0019340
-999.0000000  265.0000000  0.0000365  0.0000000 0.0000000 0  0.0022363
-999.0000000  240.0000000  0.0000127  0.0000000 0.0000000 0  0.0029218
-999.0000000  215.0000000 -0.0000089  0.0000000 0.0000000 0  0.0031230
-999.0000000  190.0000000 -0.0000222  0.0000000 0.0000000 0  0.0019810
-999.0000000  165.0000000 -0.0000207  0.0000000 0.0000000 0 -0.0006105
-999.0000000  140.0000000  0.0000029  0.0000000 0.0000000 0 -0.0020912
-999.0000000  115.0000000  0.0000269  0.0000000 0.0000000 0 -0.0012935
-999.0000000   90.0000000  0.0000037 -0.0000000 0.0000000 0 -0.0000024
-999.0000000   65.0000000 -0.0000272  0.0000000 0.0000000 0 -0.0000000
-999.0000000   40.0000000 -0.0000492 -0.0000000 0.0000000 0 -0.0000000
-999.0000000   15.0000000 -0.0000370 -0.0000000 0.0000000 0 -0.0000000
 73.750  45   1001.71  day,levels,pres0
-999.0000000 1115.0000000 -0.0000096  0.0000000 0.0000000 0 -0.0005159
-999.0000000 1090.0000000 -0.0000096  0.0000000 0.0000000 0 -0.0005278
-999.0000000 1065.0000000 -0.0000096  0.0000000 0.0000000 0 -0.0005402
-999.0000000 1040.0000000 -0.0000096  0.0000000 0.0000000 0 -0.0005531
-999.0000000 1015.0000000 -0.0000096  0.0000000 0.0000000 0 -0.0005668
-999.0000000  990.0000000 -0.0000096  0.0000000 0.0000000 0 -0.0005811
-999.0000000  965.0000000  0.0000011  0.0000000 0.0000000 0 -0.0010204
-999.0000000  940.0000000  0.0000034  0.0000000 0.0000000 0  0.0000235
-999.0000000  915.0000000  0.0000097  0.0000000 0.0000000 0  0.0021357
-999.0000000  890.0000000  0.0000150  0.0000000 0.0000000 0  0.0049499
-999.0000000  865.0000000  0.0000176  0.0000000 0.0000000 0  0.0080019
-999.0000000  840.0000000  0.0000182  0.0000000 0.0000000 0  0.0108691
-999.0000000  815.0000000  0.0000178  0.0000000 0.0000000 0  0.0133018
-999.0000000  790.0000000  0.0000167  0.0000000 0.0000000 0  0.0151752
-999.0000000  765.0000000  0.0000149  0.0000000 0.0000000 0  0.0164884
-999.0000000  740.0000000  0.0000125  0.0000000 0.0000000 0  0.0174389
-999.0000000  715.0000000  0.0000095  0.0000000 0.0000000 0  0.0183280
-999.0000000  690.0000000  0.0000064  0.0000000 0.0000000 0  0.0193114
-999.0000000  665.0000000  0.0000031  0.0000000 0.0000000 0  0.0203863
-999.0000000  640.0000000 -0.0000009  0.0000000 0.0000000 0  0.0214723
-999.0000000  615.0000000 -0.0000050  0.0000000 0.0000000 0  0.0223392
-999.0000000  590.0000000 -0.0000055  0.0000000 0.0000000 0  0.0228336
-999.0000000  565.0000000 -0.0000020  0.0000000 0.0000000 0  0.0229907
-999.0000000  540.0000000  0.0000000  0.0000000 0.0000000 0  0.0230135
-999.0000000  515.0000000 -0.0000009  0.0000000 0.0000000 0  0.0234478
-999.0000000  490.0000000 -0.0000021  0.0000000 0.0000000 0  0.0246291
-999.0000000  465.0000000 -0.0000024  0.0000000 0.0000000 0  0.0264014
-999.0000000  440.0000000 -0.0000001  0.0000000 0.0000000 0  0.0285782
-999.0000000  415.0000000  0.0000053  0.0000000 0.0000000 0  0.0309241
-999.0000000  390.0000000  0.0000125  0.0000000 0.0000000 0  0.0333671
-999.0000000  365.0000000  0.0000196  0.0000000 0.0000000 0  0.0361214
-999.0000000  340.0000000  0.0000221  0.0000000 0.0000000 0  0.0393261
-999.0000000  315.0000000  0.0000190  0.0000000 0.0000000 0  0.0429254
-999.0000000  290.0000000  0.0000142  0.0000000 0.0000000 0  0.0463029
-999.0000000  265.0000000  0.0000096  0.0000000 0.0000000 0  0.0480932
-999.0000000  240.0000000  0.0000060  0.0000000 0.0000000 0  0.0472900
-999.0000000  215.0000000  0.0000036  0.0000000 0.0000000 0  0.0441259
-999.0000000  190.0000000  0.0000005  0.0000000 0.0000000 0  0.0392357
-999.0000000  165.0000000 -0.0000002  0.0000000 0.0000000 0  0.0319852
-999.0000000  140.0000000  0.0000091  0.0000000 0.0000000 0  0.0182943
-999.0000000  115.0000000  0.0000133  0.0000000 0.0000000 0  0.0045201
-999.0000000   90.0000000 -0.0000112 -0.0000000 0.0000000 0 -0.0000102
-999.0000000   65.0000000 -0.0000269  0.0000000 0.0000000 0 -0.0000000
-999.0000000   40.0000000 -0.0000320 -0.0000000 0.0000000 0 -0.0000000
-999.0000000   15.0000000 -0.0000164 -0.0000000 0.0000000 0 -0.0000000
 73.875  45   1000.99  day,levels,pres0
-999.0000000 1115.0000000 -0.0000635 -0.0000000 0.0000000 0 -0.0009033
-999.0000000 1090.0000000 -0.0000635 -0.0000000 0.0000000 0 -0.0009241
-999.0000000 1065.0000000 -0.0000635 -0.0000000 0.0000000 0 -0.0009458
-999.0000000 1040.0000000 -0.0000635 -0.0000000 0.0000000 0 -0.0009685
-999.0000000 1015.0000000 -0.0000635 -0.0000000 0.0000000 0 -0.0009923
-999.0000000  990.0000000 -0.0000635 -0.0000000 0.0000000 0 -0.0010174
-999.0000000  965.0000000 -0.0000129 -0.0000000 0.0000000 0 -0.0030957
-999.0000000  940.0000000  0.0000106 -0.0000000 0.0000000 0 -0.0044496
-999.0000000  915.0000000  0.0000141 -0.0000000 0.0000000 0 -0.0049300
-999.0000000  890.0000000  0.0000141 -0.0000000 0.0000000 0 -0.0046620
-999.0000000  865.0000000  0.0000149 -0.0000000 0.0000000 0 -0.0038234
-999.0000000  840.0000000  0.0000154 -0.0000000 0.0000000 0 -0.0026349
-999.0000000  815.0000000  0.0000136 -0.0000000 0.0000000 0 -0.0012883
-999.0000000  790.0000000  0.0000090 -0.0000000 0.0000000 0  0.0001021
-999.0000000  765.0000000  0.0000022 -0.0000000 0.0000000 0  0.0014672
-999.0000000  740.0000000 -0.0000055 -0.0000000 0.0000000 0  0.0027785
-999.0000000  715.0000000 -0.0000129  0.0000000 0.0000000 0  0.0040083
-999.0000000  690.0000000 -0.0000197  0.0000000 0.0000000 0  0.0050846
-999.0000000  665.0000000 -0.0000261  0.0000000 0.0000000 0  0.0059024
-999.0000000  640.0000000 -0.0000347  0.0000000 0.0000000 0  0.0064342
-999.0000000  615.0000000 -0.0000463  0.0000000 0.0000000 0  0.0067338
-999.0000000  590.0000000 -0.0000577 -0.0000000 0.0000000 0  0.0068839
-999.0000000  565.0000000 -0.0000674  0.0000000 0.0000000 0  0.0069895
-999.0000000  540.0000000 -0.0000722  0.0000000 0.0000000 0  0.0071611
-999.0000000  515.0000000 -0.0000708  0.0000000 0.0000000 0  0.0075962
-999.0000000  490.0000000 -0.0000671  0.0000000 0.0000000 0  0.0084488
-999.0000000  465.0000000 -0.0000621  0.0000000 0.0000000 0  0.0097436
-999.0000000  440.0000000 -0.0000566  0.0000000 0.0000000 0  0.0115020
-999.0000000  415.0000000 -0.0000512  0.0000000 0.0000000 0  0.0136979
-999.0000000  390.0000000 -0.0000461  0.0000000 0.0000000 0  0.0163326
-999.0000000  365.0000000 -0.0000417  0.0000000 0.0000000 0  0.0194576
-999.0000000  340.0000000 -0.0000383  0.0000000 0.0000000 0  0.0229916
-999.0000000  315.0000000 -0.0000350  0.0000000 0.0000000 0  0.0266497
-999.0000000  290.0000000 -0.0000287  0.0000000 0.0000000 0  0.0298119
-999.0000000  265.0000000 -0.0000176  0.0000000 0.0000000 0  0.0314931
-999.0000000  240.0000000 -0.0000012  0.0000000 0.0000000 0  0.0308713
-999.0000000  215.0000000  0.0000155  0.0000000 0.0000000 0  0.0275702
-999.0000000  190.0000000  0.0000225  0.0000000 0.0000000 0  0.0218312
-999.0000000  165.0000000  0.0000199  0.0000000 0.0000000 0  0.0149744
-999.0000000  140.0000000  0.0000154  0.0000000 0.0000000 0  0.0073664
-999.0000000  115.0000000 -0.0000002  0.0000000 0.0000000 0  0.0014506
-999.0000000   90.0000000 -0.0000260  0.0000000 0.0000000 0  0.0000004
-999.0000000   65.0000000 -0.0000265  0.0000000 0.0000000 0 -0.0000000
-999.0000000   40.0000000 -0.0000148 -0.0000000 0.0000000 0 -0.0000000
-999.0000000   15.0000000  0.0000042  0.0000000 0.0000000 0 -0.0000000
 74.000  45   1003.94  day,levels,pres0
-999.0000000 1115.0000000 -0.0000337 -0.0000000 0.0000000 0 -0.0003042
-999.0000000 1090.0000000 -0.0000337 -0.0000000 0.0000000 0 -0.0003112
-999.0000000 1065.0000000 -0.0000337 -0.0000000 0.0000000 0 -0.0003185
-999.0000000 1040.0000000 -0.0000337 -0.0000000 0.0000000 0 -0.0003262
-999.0000000 1015.0000000 -0.0000337 -0.0000000 0.0000000 0 -0.0003342
-999.0000000  990.0000000 -0.0000337 -0.0000000 0.0000000 0 -0.0003426
-999.0000000  965.0000000  0.0000012 -0.0000000 0.0000000 0 -0.0011931
-999.0000000  940.0000000  0.0000121 -0.0000000 0.0000000 0 -0.0020083
-999.0000000  915.0000000  0.0000106 -0.0000000 0.0000000 0 -0.0022692
-999.0000000  890.0000000  0.0000089 -0.0000000 0.0000000 0 -0.0019333
-999.0000000  865.0000000  0.0000096 -0.0000000 0.0000000 0 -0.0010732
-999.0000000  840.0000000  0.0000084 -0.0000000 0.0000000 0  0.0001891
-999.0000000  815.0000000  0.0000030 -0.0000000 0.0000000 0  0.0017448
-999.0000000  790.0000000 -0.0000036 -0.0000000 0.0000000 0  0.0035145
-999.0000000  765.0000000 -0.0000094 -0.0000000 0.0000000 0  0.0053691
-999.0000000  740.0000000 -0.0000132 -0.0000000 0.0000000 0  0.0070787
-999.0000000  715.0000000 -0.0000148 -0.0000000 0.0000000 0  0.0083416
-999.0000000  690.0000000 -0.0000152 -0.0000000 0.0000000 0  0.0088938
-999.0000000  665.0000000 -0.0000145 -0.0000000 0.0000000 0  0.0085199
-999.0000000  640.0000000 -0.0000140 -0.0000000 0.0000000 0  0.0072079
-999.0000000  615.0000000 -0.0000143 -0.0000000 0.0000000 0  0.0052608
-999.0000000  590.0000000 -0.0000155 -0.0000000 0.0000000 0  0.0030230
-999.0000000  565.0000000 -0.0000177 -0.0000000 0.0000000 0  0.0007733
-999.0000000  540.0000000 -0.0000205 -0.0000000 0.0000000 0 -0.0013036
-999.0000000  515.0000000 -0.0000235 -0.0000000 0.0000000 0 -0.0031984
-999.0000000  490.0000000 -0.0000260 -0.0000000 0.0000000 0 -0.0049011
-999.0000000  465.0000000 -0.0000274  0.0000000 0.0000000 0 -0.0063233
-999.0000000  440.0000000 -0.0000275  0.0000000 0.0000000 0 -0.0073375
-999.0000000  415.0000000 -0.0000263  0.0000000 0.0000000 0 -0.0077665
-999.0000000  390.0000000 -0.0000252  0.0000000 0.0000000 0 -0.0074961
-999.0000000  365.0000000 -0.0000243  0.0000000 0.0000000 0 -0.0065715
-999.0000000  340.0000000 -0.0000219  0.0000000 0.0000000 0 -0.0052386
-999.0000000  315.0000000 -0.0000175  0.0000000 0.0000000 0 -0.0039855
-999.0000000  290.0000000 -0.0000119  0.0000000 0.0000000 0 -0.0034030
-999.0000000  265.0000000 -0.0000054  0.0000000 0.0000000 0 -0.0039832
-999.0000000  240.0000000  0.0000009  0.0000000 0.0000000 0 -0.0061386
-999.0000000  215.0000000  0.0000026  0.0000000 0.0000000 0 -0.0106260
-999.0000000  190.0000000 -0.0000019  0.0000000 0.0000000 0 -0.0173184
-999.0000000  165.0000000 -0.0000037 -0.0000000 0.0000000 0 -0.0217659
-999.0000000  140.0000000  0.0000031 -0.0000000 0.0000000 0 -0.0157136
-999.0000000  115.0000000  0.0000039  0.0000000 0.0000000 0 -0.0048774
-999.0000000   90.0000000 -0.0000084  0.0000000 0.0000000 0  0.0000007
-999.0000000   65.0000000 -0.0000076  0.0000000 0.0000000 0 -0.0000000
-999.0000000   40.0000000  0.0000029  0.0000000 0.0000000 0 -0.0000000
-999.0000000   15.0000000  0.0000179  0.0000000 0.0000000 0 -0.0000000
 74.125  45   1005.67  day,levels,pres0
-999.0000000 1115.0000000 -0.0000036 -0.0000000 0.0000000 0 -0.0005216
-999.0000000 1090.0000000 -0.0000036 -0.0000000 0.0000000 0 -0.0005335
-999.0000000 1065.0000000 -0.0000036 -0.0000000 0.0000000 0 -0.0005460
-999.0000000 1040.0000000 -0.0000036 -0.0000000 0.0000000 0 -0.0005592
-999.0000000 1015.0000000 -0.0000036 -0.0000000 0.0000000 0 -0.0005729
-999.0000000  990.0000000 -0.0000036 -0.0000000 0.0000000 0 -0.0005874
-999.0000000  965.0000000  0.0000157 -0.0000000 0.0000000 0 -0.0020938
-999.0000000  940.0000000  0.0000141 -0.0000000 0.0000000 0 -0.0039864
-999.0000000  915.0000000  0.0000074 -0.0000000 0.0000000 0 -0.0055700
-999.0000000  890.0000000  0.0000038 -0.0000000 0.0000000 0 -0.0066278
-999.0000000  865.0000000  0.0000043 -0.0000000 0.0000000 0 -0.0071123
-999.0000000  840.0000000  0.0000014 -0.0000000 0.0000000 0 -0.0070709
-999.0000000  815.0000000 -0.0000078 -0.0000000 0.0000000 0 -0.0066271
-999.0000000  790.0000000 -0.0000165 -0.0000000 0.0000000 0 -0.0058998
-999.0000000  765.0000000 -0.0000214 -0.0000000 0.0000000 0 -0.0049961
-999.0000000  740.0000000 -0.0000212 -0.0000000 0.0000000 0 -0.0041002
-999.0000000  715.0000000 -0.0000170 -0.0000000 0.0000000 0 -0.0034843
-999.0000000  690.0000000 -0.0000110 -0.0000000 0.0000000 0 -0.0033990
-999.0000000  665.0000000 -0.0000030 -0.0000000 0.0000000 0 -0.0040522
-999.0000000  640.0000000  0.0000066 -0.0000000 0.0000000 0 -0.0054467
-999.0000000  615.0000000  0.0000176 -0.0000000 0.0000000 0 -0.0072716
-999.0000000  590.0000000  0.0000266 -0.0000000 0.0000000 0 -0.0091526
-999.0000000  565.0000000  0.0000319 -0.0000000 0.0000000 0 -0.0107353
-999.0000000  540.0000000  0.0000311 -0.0000000 0.0000000 0 -0.0118197
-999.0000000  515.0000000  0.0000237 -0.0000000 0.0000000 0 -0.0124713
-999.0000000  490.0000000  0.0000150 -0.0000000 0.0000000 0 -0.0127433
-999.0000000  465.0000000  0.0000072 -0.0000000 0.0000000 0 -0.0125789
-999.0000000  440.0000000  0.0000017 -0.0000000 0.0000000 0 -0.0119207
-999.0000000  415.0000000 -0.0000014 -0.0000000 0.0000000 0 -0.0107077
-999.0000000  390.0000000 -0.0000043 -0.0000000 0.0000000 0 -0.0088523
-999.0000000  365.0000000 -0.0000069  0.0000000 0.0000000 0 -0.0062950
-999.0000000  340.0000000 -0.0000056  0.0000000 0.0000000 0 -0.0032050
-999.0000000  315.0000000 -0.0000001  0.0000000 0.0000000 0 -0.0000714
-999.0000000  290.0000000  0.0000050  0.0000000 0.0000000 0  0.0025378
-999.0000000  265.0000000  0.0000069  0.0000000 0.0000000 0  0.0041695
-999.0000000  240.0000000  0.0000032  0.0000000 0.0000000 0  0.0042244
-999.0000000  215.0000000 -0.0000099  0.0000000 0.0000000 0  0.0012348
-999.0000000  190.0000000 -0.0000259 -0.0000000 0.0000000 0 -0.0056701
-999.0000000  165.0000000 -0.0000271 -0.0000000 0.0000000 0 -0.0124909
-999.0000000  140.0000000 -0.0000092 -0.0000000 0.0000000 0 -0.0109180
-999.0000000  115.0000000  0.0000080 -0.0000000 0.0000000 0 -0.0038059
-999.0000000   90.0000000  0.0000092  0.0000000 0.0000000 0 -0.0000017
-999.0000000   65.0000000  0.0000113  0.0000000 0.0000000 0 -0.0000000
-999.0000000   40.0000000  0.0000206  0.0000000 0.0000000 0 -0.0000000
-999.0000000   15.0000000  0.0000315  0.0000000 0.0000000 0 -0.0000000
 74.250  45   1003.83  day,levels,pres0
-999.0000000 1115.0000000 -0.0000116 -0.0000000 0.0000000 0  0.0000274
-999.0000000 1090.0000000 -0.0000116 -0.0000000 0.0000000 0  0.0000280
-999.0000000 1065.0000000 -0.0000116 -0.0000000 0.0000000 0  0.0000287
-999.0000000 1040.0000000 -0.0000116 -0.0000000 0.0000000 0  0.0000294
-999.0000000 1015.0000000 -0.0000116 -0.0000000 0.0000000 0  0.0000301
-999.0000000  990.0000000 -0.0000116 -0.0000000 0.0000000 0  0.0000308
-999.0000000  965.0000000 -0.0000214 -0.0000000 0.0000000 0 -0.0006121
-999.0000000  940.0000000 -0.0000207 -0.0000000 0.0000000 0 -0.0020295
-999.0000000  915.0000000 -0.0000199 -0.0000000 0.0000000 0 -0.0034371
-999.0000000  890.0000000 -0.0000187 -0.0000000 0.0000000 0 -0.0044859
-999.0000000  865.0000000 -0.0000161 -0.0000000 0.0000000 0 -0.0050646
-999.0000000  840.0000000 -0.0000141 -0.0000000 0.0000000 0 -0.0051769
-999.0000000  815.0000000 -0.0000144 -0.0000000 0.0000000 0 -0.0049622
-999.0000000  790.0000000 -0.0000146 -0.0000000 0.0000000 0 -0.0045708
-999.0000000  765.0000000 -0.0000133 -0.0000000 0.0000000 0 -0.0040838
-999.0000000  740.0000000 -0.0000105 -0.0000000 0.0000000 0 -0.0036398
-999.0000000  715.0000000 -0.0000069 -0.0000000 0.0000000 0 -0.0034762
-999.0000000  690.0000000 -0.0000037 -0.0000000 0.0000000 0 -0.0038157
-999.0000000  665.0000000 -0.0000011 -0.0000000 0.0000000 0 -0.0048443
-999.0000000  640.0000000  0.0000026 -0.0000000 0.0000000 0 -0.0065493
-999.0000000  615.0000000  0.0000076 -0.0000000 0.0000000 0 -0.0085982
-999.0000000  590.0000000  0.0000113 -0.0000000 0.0000000 0 -0.0105592
-999.0000000  565.0000000  0.0000123 -0.0000000 0.0000000 0 -0.0119833
-999.0000000  540.0000000  0.0000096 -0.0000000 0.0000000 0 -0.0126362
-999.0000000  515.0000000  0.0000027 -0.0000000 0.0000000 0 -0.0126604
-999.0000000  490.0000000 -0.0000045 -0.0000000 0.0000000 0 -0.0121825
-999.0000000  465.0000000 -0.0000105 -0.0000000 0.0000000 0 -0.0111713
-999.0000000  440.0000000 -0.0000143 -0.0000000 0.0000000 0 -0.0096346
-999.0000000  415.0000000 -0.0000162 -0.0000000 0.0000000 0 -0.0076142
-999.0000000  390.0000000 -0.0000193  0.0000000 0.0000000 0 -0.0050459
-999.0000000  365.0000000 -0.0000237 -0.0000000 0.0000000 0 -0.0017829
-999.0000000  340.0000000 -0.0000248 -0.0000000 0.0000000 0  0.0020876
-999.0000000  315.0000000 -0.0000218  0.0000000 0.0000000 0  0.0060919
-999.0000000  290.0000000 -0.0000183  0.0000000 0.0000000 0  0.0096802
-999.0000000  265.0000000 -0.0000161 -0.0000000 0.0000000 0  0.0124273
-999.0000000  240.0000000 -0.0000158 -0.0000000 0.0000000 0  0.0135436
-999.0000000  215.0000000 -0.0000168 -0.0000000 0.0000000 0  0.0108491
-999.0000000  190.0000000 -0.0000141 -0.0000000 0.0000000 0  0.0025753
-999.0000000  165.0000000 -0.0000064 -0.0000000 0.0000000 0 -0.0072616
-999.0000000  140.0000000 -0.0000016 -0.0000000 0.0000000 0 -0.0091022
-999.0000000  115.0000000  0.0000004  0.0000000 0.0000000 0 -0.0036865
-999.0000000   90.0000000  0.0000128  0.0000000 0.0000000 0 -0.0000002
-999.0000000   65.0000000  0.0000280 -0.0000000 0.0000000 0 -0.0000000
-999.0000000   40.0000000  0.0000272  0.0000000 0.0000000 0 -0.0000000
-999.0000000   15.0000000  0.0000202  0.0000000 0.0000000 0 -0.0000000
 74.375  45   1003.13  day,levels,pres0
-999.0000000 1115.0000000 -0.0000196 -0.0000000 0.0000000 0  0.0005020
-999.0000000 1090.0000000 -0.0000196 -0.0000000 0.0000000 0  0.0005135
-999.0000000 1065.0000000 -0.0000196 -0.0000000 0.0000000 0  0.0005255
-999.0000000 1040.0000000 -0.0000196 -0.0000000 0.0000000 0  0.0005382
-999.0000000 1015.0000000 -0.0000196 -0.0000000 0.0000000 0  0.0005514
-999.0000000  990.0000000 -0.0000196 -0.0000000 0.0000000 0  0.0005653
-999.0000000  965.0000000 -0.0000584  0.0000000 0.0000000 0  0.0011275
-999.0000000  940.0000000 -0.0000556  0.0000000 0.0000000 0  0.0007209
-999.0000000  915.0000000 -0.0000471 -0.0000000 0.0000000 0 -0.0002720
-999.0000000  890.0000000 -0.0000413 -0.0000000 0.0000000 0 -0.0012510
-999.0000000  865.0000000 -0.0000366 -0.0000000 0.0000000 0 -0.0019492
-999.0000000  840.0000000 -0.0000297  0.0000000 0.0000000 0 -0.0024015
-999.0000000  815.0000000 -0.0000211  0.0000000 0.0000000 0 -0.0026877
-999.0000000  790.0000000 -0.0000129  0.0000000 0.0000000 0 -0.0028702
-999.0000000  765.0000000 -0.0000053 -0.0000000 0.0000000 0 -0.0029248
-999.0000000  740.0000000  0.0000001 -0.0000000 0.0000000 0 -0.0028450
-999.0000000  715.0000000  0.0000032 -0.0000000 0.0000000 0 -0.0027151
-999.0000000  690.0000000  0.0000034 -0.0000000 0.0000000 0 -0.0026630
-999.0000000  665.0000000  0.0000007 -0.0000000 0.0000000 0 -0.0028446
-999.0000000  640.0000000 -0.0000015 -0.0000000 0.0000000 0 -0.0033217
-999.0000000  615.0000000 -0.0000024 -0.0000000 0.0000000 0 -0.0039736
-999.0000000  590.0000000 -0.0000041 -0.0000000 0.0000000 0 -0.0046109
-999.0000000  565.0000000 -0.0000072 -0.0000000 0.0000000 0 -0.0050168
-999.0000000  540.0000000 -0.0000120 -0.0000000 0.0000000 0 -0.0051094
-999.0000000  515.0000000 -0.0000184  0.0000000 0.0000000 0 -0.0050498
-999.0000000  490.0000000 -0.0000241  0.0000000 0.0000000 0 -0.0049502
-999.0000000  465.0000000 -0.0000282  0.0000000 0.0000000 0 -0.0047609
-999.0000000  440.0000000 -0.0000303  0.0000000 0.0000000 0 -0.0044566
-999.0000000  415.0000000 -0.0000310  0.0000000 0.0000000 0 -0.0039831
-999.0000000  390.0000000 -0.0000343  0.0000000 0.0000000 0 -0.0029358
-999.0000000  365.0000000 -0.0000405 -0.0000000 0.0000000 0 -0.0006089
-999.0000000  340.0000000 -0.0000441 -0.0000000 0.0000000 0  0.0031429
-999.0000000  315.0000000 -0.0000435 -0.0000000 0.0000000 0  0.0074719
-999.0000000  290.0000000 -0.0000416 -0.0000000 0.0000000 0  0.0111717
-999.0000000  265.0000000 -0.0000391 -0.0000000 0.0000000 0  0.0131154
-999.0000000  240.0000000 -0.0000346 -0.0000000 0.0000000 0  0.0121202
-999.0000000  215.0000000 -0.0000237 -0.0000000 0.0000000 0  0.0069518
-999.0000000  190.0000000 -0.0000023 -0.0000000 0.0000000 0 -0.0016823
-999.0000000  165.0000000  0.0000144 -0.0000000 0.0000000 0 -0.0085785
-999.0000000  140.0000000  0.0000059 -0.0000000 0.0000000 0 -0.0078268
-999.0000000  115.0000000 -0.0000071  0.0000000 0.0000000 0 -0.0027009
-999.0000000   90.0000000  0.0000164  0.0000000 0.0000000 0  0.0000009
-999.0000000   65.0000000  0.0000447 -0.0000000 0.0000000 0 -0.0000000
-999.0000000   40.0000000  0.0000338  0.0000000 0.0000000 0 -0.0000000
-999.0000000   15.0000000  0.0000088  0.0000000 0.0000000 0 -0.0000000
 74.500  45   1005.13  day,levels,pres0
-999.0000000 1115.0000000  0.0000483 -0.0000000 0.0000000 0  0.0009114
-999.0000000 1090.0000000  0.0000483 -0.0000000 0.0000000 0  0.0009323
-999.0000000 1065.0000000  0.0000483 -0.0000000 0.0000000 0  0.0009542
-999.0000000 1040.0000000  0.0000483 -0.0000000 0.0000000 0  0.0009771
-999.0000000 1015.0000000  0.0000483 -0.0000000 0.0000000 0  0.0010012
-999.0000000  990.0000000  0.0000483 -0.0000000 0.0000000 0  0.0010264
-999.0000000  965.0000000  0.0000111  0.0000000 0.0000000 0  0.0023071
-999.0000000  940.0000000 -0.0000073  0.0000000 0.0000000 0  0.0023675
-999.0000000  915.0000000 -0.0000097  0.0000000 0.0000000 0  0.0012073
-999.0000000  890.0000000 -0.0000078  0.0000000 0.0000000 0 -0.0003212
-999.0000000  865.0000000 -0.0000077  0.0000000 0.0000000 0 -0.0017918
-999.0000000  840.0000000 -0.0000028  0.0000000 0.0000000 0 -0.0032645
-999.0000000  815.0000000  0.0000069  0.0000000 0.0000000 0 -0.0047567
-999.0000000  790.0000000  0.0000160 -0.0000000 0.0000000 0 -0.0062423
-999.0000000  765.0000000  0.0000232 -0.0000000 0.0000000 0 -0.0075915
-999.0000000  740.0000000  0.0000275 -0.0000000 0.0000000 0 -0.0086534
-999.0000000  715.0000000  0.0000286 -0.0000000 0.0000000 0 -0.0093609
-999.0000000  690.0000000  0.0000278 -0.0000000 0.0000000 0 -0.0097471
-999.0000000  665.0000000  0.0000251 -0.0000000 0.0000000 0 -0.0099338
-999.0000000  640.0000000  0.0000231 -0.0000000 0.0000000 0 -0.0100493
-999.0000000  615.0000000  0.0000223 -0.0000000 0.0000000 0 -0.0101665
-999.0000000  590.0000000  0.0000206 -0.0000000 0.0000000 0 -0.0103245
-999.0000000  565.0000000  0.0000175 -0.0000000 0.0000000 0 -0.0105274
-999.0000000  540.0000000  0.0000126 -0.0000000 0.0000000 0 -0.0108278
-999.0000000  515.0000000  0.0000066 -0.0000000 0.0000000 0 -0.0114060
-999.0000000  490.0000000  0.0000031 -0.0000000 0.0000000 0 -0.0123588
-999.0000000  465.0000000  0.0000031 -0.0000000 0.0000000 0 -0.0136011
-999.0000000  440.0000000  0.0000045 -0.0000000 0.0000000 0 -0.0150640
-999.0000000  415.0000000  0.0000060 -0.0000000 0.0000000 0 -0.0165801
-999.0000000  390.0000000  0.0000062 -0.0000000 0.0000000 0 -0.0173902
-999.0000000  365.0000000  0.0000041 -0.0000000 0.0000000 0 -0.0162340
-999.0000000  340.0000000 -0.0000005 -0.0000000 0.0000000 0 -0.0127256
-999.0000000  315.0000000 -0.0000070 -0.0000000 0.0000000 0 -0.0080347
-999.0000000  290.0000000 -0.0000132 -0.0000000 0.0000000 0 -0.0039533
-999.0000000  265.0000000 -0.0000177 -0.0000000 0.0000000 0 -0.0022370
-999.0000000  240.0000000 -0.0000188 -0.0000000 0.0000000 0 -0.0043775
-999.0000000  215.0000000 -0.0000108 -0.0000000 0.0000000 0 -0.0106097
-999.0000000  190.0000000  0.0000074 -0.0000000 0.0000000 0 -0.0176961
-999.0000000  165.0000000  0.0000224 -0.0000000 0.0000000 0 -0.0189054
-999.0000000  140.0000000  0.0000183  0.0000000 0.0000000 0 -0.0112262
-999.0000000  115.0000000  0.0000032 -0.0000000 0.0000000 0 -0.0026995
-999.0000000   90.0000000  0.0000068  0.0000000 0.0000000 0 -0.0000002
-999.0000000   65.0000000  0.0000154 -0.0000000 0.0000000 0 -0.0000000
-999.0000000   40.0000000  0.0000077  0.0000000 0.0000000 0 -0.0000000
-999.0000000   15.0000000 -0.0000077 -0.0000000 0.0000000 0 -0.0000000
 74.625  45   1005.24  day,levels,pres0
-999.0000000 1115.0000000  0.0001162 -0.0000000 0.0000000 0 -0.0002661
-999.0000000 1090.0000000  0.0001162 -0.0000000 0.0000000 0 -0.0002722
-999.0000000 1065.0000000  0.0001162 -0.0000000 0.0000000 0 -0.0002786
-999.0000000 1040.0000000  0.0001162 -0.0000000 0.0000000 0 -0.0002853
-999.0000000 1015.0000000  0.0001162 -0.0000000 0.0000000 0 -0.0002923
-999.0000000  990.0000000  0.0001162 -0.0000000 0.0000000 0 -0.0002997
-999.0000000  965.0000000  0.0000805  0.0000000 0.0000000 0 -0.0012411
-999.0000000  940.0000000  0.0000409  0.0000000 0.0000000 0 -0.0030073
-999.0000000  915.0000000  0.0000277  0.0000000 0.0000000 0 -0.0055724
-999.0000000  890.0000000  0.0000257  0.0000000 0.0000000 0 -0.0085931
-999.0000000  865.0000000  0.0000212  0.0000000 0.0000000 0 -0.0115690
-999.0000000  840.0000000  0.0000241  0.0000000 0.0000000 0 -0.0141725
-999.0000000  815.0000000  0.0000350 -0.0000000 0.0000000 0 -0.0163973
-999.0000000  790.0000000  0.0000448 -0.0000000 0.0000000 0 -0.0183052
-999.0000000  765.0000000  0.0000518 -0.0000000 0.0000000 0 -0.0197106
-999.0000000  740.0000000  0.0000547 -0.0000000 0.0000000 0 -0.0203341
-999.0000000  715.0000000  0.0000540 -0.0000000 0.0000000 0 -0.0200217
-999.0000000  690.0000000  0.0000521 -0.0000000 0.0000000 0 -0.0188094
-999.0000000  665.0000000  0.0000494 -0.0000000 0.0000000 0 -0.0168850
-999.0000000  640.0000000  0.0000476  0.0000000 0.0000000 0 -0.0144758
-999.0000000  615.0000000  0.0000468 -0.0000000 0.0000000 0 -0.0118221
-999.0000000  590.0000000  0.0000452 -0.0000000 0.0000000 0 -0.0090666
-999.0000000  565.0000000  0.0000421 -0.0000000 0.0000000 0 -0.0061887
-999.0000000  540.0000000  0.0000372 -0.0000000 0.0000000 0 -0.0032019
-999.0000000  515.0000000  0.0000314 -0.0000000 0.0000000 0 -0.0002049
-999.0000000  490.0000000  0.0000301 -0.0000000 0.0000000 0  0.0026416
-999.0000000  465.0000000  0.0000343 -0.0000000 0.0000000 0  0.0051013
-999.0000000  440.0000000  0.0000392 -0.0000000 0.0000000 0  0.0068882
-999.0000000  415.0000000  0.0000431 -0.0000000 0.0000000 0  0.0077783
-999.0000000  390.0000000  0.0000469 -0.0000000 0.0000000 0  0.0081325
-999.0000000  365.0000000  0.0000490 -0.0000000 0.0000000 0  0.0089754
-999.0000000  340.0000000  0.0000434 -0.0000000 0.0000000 0  0.0107836
-999.0000000  315.0000000  0.0000297 -0.0000000 0.0000000 0  0.0128940
-999.0000000  290.0000000  0.0000154 -0.0000000 0.0000000 0  0.0140987
-999.0000000  265.0000000  0.0000040 -0.0000000 0.0000000 0  0.0130714
-999.0000000  240.0000000 -0.0000028 -0.0000000 0.0000000 0  0.0089794
-999.0000000  215.0000000  0.0000020 -0.0000000 0.0000000 0  0.0025572
-999.0000000  190.0000000  0.0000170 -0.0000000 0.0000000 0 -0.0032325
-999.0000000  165.0000000  0.0000304  0.0000000 0.0000000 0 -0.0045187
-999.0000000  140.0000000  0.0000306  0.0000000 0.0000000 0 -0.0022514
-999.0000000  115.0000000  0.0000135 -0.0000000 0.0000000 0 -0.0004257
-999.0000000   90.0000000 -0.0000028  0.0000000 0.0000000 0 -0.0000005
-999.0000000   65.0000000 -0.0000139 -0.0000000 0.0000000 0 -0.0000000
-999.0000000   40.0000000 -0.0000184 -0.0000000 0.0000000 0 -0.0000000
-999.0000000   15.0000000 -0.0000243 -0.0000000 0.0000000 0 -0.0000000
 74.750  45   1001.36  day,levels,pres0
-999.0000000 1115.0000000  0.0000435 -0.0000000 0.0000000 0 -0.0009258
-999.0000000 1090.0000000  0.0000435 -0.0000000 0.0000000 0 -0.0009470
-999.0000000 1065.0000000  0.0000435 -0.0000000 0.0000000 0 -0.0009693
-999.0000000 1040.0000000  0.0000435 -0.0000000 0.0000000 0 -0.0009926
-999.0000000 1015.0000000  0.0000435 -0.0000000 0.0000000 0 -0.0010170
-999.0000000  990.0000000  0.0000435 -0.0000000 0.0000000 0 -0.0010427
-999.0000000  965.0000000  0.0000395 -0.0000000 0.0000000 0 -0.0036421
-999.0000000  940.0000000  0.0000229  0.0000000 0.0000000 0 -0.0066897
-999.0000000  915.0000000  0.0000136  0.0000000 0.0000000 0 -0.0102182
-999.0000000  890.0000000  0.0000090  0.0000000 0.0000000 0 -0.0144464
-999.0000000  865.0000000  0.0000040  0.0000000 0.0000000 0 -0.0187191
-999.0000000  840.0000000  0.0000056  0.0000000 0.0000000 0 -0.0221574
-999.0000000  815.0000000  0.0000180 -0.0000000 0.0000000 0 -0.0246386
-999.0000000  790.0000000  0.0000306 -0.0000000 0.0000000 0 -0.0263176
-999.0000000  765.0000000  0.0000363 -0.0000000 0.0000000 0 -0.0270340
-999.0000000  740.0000000  0.0000361 -0.0000000 0.0000000 0 -0.0265030
-999.0000000  715.0000000  0.0000335 -0.0000000 0.0000000 0 -0.0246053
-999.0000000  690.0000000  0.0000302 -0.0000000 0.0000000 0 -0.0214216
-999.0000000  665.0000000  0.0000265  0.0000000 0.0000000 0 -0.0171931
-999.0000000  640.0000000  0.0000239  0.0000000 0.0000000 0 -0.0121815
-999.0000000  615.0000000  0.0000226 -0.0000000 0.0000000 0 -0.0066474
-999.0000000  590.0000000  0.0000202 -0.0000000 0.0000000 0 -0.0007559
-999.0000000  565.0000000  0.0000161 -0.0000000 0.0000000 0  0.0055198
-999.0000000  540.0000000  0.0000121 -0.0000000 0.0000000 0  0.0121523
-999.0000000  515.0000000  0.0000090 -0.0000000 0.0000000 0  0.0190127
-999.0000000  490.0000000  0.0000084 -0.0000000 0.0000000 0  0.0258211
-999.0000000  465.0000000  0.0000108 -0.0000000 0.0000000 0  0.0320467
-999.0000000  440.0000000  0.0000136 -0.0000000 0.0000000 0  0.0370698
-999.0000000  415.0000000  0.0000164 -0.0000000 0.0000000 0  0.0403133
-999.0000000  390.0000000  0.0000201 -0.0000000 0.0000000 0  0.0417083
-999.0000000  365.0000000  0.0000240 -0.0000000 0.0000000 0  0.0419204
-999.0000000  340.0000000  0.0000242 -0.0000000 0.0000000 0  0.0415276
-999.0000000  315.0000000  0.0000193 -0.0000000 0.0000000 0  0.0405446
-999.0000000  290.0000000  0.0000120 -0.0000000 0.0000000 0  0.0384572
-999.0000000  265.0000000  0.0000047 -0.0000000 0.0000000 0  0.0343524
-999.0000000  240.0000000  0.0000026 -0.0000000 0.0000000 0  0.0280017
-999.0000000  215.0000000  0.0000117 -0.0000000 0.0000000 0  0.0209530
-999.0000000  190.0000000  0.0000261 -0.0000000 0.0000000 0  0.0155948
-999.0000000  165.0000000  0.0000330  0.0000000 0.0000000 0  0.0127574
-999.0000000  140.0000000  0.0000226  0.0000000 0.0000000 0  0.0077970
-999.0000000  115.0000000 -0.0000048 -0.0000000 0.0000000 0  0.0018911
-999.0000000   90.0000000 -0.0000268  0.0000000 0.0000000 0  0.0000029
-999.0000000   65.0000000 -0.0000305 -0.0000000 0.0000000 0 -0.0000000
-999.0000000   40.0000000 -0.0000194 -0.0000000 0.0000000 0 -0.0000000
-999.0000000   15.0000000 -0.0000136 -0.0000000 0.0000000 0 -0.0000000
 74.875  45   1000.17  day,levels,pres0
-999.0000000 1115.0000000 -0.0000293 -0.0000000 0.0000000 0 -0.0004285
-999.0000000 1090.0000000 -0.0000293 -0.0000000 0.0000000 0 -0.0004384
-999.0000000 1065.0000000 -0.0000293 -0.0000000 0.0000000 0 -0.0004486
-999.0000000 1040.0000000 -0.0000293 -0.0000000 0.0000000 0 -0.0004594
-999.0000000 1015.0000000 -0.0000293 -0.0000000 0.0000000 0 -0.0004708
-999.0000000  990.0000000 -0.0000293 -0.0000000 0.0000000 0 -0.0004826
-999.0000000  965.0000000 -0.0000016 -0.0000000 0.0000000 0 -0.0018262
-999.0000000  940.0000000  0.0000050 -0.0000000 0.0000000 0 -0.0035029
-999.0000000  915.0000000 -0.0000003 -0.0000000 0.0000000 0 -0.0055355
-999.0000000  890.0000000 -0.0000076 -0.0000000 0.0000000 0 -0.0079098
-999.0000000  865.0000000 -0.0000129 -0.0000000 0.0000000 0 -0.0100888
-999.0000000  840.0000000 -0.0000127 -0.0000000 0.0000000 0 -0.0114662
-999.0000000  815.0000000  0.0000011 -0.0000000 0.0000000 0 -0.0120575
-999.0000000  790.0000000  0.0000164 -0.0000000 0.0000000 0 -0.0122278
-999.0000000  765.0000000  0.0000209 -0.0000000 0.0000000 0 -0.0120983
-999.0000000  740.0000000  0.0000175 -0.0000000 0.0000000 0 -0.0114972
-999.0000000  715.0000000  0.0000130  0.0000000 0.0000000 0 -0.0102550
-999.0000000  690.0000000  0.0000083  0.0000000 0.0000000 0 -0.0083709
-999.0000000  665.0000000  0.0000035  0.0000000 0.0000000 0 -0.0060042
-999.0000000  640.0000000  0.0000001  0.0000000 0.0000000 0 -0.0033303
-999.0000000  615.0000000 -0.0000016  0.0000000 0.0000000 0 -0.0005075
-999.0000000  590.0000000 -0.0000048  0.0000000 0.0000000 0  0.0023971
-999.0000000  565.0000000 -0.0000099  0.0000000 0.0000000 0  0.0054603
-999.0000000  540.0000000 -0.0000131  0.0000000 0.0000000 0  0.0087003
-999.0000000  515.0000000 -0.0000135  0.0000000 0.0000000 0  0.0120207
-999.0000000  490.0000000 -0.0000132  0.0000000 0.0000000 0  0.0152260
-999.0000000  465.0000000 -0.0000128  0.0000000 0.0000000 0  0.0179694
-999.0000000  440.0000000 -0.0000120  0.0000000 0.0000000 0  0.0198005
-999.0000000  415.0000000 -0.0000105  0.0000000 0.0000000 0  0.0202687
-999.0000000  390.0000000 -0.0000070 -0.0000000 0.0000000 0  0.0193868
-999.0000000  365.0000000 -0.0000012 -0.0000000 0.0000000 0  0.0177975
-999.0000000  340.0000000  0.0000046 -0.0000000 0.0000000 0  0.0159423
-999.0000000  315.0000000  0.0000086 -0.0000000 0.0000000 0  0.0137052
-999.0000000  290.0000000  0.0000084 -0.0000000 0.0000000 0  0.0109220
-999.0000000  265.0000000  0.0000054 -0.0000000 0.0000000 0  0.0077443
-999.0000000  240.0000000  0.0000082 -0.0000000 0.0000000 0  0.0049424
-999.0000000  215.0000000  0.0000218 -0.0000000 0.0000000 0  0.0036597
-999.0000000  190.0000000  0.0000355  0.0000000 0.0000000 0  0.0041976
-999.0000000  165.0000000  0.0000357  0.0000000 0.0000000 0  0.0055546
-999.0000000  140.0000000  0.0000146  0.0000000 0.0000000 0  0.0046405
-999.0000000  115.0000000 -0.0000231  0.0000000 0.0000000 0  0.0019076
-999.0000000   90.0000000 -0.0000509  0.0000000 0.0000000 0  0.0000011
-999.0000000   65.0000000 -0.0000471  0.0000000 0.0000000 0 -0.0000000
-999.0000000   40.0000000 -0.0000204 -0.0000000 0.0000000 0 -0.0000000
-999.0000000   15.0000000 -0.0000029 -0.0000000 0.0000000 0 -0.0000000
 75.000  45   1001.94  day,levels,pres0
-999.0000000 1115.0000000 -0.0000342 -0.0000000 0.0000000 0  0.0005600
-999.0000000 1090.0000000 -0.0000342 -0.0000000 0.0000000 0  0.0005728
-999.0000000 1065.0000000 -0.0000342 -0.0000000 0.0000000 0  0.0005863
-999.0000000 1040.0000000 -0.0000342 -0.0000000 0.0000000 0  0.0006004
-999.0000000 1015.0000000 -0.0000342 -0.0000000 0.0000000 0  0.0006151
-999.0000000  990.0000000 -0.0000342 -0.0000000 0.0000000 0  0.0006307
-999.0000000  965.0000000 -0.0000130 -0.0000000 0.0000000 0  0.0019517
-999.0000000  940.0000000 -0.0000062 -0.0000000 0.0000000 0  0.0029838
-999.0000000  915.0000000 -0.0000109 -0.0000000 0.0000000 0  0.0034980
-999.0000000  890.0000000 -0.0000140 -0.0000000 0.0000000 0  0.0038167
-999.0000000  865.0000000 -0.0000115 -0.0000000 0.0000000 0  0.0044692
-999.0000000  840.0000000 -0.0000104 -0.0000000 0.0000000 0  0.0057029
-999.0000000  815.0000000 -0.0000107 -0.0000000 0.0000000 0  0.0071582
-999.0000000  790.0000000 -0.0000097 -0.0000000 0.0000000 0  0.0082281
-999.0000000  765.0000000 -0.0000098 -0.0000000 0.0000000 0  0.0086825
-999.0000000  740.0000000 -0.0000109  0.0000000 0.0000000 0  0.0086897
-999.0000000  715.0000000 -0.0000118  0.0000000 0.0000000 0  0.0084647
-999.0000000  690.0000000 -0.0000117  0.0000000 0.0000000 0  0.0080719
-999.0000000  665.0000000 -0.0000105  0.0000000 0.0000000 0  0.0074646
-999.0000000  640.0000000 -0.0000094  0.0000000 0.0000000 0  0.0065805
-999.0000000  615.0000000 -0.0000091  0.0000000 0.0000000 0  0.0053880
-999.0000000  590.0000000 -0.0000108  0.0000000 0.0000000 0  0.0039215
-999.0000000  565.0000000 -0.0000146  0.0000000 0.0000000 0  0.0022656
-999.0000000  540.0000000 -0.0000173  0.0000000 0.0000000 0  0.0004754
-999.0000000  515.0000000 -0.0000183  0.0000000 0.0000000 0 -0.0014836
-999.0000000  490.0000000 -0.0000197  0.0000000 0.0000000 0 -0.0036525
-999.0000000  465.0000000 -0.0000221  0.0000000 0.0000000 0 -0.0060582
-999.0000000  440.0000000 -0.0000254  0.0000000 0.0000000 0 -0.0089564
-999.0000000  415.0000000 -0.0000284 -0.0000000 0.0000000 0 -0.0127879
-999.0000000  390.0000000 -0.0000277 -0.0000000 0.0000000 0 -0.0175418
-999.0000000  365.0000000 -0.0000222 -0.0000000 0.0000000 0 -0.0226443
-999.0000000  340.0000000 -0.0000149 -0.0000000 0.0000000 0 -0.0277523
-999.0000000  315.0000000 -0.0000079 -0.0000000 0.0000000 0 -0.0329968
-999.0000000  290.0000000 -0.0000023 -0.0000000 0.0000000 0 -0.0381107
-999.0000000  265.0000000  0.0000020 -0.0000000 0.0000000 0 -0.0418212
-999.0000000  240.0000000  0.0000071 -0.0000000 0.0000000 0 -0.0422232
-999.0000000  215.0000000  0.0000112 -0.0000000 0.0000000 0 -0.0381021
-999.0000000  190.0000000  0.0000086  0.0000000 0.0000000 0 -0.0303555
-999.0000000  165.0000000 -0.0000001  0.0000000 0.0000000 0 -0.0205753
-999.0000000  140.0000000 -0.0000145  0.0000000 0.0000000 0 -0.0087308
-999.0000000  115.0000000 -0.0000278  0.0000000 0.0000000 0 -0.0003492
-999.0000000   90.0000000 -0.0000155  0.0000000 0.0000000 0 -0.0000005
-999.0000000   65.0000000  0.0000001 -0.0000000 0.0000000 0 -0.0000000
-999.0000000   40.0000000  0.0000165  0.0000000 0.0000000 0 -0.0000000
-999.0000000   15.0000000  0.0000105  0.0000000 0.0000000 0 -0.0000000
