z[m] p[mb] tp[K] q[g/kg] u[m/s] v[m/s] 
64.0  45   1004.08  day,levels,pres0
-999.0000000 1115.000 288.064 16.851 -0.970 -1.442
-999.0000000 1090.000 289.936 16.851 -0.970 -1.442
-999.0000000 1065.000 291.865 16.851 -0.970 -1.442
-999.0000000 1040.000 293.853 16.851 -0.970 -1.442
-999.0000000 1015.000 295.903 16.851 -0.970 -1.442
-999.0000000  990.000 298.019 16.851 -0.970 -1.442
-999.0000000  965.000 299.503 16.152 -2.264 -2.207
-999.0000000  940.000 300.851 15.195 -3.573 -2.680
-999.0000000  915.000 302.077 14.132 -4.703 -3.051
-999.0000000  890.000 303.261 13.170 -5.565 -3.288
-999.0000000  865.000 304.430 12.318 -6.077 -3.408
-999.0000000  840.000 305.612 11.568 -6.234 -3.481
-999.0000000  815.000 306.850 10.884 -6.114 -3.589
-999.0000000  790.000 308.119 10.304 -5.826 -3.778
-999.0000000  765.000 309.408  9.788 -5.485 -4.045
-999.0000000  740.000 310.695  9.300 -5.159 -4.357
-999.0000000  715.000 311.998  8.817 -4.874 -4.670
-999.0000000  690.000 313.327  8.322 -4.637 -4.913
-999.0000000  665.000 314.658  7.809 -4.478 -5.032
-999.0000000  640.000 315.965  7.276 -4.453 -4.914
-999.0000000  615.000 317.254  6.737 -4.604 -4.493
-999.0000000  590.000 318.791  6.175 -4.879 -3.896
-999.0000000  565.000 320.667  5.587 -5.271 -3.140
-999.0000000  540.000 322.774  5.008 -5.682 -2.341
-999.0000000  515.000 325.053  4.393 -6.066 -1.539
-999.0000000  490.000 327.306  3.775 -6.361 -0.796
-999.0000000  465.000 329.447  3.149 -6.545 -0.144
-999.0000000  440.000 331.564  2.573 -6.691  0.405
-999.0000000  415.000 333.663  2.056 -6.824  0.857
-999.0000000  390.000 335.755  1.621 -6.954  1.296
-999.0000000  365.000 337.803  1.264 -7.051  1.769
-999.0000000  340.000 339.765  0.948 -7.001  2.311
-999.0000000  315.000 341.613  0.678 -6.760  2.950
-999.0000000  290.000 343.402  0.442 -6.384  3.702
-999.0000000  265.000 345.137  0.251 -5.962  4.554
-999.0000000  240.000 346.668  0.134 -5.684  5.444
-999.0000000  215.000 347.928  0.075 -5.570  6.270
-999.0000000  190.000 349.340  0.046 -5.252  6.602
-999.0000000  165.000 351.500  0.025 -4.317  5.631
-999.0000000  140.000 355.080  0.010 -3.118  3.788
-999.0000000  115.000 364.372  0.004 -2.068  2.111
-999.0000000   90.000 388.238  0.003  0.467  0.207
-999.0000000   65.000 436.905  0.003  4.923 -0.921
-999.0000000   40.000 527.647  0.011 -0.593 -0.641
-999.0000000   15.000 717.862  0.059 -4.171  0.390
64.125  45   1006.38  day,levels,pres0
-999.0000000 1115.000 287.731 16.736 -1.582 -1.921
-999.0000000 1090.000 289.601 16.736 -1.582 -1.921
-999.0000000 1065.000 291.527 16.736 -1.582 -1.921
-999.0000000 1040.000 293.512 16.736 -1.582 -1.921
-999.0000000 1015.000 295.560 16.736 -1.582 -1.921
-999.0000000  990.000 297.674 16.736 -1.582 -1.921
-999.0000000  965.000 299.458 15.880 -2.970 -3.009
-999.0000000  940.000 300.953 14.926 -4.089 -3.658
-999.0000000  915.000 302.148 14.073 -4.986 -4.124
-999.0000000  890.000 303.264 13.328 -5.660 -4.413
-999.0000000  865.000 304.341 12.641 -6.077 -4.484
-999.0000000  840.000 305.389 11.944 -6.231 -4.351
-999.0000000  815.000 306.455 11.188 -6.131 -4.146
-999.0000000  790.000 307.602 10.448 -5.843 -4.010
-999.0000000  765.000 308.856  9.768 -5.488 -4.015
-999.0000000  740.000 310.206  9.196 -5.163 -4.219
-999.0000000  715.000 311.637  8.719 -4.894 -4.560
-999.0000000  690.000 313.116  8.258 -4.651 -4.847
-999.0000000  665.000 314.611  7.804 -4.446 -5.007
-999.0000000  640.000 316.057  7.336 -4.338 -4.901
-999.0000000  615.000 317.434  6.864 -4.370 -4.467
-999.0000000  590.000 318.965  6.343 -4.558 -3.918
-999.0000000  565.000 320.725  5.781 -4.912 -3.287
-999.0000000  540.000 322.725  5.183 -5.296 -2.598
-999.0000000  515.000 324.949  4.505 -5.679 -1.867
-999.0000000  490.000 327.201  3.843 -6.095 -1.197
-999.0000000  465.000 329.393  3.184 -6.535 -0.634
-999.0000000  440.000 331.563  2.601 -6.902 -0.193
-999.0000000  415.000 333.691  2.101 -7.144  0.148
-999.0000000  390.000 335.781  1.666 -7.242  0.541
-999.0000000  365.000 337.792  1.295 -7.194  1.058
-999.0000000  340.000 339.689  0.959 -7.066  1.699
-999.0000000  315.000 341.467  0.666 -6.923  2.485
-999.0000000  290.000 343.251  0.424 -6.880  3.436
-999.0000000  265.000 345.080  0.235 -6.984  4.485
-999.0000000  240.000 346.763  0.121 -7.130  5.367
-999.0000000  215.000 348.152  0.067 -7.049  5.900
-999.0000000  190.000 349.626  0.042 -6.479  5.992
-999.0000000  165.000 351.669  0.023 -5.247  5.238
-999.0000000  140.000 354.605  0.009 -3.546  3.825
-999.0000000  115.000 363.188  0.004 -1.609  2.121
-999.0000000   90.000 387.729  0.004  1.488 -0.086
-999.0000000   65.000 437.413  0.003  5.663 -1.133
-999.0000000   40.000 528.974  0.011 -0.382 -0.916
-999.0000000   15.000 718.791  0.061 -4.243  0.159
64.25  45   1005.26  day,levels,pres0
-999.0000000 1115.000 287.399 16.619 -2.189 -2.402
-999.0000000 1090.000 289.267 16.619 -2.189 -2.402
-999.0000000 1065.000 291.191 16.619 -2.189 -2.402
-999.0000000 1040.000 293.174 16.619 -2.189 -2.402
-999.0000000 1015.000 295.220 16.619 -2.189 -2.402
-999.0000000  990.000 297.331 16.619 -2.189 -2.402
-999.0000000  965.000 299.414 15.612 -3.675 -3.817
-999.0000000  940.000 301.058 14.653 -4.606 -4.647
-999.0000000  915.000 302.220 14.013 -5.267 -5.207
-999.0000000  890.000 303.266 13.484 -5.752 -5.549
-999.0000000  865.000 304.252 12.957 -6.073 -5.575
-999.0000000  840.000 305.164 12.304 -6.222 -5.235
-999.0000000  815.000 306.060 11.467 -6.141 -4.715
-999.0000000  790.000 307.083 10.570 -5.851 -4.251
-999.0000000  765.000 308.303  9.736 -5.485 -3.996
-999.0000000  740.000 309.717  9.088 -5.161 -4.091
-999.0000000  715.000 311.275  8.620 -4.909 -4.461
-999.0000000  690.000 312.904  8.194 -4.659 -4.793
-999.0000000  665.000 314.564  7.800 -4.409 -4.992
-999.0000000  640.000 316.150  7.398 -4.218 -4.898
-999.0000000  615.000 317.617  6.994 -4.132 -4.449
-999.0000000  590.000 319.140  6.515 -4.234 -3.944
-999.0000000  565.000 320.784  5.976 -4.555 -3.437
-999.0000000  540.000 322.679  5.354 -4.914 -2.855
-999.0000000  515.000 324.846  4.613 -5.298 -2.197
-999.0000000  490.000 327.096  3.907 -5.836 -1.600
-999.0000000  465.000 329.339  3.217 -6.529 -1.127
-999.0000000  440.000 331.559  2.629 -7.116 -0.795
-999.0000000  415.000 333.717  2.147 -7.467 -0.565
-999.0000000  390.000 335.807  1.711 -7.532 -0.217
-999.0000000  365.000 337.783  1.327 -7.338  0.342
-999.0000000  340.000 339.614  0.969 -7.132  1.083
-999.0000000  315.000 341.324  0.655 -7.087  2.015
-999.0000000  290.000 343.105  0.406 -7.377  3.166
-999.0000000  265.000 345.026  0.219 -8.005  4.412
-999.0000000  240.000 346.857  0.108 -8.576  5.286
-999.0000000  215.000 348.376  0.058 -8.528  5.525
-999.0000000  190.000 349.910  0.037 -7.709  5.378
-999.0000000  165.000 351.835  0.021 -6.183  4.841
-999.0000000  140.000 354.126  0.008 -3.978  3.857
-999.0000000  115.000 362.003  0.004 -1.150  2.130
-999.0000000   90.000 387.220  0.004  2.508 -0.379
-999.0000000   65.000 437.922  0.002  6.402 -1.345
-999.0000000   40.000 530.299  0.012 -0.170 -1.190
-999.0000000   15.000 719.717  0.064 -4.316 -0.072
64.375  45   1004.80  day,levels,pres0
-999.0000000 1115.000 287.447 16.733  -2.686 -2.480
-999.0000000 1090.000 289.315 16.733  -2.686 -2.480
-999.0000000 1065.000 291.239 16.733  -2.686 -2.480
-999.0000000 1040.000 293.223 16.733  -2.686 -2.480
-999.0000000 1015.000 295.268 16.733  -2.686 -2.480
-999.0000000  990.000 297.380 16.733  -2.686 -2.480
-999.0000000  965.000 299.151 15.752  -3.995 -3.766
-999.0000000  940.000 300.744 14.754  -5.117 -4.862
-999.0000000  915.000 301.879 14.154  -5.695 -5.450
-999.0000000  890.000 302.920 13.640  -5.960 -5.567
-999.0000000  865.000 303.981 13.078  -6.101 -5.260
-999.0000000  840.000 305.018 12.391  -6.233 -4.682
-999.0000000  815.000 306.029 11.595  -6.340 -4.030
-999.0000000  790.000 307.129 10.723  -6.398 -3.466
-999.0000000  765.000 308.394  9.838  -6.427 -3.103
-999.0000000  740.000 309.818  9.102  -6.410 -3.088
-999.0000000  715.000 311.358  8.541  -6.307 -3.363
-999.0000000  690.000 312.937  8.083  -5.972 -3.671
-999.0000000  665.000 314.517  7.741  -5.353 -3.946
-999.0000000  640.000 316.080  7.362  -4.749 -4.005
-999.0000000  615.000 317.593  6.944  -4.268 -3.793
-999.0000000  590.000 319.088  6.443  -4.089 -3.551
-999.0000000  565.000 320.599  5.876  -4.270 -3.299
-999.0000000  540.000 322.404  5.247  -4.504 -2.855
-999.0000000  515.000 324.563  4.528  -4.761 -2.197
-999.0000000  490.000 326.818  3.864  -5.265 -1.641
-999.0000000  465.000 329.045  3.228  -6.052 -1.295
-999.0000000  440.000 331.202  2.679  -6.809 -1.102
-999.0000000  415.000 333.239  2.222  -7.386 -0.973
-999.0000000  390.000 335.213  1.787  -7.702 -0.603
-999.0000000  365.000 337.112  1.383  -7.775  0.125
-999.0000000  340.000 338.931  1.009  -7.850  1.106
-999.0000000  315.000 340.694  0.680  -8.118  2.297
-999.0000000  290.000 342.539  0.427  -8.780  3.666
-999.0000000  265.000 344.523  0.242  -9.816  5.029
-999.0000000  240.000 346.441  0.122 -10.707  5.807
-999.0000000  215.000 348.032  0.059 -10.799  5.707
-999.0000000  190.000 349.504  0.034  -9.873  5.252
-999.0000000  165.000 351.281  0.019  -7.741  4.592
-999.0000000  140.000 353.670  0.009  -4.416  3.398
-999.0000000  115.000 362.094  0.004  -0.756  1.523
-999.0000000   90.000 387.882  0.004   2.740 -0.507
-999.0000000   65.000 438.079  0.002   6.336 -1.156
-999.0000000   40.000 530.457  0.012  -0.238 -1.146
-999.0000000   15.000 719.495  0.063  -4.051 -0.536
64.5  45   1006.96  day,levels,pres0
-999.0000000 1115.000 287.493 16.844  -3.183 -2.558
-999.0000000 1090.000 289.362 16.844  -3.183 -2.558
-999.0000000 1065.000 291.286 16.844  -3.183 -2.558
-999.0000000 1040.000 293.270 16.844  -3.183 -2.558
-999.0000000 1015.000 295.316 16.844  -3.183 -2.558
-999.0000000  990.000 297.428 16.844  -3.183 -2.558
-999.0000000  965.000 298.886 15.881  -4.316 -3.709
-999.0000000  940.000 300.431 14.842  -5.629 -5.068
-999.0000000  915.000 301.538 14.279  -6.126 -5.687
-999.0000000  890.000 302.573 13.781  -6.171 -5.578
-999.0000000  865.000 303.710 13.189  -6.131 -4.935
-999.0000000  840.000 304.873 12.474  -6.242 -4.118
-999.0000000  815.000 305.999 11.721  -6.537 -3.336
-999.0000000  790.000 307.176 10.876  -6.943 -2.670
-999.0000000  765.000 308.485  9.939  -7.369 -2.202
-999.0000000  740.000 309.919  9.114  -7.659 -2.079
-999.0000000  715.000 311.441  8.461  -7.706 -2.264
-999.0000000  690.000 312.969  7.973  -7.285 -2.551
-999.0000000  665.000 314.470  7.682  -6.296 -2.900
-999.0000000  640.000 316.009  7.327  -5.280 -3.112
-999.0000000  615.000 317.567  6.893  -4.404 -3.137
-999.0000000  590.000 319.034  6.371  -3.947 -3.158
-999.0000000  565.000 320.415  5.777  -3.989 -3.163
-999.0000000  540.000 322.128  5.141  -4.096 -2.855
-999.0000000  515.000 324.281  4.443  -4.225 -2.199
-999.0000000  490.000 326.538  3.819  -4.693 -1.682
-999.0000000  465.000 328.751  3.237  -5.575 -1.463
-999.0000000  440.000 330.844  2.725  -6.502 -1.410
-999.0000000  415.000 332.763  2.291  -7.306 -1.381
-999.0000000  390.000 334.620  1.854  -7.873 -0.989
-999.0000000  365.000 336.440  1.431  -8.211 -0.092
-999.0000000  340.000 338.246  1.043  -8.569  1.130
-999.0000000  315.000 340.062  0.702  -9.149  2.579
-999.0000000  290.000 341.974  0.446 -10.184  4.167
-999.0000000  265.000 344.019  0.263 -11.627  5.646
-999.0000000  240.000 346.023  0.135 -12.838  6.329
-999.0000000  215.000 347.688  0.060 -13.069  5.891
-999.0000000  190.000 349.099  0.030 -12.036  5.127
-999.0000000  165.000 350.727  0.018  -9.296  4.344
-999.0000000  140.000 353.216  0.009  -4.852  2.941
-999.0000000  115.000 362.184  0.004  -0.362  0.916
-999.0000000   90.000 388.545  0.003   2.971 -0.636
-999.0000000   65.000 438.239  0.002   6.269 -0.967
-999.0000000   40.000 530.617  0.012  -0.305 -1.101
-999.0000000   15.000 719.273  0.063  -3.787 -0.999
64.625  45   1006.46  day,levels,pres0
-999.0000000 1115.000 288.240 16.720  -4.086 -2.865
-999.0000000 1090.000 290.113 16.720  -4.086 -2.865
-999.0000000 1065.000 292.043 16.720  -4.086 -2.865
-999.0000000 1040.000 294.032 16.720  -4.086 -2.865
-999.0000000 1015.000 296.083 16.720  -4.086 -2.865
-999.0000000  990.000 298.200 16.720  -4.086 -2.865
-999.0000000  965.000 299.014 15.936  -5.532 -3.956
-999.0000000  940.000 300.136 15.077  -6.637 -4.977
-999.0000000  915.000 301.318 14.400  -6.999 -5.491
-999.0000000  890.000 302.406 13.913  -6.994 -5.529
-999.0000000  865.000 303.458 13.407  -6.895 -5.204
-999.0000000  840.000 304.638 12.739  -6.847 -4.684
-999.0000000  815.000 305.998 11.898  -7.038 -4.127
-999.0000000  790.000 307.465 11.008  -7.428 -3.590
-999.0000000  765.000 308.985 10.140  -7.813 -3.128
-999.0000000  740.000 310.540  9.350  -8.049 -2.828
-999.0000000  715.000 312.115  8.648  -8.067 -2.682
-999.0000000  690.000 313.647  8.087  -7.672 -2.601
-999.0000000  665.000 315.090  7.698  -6.766 -2.572
-999.0000000  640.000 316.526  7.247  -5.768 -2.478
-999.0000000  615.000 317.959  6.739  -4.801 -2.283
-999.0000000  590.000 319.473  6.161  -4.138 -2.027
-999.0000000  565.000 321.107  5.514  -3.874 -1.684
-999.0000000  540.000 322.985  4.878  -3.762 -1.152
-999.0000000  515.000 325.121  4.226  -3.793 -0.461
-999.0000000  490.000 327.308  3.639  -4.101 -0.044
-999.0000000  465.000 329.443  3.103  -4.722 -0.037
-999.0000000  440.000 331.508  2.627  -5.419 -0.219
-999.0000000  415.000 333.469  2.219  -6.090 -0.434
-999.0000000  390.000 335.394  1.815  -6.653 -0.354
-999.0000000  365.000 337.286  1.426  -7.128  0.164
-999.0000000  340.000 339.157  1.067  -7.707  1.026
-999.0000000  315.000 341.005  0.748  -8.536  2.164
-999.0000000  290.000 342.858  0.495  -9.737  3.446
-999.0000000  265.000 344.725  0.305 -11.204  4.661
-999.0000000  240.000 346.445  0.165 -12.289  5.336
-999.0000000  215.000 347.798  0.077 -12.327  5.262
-999.0000000  190.000 348.989  0.037 -11.342  4.944
-999.0000000  165.000 350.580  0.019  -8.981  4.398
-999.0000000  140.000 353.560  0.009  -4.926  2.873
-999.0000000  115.000 363.112  0.004  -0.819  0.630
-999.0000000   90.000 388.569  0.003   2.218 -0.539
-999.0000000   65.000 437.601  0.003   5.587 -0.426
-999.0000000   40.000 529.170  0.011  -0.515 -0.031
-999.0000000   15.000 718.725  0.061  -3.639 -0.037
64.75  45   1002.53  day,levels,pres0
-999.0000000 1115.000 288.988 16.537  -4.993 -3.167
-999.0000000 1090.000 290.866 16.537  -4.993 -3.167
-999.0000000 1065.000 292.801 16.537  -4.993 -3.167
-999.0000000 1040.000 294.795 16.537  -4.993 -3.167
-999.0000000 1015.000 296.852 16.537  -4.993 -3.167
-999.0000000  990.000 298.974 16.537  -4.993 -3.167
-999.0000000  965.000 299.144 15.988  -6.750 -4.204
-999.0000000  940.000 299.844 15.299  -7.642 -4.886
-999.0000000  915.000 301.103 14.517  -7.870 -5.296
-999.0000000  890.000 302.243 14.042  -7.815 -5.481
-999.0000000  865.000 303.207 13.615  -7.662 -5.478
-999.0000000  840.000 304.400 12.995  -7.463 -5.259
-999.0000000  815.000 305.996 12.075  -7.553 -4.929
-999.0000000  790.000 307.750 11.140  -7.926 -4.522
-999.0000000  765.000 309.483 10.342  -8.266 -4.061
-999.0000000  740.000 311.158  9.587  -8.443 -3.577
-999.0000000  715.000 312.788  8.832  -8.429 -3.091
-999.0000000  690.000 314.323  8.192  -8.060 -2.640
-999.0000000  665.000 315.710  7.699  -7.239 -2.234
-999.0000000  640.000 317.042  7.152  -6.261 -1.837
-999.0000000  615.000 318.350  6.572  -5.201 -1.425
-999.0000000  590.000 319.910  5.932  -4.329 -0.895
-999.0000000  565.000 321.801  5.214  -3.752 -0.207
-999.0000000  540.000 323.844  4.570  -3.420  0.550
-999.0000000  515.000 325.966  3.973  -3.357  1.275
-999.0000000  490.000 328.082  3.432  -3.510  1.595
-999.0000000  465.000 330.138  2.950  -3.873  1.391
-999.0000000  440.000 332.174  2.516  -4.342  0.974
-999.0000000  415.000 334.177  2.136  -4.878  0.515
-999.0000000  390.000 336.169  1.767  -5.436  0.284
-999.0000000  365.000 338.131  1.415  -6.046  0.422
-999.0000000  340.000 340.066  1.089  -6.848  0.925
-999.0000000  315.000 341.946  0.796  -7.925  1.751
-999.0000000  290.000 343.741  0.549  -9.293  2.727
-999.0000000  265.000 345.429  0.350 -10.784  3.678
-999.0000000  240.000 346.868  0.197 -11.741  4.344
-999.0000000  215.000 347.909  0.094 -11.583  4.633
-999.0000000  190.000 348.880  0.043 -10.642  4.763
-999.0000000  165.000 350.429  0.019  -8.658  4.453
-999.0000000  140.000 353.903  0.008  -4.997  2.807
-999.0000000  115.000 364.041  0.004  -1.276  0.346
-999.0000000   90.000 388.593  0.002   1.464 -0.443
-999.0000000   65.000 436.963  0.003   4.906  0.115
-999.0000000   40.000 527.725  0.011  -0.725  1.039
-999.0000000   15.000 718.180  0.060  -3.490  0.926
64.875  45   1001.63  day,levels,pres0
-999.0000000 1115.000 289.146 16.413  -3.777 -2.253
-999.0000000 1090.000 291.025 16.413  -3.777 -2.253
-999.0000000 1065.000 292.961 16.413  -3.777 -2.253
-999.0000000 1040.000 294.956 16.413  -3.777 -2.253
-999.0000000 1015.000 297.014 16.413  -3.777 -2.253
-999.0000000  990.000 299.138 16.413  -3.777 -2.253
-999.0000000  965.000 299.612 15.857  -5.311 -3.350
-999.0000000  940.000 300.377 15.234  -6.129 -4.200
-999.0000000  915.000 301.579 14.459  -6.564 -4.982
-999.0000000  890.000 302.703 13.762  -6.792 -5.616
-999.0000000  865.000 303.732 13.079  -6.919 -6.016
-999.0000000  840.000 304.892 12.375  -7.003 -6.076
-999.0000000  815.000 306.246 11.568  -7.254 -5.793
-999.0000000  790.000 307.844 10.741  -7.710 -5.321
-999.0000000  765.000 309.634  9.950  -8.175 -4.785
-999.0000000  740.000 311.352  9.201  -8.405 -4.205
-999.0000000  715.000 312.903  8.491  -8.331 -3.602
-999.0000000  690.000 314.343  7.878  -7.924 -3.038
-999.0000000  665.000 315.638  7.400  -7.120 -2.528
-999.0000000  640.000 316.922  6.904  -6.197 -2.013
-999.0000000  615.000 318.238  6.417  -5.249 -1.459
-999.0000000  590.000 319.827  5.847  -4.597 -0.778
-999.0000000  565.000 321.762  5.171  -4.364  0.060
-999.0000000  540.000 323.863  4.563  -4.375  0.924
-999.0000000  515.000 326.051  3.995  -4.601  1.678
-999.0000000  490.000 328.210  3.476  -4.929  1.912
-999.0000000  465.000 330.265  3.007  -5.329  1.498
-999.0000000  440.000 332.238  2.584  -5.770  0.837
-999.0000000  415.000 334.117  2.217  -6.236  0.151
-999.0000000  390.000 335.971  1.838  -6.698 -0.210
-999.0000000  365.000 337.802  1.460  -7.186 -0.099
-999.0000000  340.000 339.616  1.115  -7.823  0.377
-999.0000000  315.000 341.396  0.809  -8.650  1.156
-999.0000000  290.000 343.146  0.554  -9.591  2.144
-999.0000000  265.000 344.869  0.353 -10.516  3.225
-999.0000000  240.000 346.454  0.203 -11.121  4.183
-999.0000000  215.000 347.761  0.102 -11.280  4.887
-999.0000000  190.000 349.022  0.049 -11.245  5.368
-999.0000000  165.000 350.811  0.022  -9.985  5.233
-999.0000000  140.000 354.372  0.009  -6.334  3.540
-999.0000000  115.000 364.206  0.004  -2.287  0.903
-999.0000000   90.000 388.310  0.003   0.601  0.018
-999.0000000   65.000 436.721  0.003   4.196  0.555
-999.0000000   40.000 527.858  0.011  -1.445  1.409
-999.0000000   15.000 718.911  0.062  -4.101  1.207
65.0  45   1004.53  day,levels,pres0
-999.0000000 1115.000 289.305 16.284  -2.564 -1.342
-999.0000000 1090.000 291.185 16.284  -2.564 -1.342
-999.0000000 1065.000 293.122 16.284  -2.564 -1.342
-999.0000000 1040.000 295.118 16.284  -2.564 -1.342
-999.0000000 1015.000 297.177 16.284  -2.564 -1.342
-999.0000000  990.000 299.302 16.284  -2.564 -1.342
-999.0000000  965.000 300.079 15.702  -3.877 -2.502
-999.0000000  940.000 300.905 15.141  -4.619 -3.525
-999.0000000  915.000 302.051 14.379  -5.258 -4.681
-999.0000000  890.000 303.160 13.449  -5.765 -5.759
-999.0000000  865.000 304.259 12.490  -6.172 -6.558
-999.0000000  840.000 305.386 11.704  -6.541 -6.890
-999.0000000  815.000 306.502 11.045  -6.953 -6.649
-999.0000000  790.000 307.944 10.339  -7.493 -6.111
-999.0000000  765.000 309.790  9.552  -8.083 -5.498
-999.0000000  740.000 311.551  8.806  -8.366 -4.824
-999.0000000  715.000 313.023  8.146  -8.232 -4.105
-999.0000000  690.000 314.366  7.564  -7.786 -3.429
-999.0000000  665.000 315.569  7.103  -6.997 -2.813
-999.0000000  640.000 316.802  6.659  -6.129 -2.179
-999.0000000  615.000 318.128  6.263  -5.293 -1.486
-999.0000000  590.000 319.746  5.762  -4.863 -0.653
-999.0000000  565.000 321.724  5.127  -4.978  0.336
-999.0000000  540.000 323.882  4.556  -5.333  1.305
-999.0000000  515.000 326.137  4.017  -5.850  2.088
-999.0000000  490.000 328.339  3.520  -6.352  2.236
-999.0000000  465.000 330.392  3.064  -6.790  1.610
-999.0000000  440.000 332.303  2.653  -7.203  0.704
-999.0000000  415.000 334.057  2.298  -7.597 -0.209
-999.0000000  390.000 335.771  1.907  -7.963 -0.701
-999.0000000  365.000 337.470  1.501  -8.327 -0.615
-999.0000000  340.000 339.162  1.137  -8.799 -0.165
-999.0000000  315.000 340.845  0.820  -9.375  0.566
-999.0000000  290.000 342.551  0.559  -9.890  1.565
-999.0000000  265.000 344.307  0.354 -10.249  2.775
-999.0000000  240.000 346.041  0.207 -10.504  4.025
-999.0000000  215.000 347.612  0.110 -10.978  5.144
-999.0000000  190.000 349.163  0.056 -11.847  5.975
-999.0000000  165.000 351.186  0.026 -11.309  6.014
-999.0000000  140.000 354.840  0.009  -7.671  4.277
-999.0000000  115.000 364.373  0.004  -3.298  1.462
-999.0000000   90.000 388.028  0.003  -0.263  0.478
-999.0000000   65.000 436.479  0.003   3.485  0.995
-999.0000000   40.000 527.988  0.011  -2.165  1.779
-999.0000000   15.000 719.644  0.063  -4.713  1.488
65.125  45   1007.12  day,levels,pres0
-999.0000000 1115.000 288.751 16.227  -3.507 -1.126
-999.0000000 1090.000 290.628 16.227  -3.507 -1.126
-999.0000000 1065.000 292.561 16.227  -3.507 -1.126
-999.0000000 1040.000 294.554 16.227  -3.507 -1.126
-999.0000000 1015.000 296.609 16.227  -3.507 -1.126
-999.0000000  990.000 298.730 16.227  -3.507 -1.126
-999.0000000  965.000 299.942 15.571  -5.135 -2.404
-999.0000000  940.000 300.926 14.969  -5.741 -3.669
-999.0000000  915.000 302.014 14.307  -6.110 -4.959
-999.0000000  890.000 303.002 13.578  -6.355 -6.101
-999.0000000  865.000 303.993 12.729  -6.541 -6.920
-999.0000000  840.000 305.069 11.870  -6.795 -7.187
-999.0000000  815.000 306.221 11.060  -7.208 -6.797
-999.0000000  790.000 307.666 10.226  -7.723 -6.031
-999.0000000  765.000 309.403  9.413  -8.176 -5.093
-999.0000000  740.000 311.113  8.718  -8.260 -4.094
-999.0000000  715.000 312.665  8.123  -7.929 -3.124
-999.0000000  690.000 314.098  7.555  -7.322 -2.338
-999.0000000  665.000 315.371  7.036  -6.425 -1.794
-999.0000000  640.000 316.610  6.590  -5.517 -1.324
-999.0000000  615.000 317.852  6.254  -4.721 -0.880
-999.0000000  590.000 319.332  5.818  -4.355 -0.309
-999.0000000  565.000 321.124  5.276  -4.543  0.434
-999.0000000  540.000 323.118  4.750  -4.956  1.231
-999.0000000  515.000 325.265  4.209  -5.486  1.958
-999.0000000  490.000 327.456  3.683  -5.890  2.208
-999.0000000  465.000 329.621  3.160  -6.091  1.846
-999.0000000  440.000 331.711  2.694  -6.206  1.216
-999.0000000  415.000 333.677  2.289  -6.307  0.535
-999.0000000  390.000 335.552  1.893  -6.532  0.229
-999.0000000  365.000 337.339  1.519  -6.984  0.464
-999.0000000  340.000 339.105  1.173  -7.742  1.072
-999.0000000  315.000 340.849  0.864  -8.770  1.960
-999.0000000  290.000 342.529  0.594  -9.804  3.021
-999.0000000  265.000 344.166  0.372 -10.743  4.158
-999.0000000  240.000 345.787  0.211 -11.762  5.232
-999.0000000  215.000 347.309  0.102 -13.029  6.056
-999.0000000  190.000 348.872  0.047 -13.857  6.390
-999.0000000  165.000 351.002  0.021 -11.967  5.983
-999.0000000  140.000 354.610  0.008  -6.654  4.351
-999.0000000  115.000 364.077  0.004  -1.498  1.941
-999.0000000   90.000 388.515  0.004   1.324  0.853
-999.0000000   65.000 437.363  0.003   4.179  1.141
-999.0000000   40.000 529.110  0.011  -1.840  1.484
-999.0000000   15.000 719.860  0.064  -4.651  1.229
65.25  45   1006.06  day,levels,pres0
-999.0000000 1115.000 288.200 16.149  -4.450 -0.908
-999.0000000 1090.000 290.073 16.149  -4.450 -0.908
-999.0000000 1065.000 292.002 16.149  -4.450 -0.908
-999.0000000 1040.000 293.991 16.149  -4.450 -0.908
-999.0000000 1015.000 296.042 16.149  -4.450 -0.908
-999.0000000  990.000 298.159 16.149  -4.450 -0.908
-999.0000000  965.000 299.803 15.438  -6.393 -2.306
-999.0000000  940.000 300.945 14.794  -6.862 -3.816
-999.0000000  915.000 301.974 14.233  -6.961 -5.242
-999.0000000  890.000 302.843 13.702  -6.942 -6.447
-999.0000000  865.000 303.727 12.956  -6.907 -7.285
-999.0000000  840.000 304.751 12.024  -7.047 -7.483
-999.0000000  815.000 305.941 11.072  -7.461 -6.942
-999.0000000  790.000 307.390 10.114  -7.951 -5.947
-999.0000000  765.000 309.018  9.277  -8.268 -4.682
-999.0000000  740.000 310.677  8.627  -8.154 -3.359
-999.0000000  715.000 312.309  8.096  -7.627 -2.139
-999.0000000  690.000 313.831  7.544  -6.857 -1.243
-999.0000000  665.000 315.174  6.968  -5.852 -0.769
-999.0000000  640.000 316.419  6.519  -4.903 -0.463
-999.0000000  615.000 317.577  6.242  -4.147 -0.268
-999.0000000  590.000 318.917  5.865  -3.846  0.040
-999.0000000  565.000 320.525  5.405  -4.109  0.537
-999.0000000  540.000 322.353  4.914  -4.581  1.161
-999.0000000  515.000 324.392  4.367  -5.125  1.833
-999.0000000  490.000 326.575  3.817  -5.430  2.184
-999.0000000  465.000 328.851  3.240  -5.396  2.085
-999.0000000  440.000 331.121  2.729  -5.213  1.730
-999.0000000  415.000 333.297  2.280  -5.018  1.280
-999.0000000  390.000 335.335  1.880  -5.103  1.160
-999.0000000  365.000 337.208  1.537  -5.640  1.544
-999.0000000  340.000 339.048  1.209  -6.685  2.311
-999.0000000  315.000 340.854  0.909  -8.164  3.356
-999.0000000  290.000 342.508  0.629  -9.719  4.479
-999.0000000  265.000 344.025  0.389 -11.236  5.542
-999.0000000  240.000 345.533  0.214 -13.020  6.440
-999.0000000  215.000 347.005  0.094 -15.080  6.969
-999.0000000  190.000 348.583  0.038 -15.867  6.805
-999.0000000  165.000 350.814  0.017 -12.625  5.952
-999.0000000  140.000 354.382  0.007  -5.636  4.426
-999.0000000  115.000 363.782  0.004   0.302  2.420
-999.0000000   90.000 389.003  0.004   2.910  1.228
-999.0000000   65.000 438.247  0.002   4.872  1.288
-999.0000000   40.000 530.231  0.012  -1.516  1.188
-999.0000000   15.000 720.079  0.064  -4.590  0.969
65.375  45   1005.36  day,levels,pres0
-999.0000000 1115.000 288.012 16.364  -4.232 -1.334
-999.0000000 1090.000 289.884 16.364  -4.232 -1.334
-999.0000000 1065.000 291.812 16.364  -4.232 -1.334
-999.0000000 1040.000 293.799 16.364  -4.232 -1.334
-999.0000000 1015.000 295.849 16.364  -4.232 -1.334
-999.0000000  990.000 297.964 16.364  -4.232 -1.334
-999.0000000  965.000 299.347 15.571  -6.253 -2.769
-999.0000000  940.000 300.544 14.872  -6.972 -4.213
-999.0000000  915.000 301.567 14.343  -7.139 -5.466
-999.0000000  890.000 302.474 13.891  -7.159 -6.439
-999.0000000  865.000 303.396 13.311  -7.240 -6.978
-999.0000000  840.000 304.411 12.541  -7.500 -6.885
-999.0000000  815.000 305.574 11.656  -7.919 -6.173
-999.0000000  790.000 306.975 10.724  -8.293 -5.077
-999.0000000  765.000 308.559  9.846  -8.405 -3.774
-999.0000000  740.000 310.240  9.074  -8.054 -2.453
-999.0000000  715.000 311.963  8.380  -7.287 -1.254
-999.0000000  690.000 313.605  7.694  -6.287 -0.398
-999.0000000  665.000 315.091  7.015  -5.083  0.004
-999.0000000  640.000 316.482  6.483  -4.086  0.172
-999.0000000  615.000 317.776  6.142  -3.474  0.136
-999.0000000  590.000 319.208  5.747  -3.373  0.137
-999.0000000  565.000 320.843  5.310  -3.852  0.251
-999.0000000  540.000 322.648  4.854  -4.481  0.484
-999.0000000  515.000 324.609  4.360  -5.104  0.816
-999.0000000  490.000 326.685  3.854  -5.475  1.040
-999.0000000  465.000 328.830  3.321  -5.516  1.083
-999.0000000  440.000 330.968  2.825  -5.422  1.014
-999.0000000  415.000 333.018  2.362  -5.320  0.910
-999.0000000  390.000 334.912  1.929  -5.456  1.002
-999.0000000  365.000 336.640  1.539  -5.964  1.404
-999.0000000  340.000 338.404  1.186  -6.854  2.104
-999.0000000  315.000 340.226  0.877  -8.119  3.027
-999.0000000  290.000 341.921  0.602  -9.653  3.937
-999.0000000  265.000 343.478  0.374 -11.468  4.696
-999.0000000  240.000 345.014  0.205 -13.664  5.293
-999.0000000  215.000 346.442  0.093 -15.823  5.736
-999.0000000  190.000 348.041  0.039 -16.300  5.970
-999.0000000  165.000 350.528  0.015 -12.727  5.954
-999.0000000  140.000 354.471  0.006  -6.068  5.033
-999.0000000  115.000 364.232  0.004  -0.958  3.040
-999.0000000   90.000 389.707  0.004   1.358  1.856
-999.0000000   65.000 438.682  0.002   3.992  1.688
-999.0000000   40.000 530.055  0.012  -1.779  1.290
-999.0000000   15.000 719.100  0.062  -4.624  0.597
65.5  45   1007.18  day,levels,pres0
-999.0000000 1115.000 287.825 16.571  -4.011 -1.761
-999.0000000 1090.000 289.695 16.571  -4.011 -1.761
-999.0000000 1065.000 291.622 16.571  -4.011 -1.761
-999.0000000 1040.000 293.608 16.571  -4.011 -1.761
-999.0000000 1015.000 295.657 16.571  -4.011 -1.761
-999.0000000  990.000 297.771 16.571  -4.011 -1.761
-999.0000000  965.000 298.889 15.683  -6.109 -3.232
-999.0000000  940.000 300.144 14.934  -7.079 -4.609
-999.0000000  915.000 301.161 14.437  -7.315 -5.689
-999.0000000  890.000 302.105 14.063  -7.374 -6.430
-999.0000000  865.000 303.064 13.645  -7.572 -6.666
-999.0000000  840.000 304.070 13.028  -7.949 -6.282
-999.0000000  815.000 305.206 12.204  -8.371 -5.396
-999.0000000  790.000 306.560 11.291  -8.628 -4.200
-999.0000000  765.000 308.098 10.372  -8.535 -2.858
-999.0000000  740.000 309.801  9.489  -7.947 -1.541
-999.0000000  715.000 311.616  8.648  -6.941 -0.366
-999.0000000  690.000 313.378  7.838  -5.711  0.448
-999.0000000  665.000 315.010  7.062  -4.309  0.777
-999.0000000  640.000 316.547  6.446  -3.264  0.804
-999.0000000  615.000 317.976  6.039  -2.798  0.535
-999.0000000  590.000 319.500  5.623  -2.896  0.228
-999.0000000  565.000 321.162  5.210  -3.591 -0.042
-999.0000000  540.000 322.944  4.789  -4.377 -0.199
-999.0000000  515.000 324.829  4.352  -5.079 -0.205
-999.0000000  490.000 326.797  3.892  -5.516 -0.108
-999.0000000  465.000 328.808  3.401  -5.632  0.079
-999.0000000  440.000 330.813  2.918  -5.627  0.297
-999.0000000  415.000 332.736  2.441  -5.620  0.539
-999.0000000  390.000 334.487  1.974  -5.809  0.843
-999.0000000  365.000 336.069  1.538  -6.288  1.262
-999.0000000  340.000 337.761  1.162  -7.024  1.894
-999.0000000  315.000 339.599  0.845  -8.073  2.696
-999.0000000  290.000 341.333  0.576  -9.586  3.392
-999.0000000  265.000 342.933  0.360 -11.700  3.847
-999.0000000  240.000 344.497  0.196 -14.307  4.144
-999.0000000  215.000 345.879  0.092 -16.566  4.501
-999.0000000  190.000 347.501  0.039 -16.733  5.134
-999.0000000  165.000 350.242  0.013 -12.829  5.954
-999.0000000  140.000 354.563  0.005  -6.499  5.638
-999.0000000  115.000 364.683  0.004  -2.218  3.660
-999.0000000   90.000 390.411  0.004  -0.195  2.485
-999.0000000   65.000 439.116  0.002   3.111  2.089
-999.0000000   40.000 529.877  0.012  -2.043  1.392
-999.0000000   15.000 718.117  0.060  -4.658  0.225
65.625  45   1006.95  day,levels,pres0
-999.0000000 1115.000 288.490 16.928  -3.771 -2.129
-999.0000000 1090.000 290.365 16.928  -3.771 -2.129
-999.0000000 1065.000 292.296 16.928  -3.771 -2.129
-999.0000000 1040.000 294.287 16.928  -3.771 -2.129
-999.0000000 1015.000 296.340 16.928  -3.771 -2.129
-999.0000000  990.000 298.459 16.928  -3.771 -2.129
-999.0000000  965.000 299.236 16.183  -5.389 -3.270
-999.0000000  940.000 300.162 15.506  -6.393 -4.345
-999.0000000  915.000 301.123 14.918  -7.064 -5.338
-999.0000000  890.000 302.137 14.371  -7.548 -6.043
-999.0000000  865.000 303.180 13.836  -7.875 -6.236
-999.0000000  840.000 304.288 13.184  -8.058 -5.827
-999.0000000  815.000 305.525 12.397  -8.107 -4.983
-999.0000000  790.000 306.953 11.534  -7.990 -3.898
-999.0000000  765.000 308.544 10.637  -7.657 -2.714
-999.0000000  740.000 310.267  9.727  -7.060 -1.553
-999.0000000  715.000 312.064  8.826  -6.245 -0.489
-999.0000000  690.000 313.773  7.967  -5.320  0.327
-999.0000000  665.000 315.317  7.162  -4.324  0.795
-999.0000000  640.000 316.802  6.484  -3.593  0.953
-999.0000000  615.000 318.252  5.977  -3.274  0.771
-999.0000000  590.000 319.901  5.500  -3.338  0.496
-999.0000000  565.000 321.800  5.052  -3.794  0.198
-999.0000000  540.000 323.786  4.608  -4.269  0.007
-999.0000000  515.000 325.788  4.146  -4.638 -0.022
-999.0000000  490.000 327.795  3.674  -4.829  0.081
-999.0000000  465.000 329.768  3.188  -4.834  0.308
-999.0000000  440.000 331.704  2.720  -4.827  0.567
-999.0000000  415.000 333.560  2.272  -4.905  0.835
-999.0000000  390.000 335.323  1.848  -5.180  1.129
-999.0000000  365.000 336.991  1.459  -5.700  1.462
-999.0000000  340.000 338.702  1.119  -6.405  1.835
-999.0000000  315.000 340.453  0.827  -7.320  2.209
-999.0000000  290.000 342.082  0.571  -8.558  2.462
-999.0000000  265.000 343.567  0.361 -10.244  2.591
-999.0000000  240.000 344.946  0.200 -12.456  2.865
-999.0000000  215.000 346.135  0.094 -14.784  3.706
-999.0000000  190.000 347.604  0.041 -15.725  5.258
-999.0000000  165.000 350.165  0.016 -13.125  6.914
-999.0000000  140.000 354.138  0.006  -7.837  6.795
-999.0000000  115.000 364.032  0.004  -3.526  4.473
-999.0000000   90.000 390.043  0.004  -0.795  2.941
-999.0000000   65.000 438.975  0.002   2.834  2.326
-999.0000000   40.000 529.930  0.012  -1.842  0.889
-999.0000000   15.000 717.852  0.059  -4.330 -0.741
65.75  45   1003.02  day,levels,pres0
-999.0000000 1115.000 289.154 17.282  -3.545 -2.505
-999.0000000 1090.000 291.033 17.282  -3.545 -2.505
-999.0000000 1065.000 292.969 17.282  -3.545 -2.505
-999.0000000 1040.000 294.964 17.282  -3.545 -2.505
-999.0000000 1015.000 297.022 17.282  -3.545 -2.505
-999.0000000  990.000 299.146 17.282  -3.545 -2.505
-999.0000000  965.000 299.581 16.698  -4.686 -3.323
-999.0000000  940.000 300.179 16.077  -5.719 -4.097
-999.0000000  915.000 301.083 15.392  -6.823 -4.997
-999.0000000  890.000 302.165 14.676  -7.733 -5.668
-999.0000000  865.000 303.293 14.027  -8.193 -5.821
-999.0000000  840.000 304.504 13.343  -8.187 -5.390
-999.0000000  815.000 305.846 12.595  -7.867 -4.586
-999.0000000  790.000 307.348 11.782  -7.378 -3.613
-999.0000000  765.000 308.991 10.908  -6.805 -2.587
-999.0000000  740.000 310.733  9.971  -6.193 -1.577
-999.0000000  715.000 312.513  9.007  -5.564 -0.618
-999.0000000  690.000 314.169  8.096  -4.938  0.203
-999.0000000  665.000 315.624  7.263  -4.342  0.811
-999.0000000  640.000 317.059  6.520  -3.920  1.103
-999.0000000  615.000 318.529  5.910  -3.745  1.011
-999.0000000  590.000 320.302  5.366  -3.773  0.770
-999.0000000  565.000 322.439  4.873  -3.992  0.447
-999.0000000  540.000 324.629  4.392  -4.158  0.221
-999.0000000  515.000 326.750  3.897  -4.197  0.166
-999.0000000  490.000 328.797  3.409  -4.145  0.274
-999.0000000  465.000 330.729  2.936  -4.040  0.537
-999.0000000  440.000 332.595  2.489  -4.030  0.836
-999.0000000  415.000 334.387  2.078  -4.193  1.128
-999.0000000  390.000 336.161  1.701  -4.552  1.413
-999.0000000  365.000 337.915  1.364  -5.112  1.661
-999.0000000  340.000 339.647  1.065  -5.786  1.778
-999.0000000  315.000 341.307  0.804  -6.567  1.724
-999.0000000  290.000 342.827  0.564  -7.529  1.533
-999.0000000  265.000 344.197  0.361  -8.787  1.335
-999.0000000  240.000 345.394  0.203 -10.603  1.584
-999.0000000  215.000 346.391  0.096 -13.002  2.909
-999.0000000  190.000 347.710  0.043 -14.717  5.381
-999.0000000  165.000 350.088  0.018 -13.423  7.875
-999.0000000  140.000 353.716  0.008  -9.175  7.954
-999.0000000  115.000 363.383  0.005  -4.834  5.285
-999.0000000   90.000 389.675  0.004  -1.395  3.398
-999.0000000   65.000 438.830  0.002   2.556  2.564
-999.0000000   40.000 529.980  0.012  -1.641  0.386
-999.0000000   15.000 717.586  0.059  -4.003 -1.708
65.875  45   1002.19  day,levels,pres0
-999.0000000 1115.000 288.484 17.105  -3.045 -2.508
-999.0000000 1090.000 290.359 17.105  -3.045 -2.508
-999.0000000 1065.000 292.290 17.105  -3.045 -2.508
-999.0000000 1040.000 294.281 17.105  -3.045 -2.508
-999.0000000 1015.000 296.334 17.105  -3.045 -2.508
-999.0000000  990.000 298.453 17.105  -3.045 -2.508
-999.0000000  965.000 299.434 16.411  -4.494 -3.590
-999.0000000  940.000 300.405 15.752  -5.663 -4.423
-999.0000000  915.000 301.438 15.004  -6.669 -5.198
-999.0000000  890.000 302.576 14.209  -7.408 -5.683
-999.0000000  865.000 303.756 13.483  -7.790 -5.732
-999.0000000  840.000 304.993 12.781  -7.807 -5.342
-999.0000000  815.000 306.301 12.109  -7.552 -4.660
-999.0000000  790.000 307.710 11.432  -7.167 -3.863
-999.0000000  765.000 309.205 10.731  -6.729 -3.043
-999.0000000  740.000 310.750  9.968  -6.259 -2.235
-999.0000000  715.000 312.318  9.163  -5.765 -1.455
-999.0000000  690.000 313.819  8.379  -5.243 -0.758
-999.0000000  665.000 315.198  7.619  -4.706 -0.193
-999.0000000  640.000 316.560  6.918  -4.282  0.146
-999.0000000  615.000 317.943  6.307  -4.035  0.206
-999.0000000  590.000 319.603  5.749  -3.985  0.136
-999.0000000  565.000 321.611  5.236  -4.146 -0.020
-999.0000000  540.000 323.767  4.742  -4.340 -0.097
-999.0000000  515.000 325.980  4.232  -4.500 -0.027
-999.0000000  490.000 328.131  3.725  -4.549  0.187
-999.0000000  465.000 330.148  3.222  -4.477  0.542
-999.0000000  440.000 332.094  2.738  -4.426  0.935
-999.0000000  415.000 333.969  2.287  -4.469  1.329
-999.0000000  390.000 335.826  1.866  -4.662  1.711
-999.0000000  365.000 337.651  1.482  -5.036  2.053
-999.0000000  340.000 339.422  1.143  -5.554  2.285
-999.0000000  315.000 341.100  0.852  -6.230  2.381
-999.0000000  290.000 342.662  0.593  -7.118  2.379
-999.0000000  265.000 344.124  0.379  -8.304  2.409
-999.0000000  240.000 345.456  0.218  -9.997  2.901
-999.0000000  215.000 346.602  0.108 -12.278  4.340
-999.0000000  190.000 347.901  0.050 -14.144  6.558
-999.0000000  165.000 350.065  0.021 -13.454  8.400
-999.0000000  140.000 353.761  0.009  -9.925  8.038
-999.0000000  115.000 363.591  0.005  -5.854  5.486
-999.0000000   90.000 389.369  0.004  -2.151  3.497
-999.0000000   65.000 438.243  0.002   1.978  2.456
-999.0000000   40.000 529.667  0.012  -1.714  0.522
-999.0000000   15.000 718.390  0.061  -3.935 -1.108
66.0  45   1005.15  day,levels,pres0
-999.0000000 1115.000 287.803 16.892  -2.544 -2.507
-999.0000000 1090.000 289.674 16.892  -2.544 -2.507
-999.0000000 1065.000 291.601 16.892  -2.544 -2.507
-999.0000000 1040.000 293.587 16.892  -2.544 -2.507
-999.0000000 1015.000 295.635 16.892  -2.544 -2.507
-999.0000000  990.000 297.749 16.892  -2.544 -2.507
-999.0000000  965.000 299.275 16.112  -4.309 -3.858
-999.0000000  940.000 300.622 15.403  -5.623 -4.756
-999.0000000  915.000 301.789 14.583  -6.521 -5.399
-999.0000000  890.000 302.984 13.702  -7.083 -5.690
-999.0000000  865.000 304.221 12.893  -7.386 -5.629
-999.0000000  840.000 305.485 12.169  -7.424 -5.274
-999.0000000  815.000 306.761 11.584  -7.235 -4.712
-999.0000000  790.000 308.075 11.062  -6.954 -4.091
-999.0000000  765.000 309.421 10.549  -6.649 -3.481
-999.0000000  740.000 310.771  9.967  -6.321 -2.883
-999.0000000  715.000 312.126  9.317  -5.960 -2.289
-999.0000000  690.000 313.471  8.649  -5.541 -1.722
-999.0000000  665.000 314.774  7.954  -5.060 -1.208
-999.0000000  640.000 316.065  7.287  -4.632 -0.825
-999.0000000  615.000 317.361  6.668  -4.314 -0.615
-999.0000000  590.000 318.905  6.089  -4.185 -0.514
-999.0000000  565.000 320.787  5.550  -4.290 -0.499
-999.0000000  540.000 322.909  5.043  -4.513 -0.422
-999.0000000  515.000 325.215  4.526  -4.796 -0.223
-999.0000000  490.000 327.470  4.009  -4.945  0.101
-999.0000000  465.000 329.568  3.483  -4.907  0.551
-999.0000000  440.000 331.594  2.969  -4.815  1.041
-999.0000000  415.000 333.551  2.483  -4.740  1.536
-999.0000000  390.000 335.488  2.022  -4.769  2.014
-999.0000000  365.000 337.384  1.594  -4.958  2.448
-999.0000000  340.000 339.196  1.219  -5.321  2.794
-999.0000000  315.000 340.890  0.899  -5.893  3.039
-999.0000000  290.000 342.496  0.622  -6.705  3.226
-999.0000000  265.000 344.053  0.397  -7.819  3.485
-999.0000000  240.000 345.522  0.232  -9.389  4.218
-999.0000000  215.000 346.816  0.121 -11.552  5.774
-999.0000000  190.000 348.093  0.056 -13.566  7.738
-999.0000000  165.000 350.036  0.024 -13.480  8.929
-999.0000000  140.000 353.805  0.010 -10.675  8.125
-999.0000000  115.000 363.800  0.005  -6.873  5.687
-999.0000000   90.000 389.060  0.004  -2.908  3.596
-999.0000000   65.000 437.658  0.003   1.401  2.348
-999.0000000   40.000 529.353  0.012  -1.787  0.658
-999.0000000   15.000 719.193  0.062  -3.867 -0.509
66.125  45   1006.84  day,levels,pres0
-999.0000000 1115.000 287.524 16.735  -2.648 -2.956
-999.0000000 1090.000 289.393 16.735  -2.648 -2.956
-999.0000000 1065.000 291.318 16.735  -2.648 -2.956
-999.0000000 1040.000 293.302 16.735  -2.648 -2.956
-999.0000000 1015.000 295.348 16.735  -2.648 -2.956
-999.0000000  990.000 297.460 16.735  -2.648 -2.956
-999.0000000  965.000 299.214 15.855  -4.401 -4.663
-999.0000000  940.000 300.645 15.059  -5.515 -5.707
-999.0000000  915.000 301.719 14.231  -6.166 -6.389
-999.0000000  890.000 302.789 13.365  -6.535 -6.647
-999.0000000  865.000 303.875 12.621  -6.769 -6.437
-999.0000000  840.000 305.010 11.953  -6.906 -5.892
-999.0000000  815.000 306.233 11.374  -6.964 -5.177
-999.0000000  790.000 307.577 10.877  -7.010 -4.426
-999.0000000  765.000 308.987 10.409  -7.042 -3.726
-999.0000000  740.000 310.400  9.906  -6.983 -3.086
-999.0000000  715.000 311.807  9.358  -6.791 -2.488
-999.0000000  690.000 313.203  8.776  -6.416 -1.909
-999.0000000  665.000 314.560  8.151  -5.824 -1.357
-999.0000000  640.000 315.936  7.500  -5.192 -0.861
-999.0000000  615.000 317.352  6.834  -4.587 -0.438
-999.0000000  590.000 318.995  6.216  -4.197 -0.077
-999.0000000  565.000 320.925  5.643  -4.085  0.225
-999.0000000  540.000 323.064  5.087  -4.051  0.522
-999.0000000  515.000 325.356  4.509  -4.025  0.832
-999.0000000  490.000 327.616  3.943  -3.893  1.167
-999.0000000  465.000 329.746  3.381  -3.650  1.539
-999.0000000  440.000 331.789  2.857  -3.486  1.962
-999.0000000  415.000 333.733  2.382  -3.506  2.426
-999.0000000  390.000 335.618  1.940  -3.770  2.849
-999.0000000  365.000 337.434  1.539  -4.268  3.177
-999.0000000  340.000 339.181  1.186  -4.817  3.369
-999.0000000  315.000 340.831  0.885  -5.359  3.399
-999.0000000  290.000 342.355  0.613  -5.962  3.280
-999.0000000  265.000 343.765  0.386  -6.732  3.163
-999.0000000  240.000 345.052  0.223  -7.895  3.534
-999.0000000  215.000 346.149  0.114  -9.614  4.805
-999.0000000  190.000 347.348  0.051 -11.187  6.760
-999.0000000  165.000 349.573  0.021 -10.756  8.499
-999.0000000  140.000 353.807  0.008  -7.983  8.332
-999.0000000  115.000 364.043  0.004  -4.926  5.828
-999.0000000   90.000 389.343  0.004  -2.086  3.195
-999.0000000   65.000 437.924  0.003   1.517  1.396
-999.0000000   40.000 529.709  0.012  -1.617  0.330
-999.0000000   15.000 719.591  0.063  -3.467 -0.533
66.25  45   1005.42  day,levels,pres0
-999.0000000 1115.000 287.241 16.571 -2.746 -3.397
-999.0000000 1090.000 289.108 16.571 -2.746 -3.397
-999.0000000 1065.000 291.031 16.571 -2.746 -3.397
-999.0000000 1040.000 293.013 16.571 -2.746 -3.397
-999.0000000 1015.000 295.057 16.571 -2.746 -3.397
-999.0000000  990.000 297.167 16.571 -2.746 -3.397
-999.0000000  965.000 299.152 15.594 -4.489 -5.460
-999.0000000  940.000 300.667 14.709 -5.409 -6.650
-999.0000000  915.000 301.649 13.878 -5.811 -7.372
-999.0000000  890.000 302.595 13.032 -5.981 -7.598
-999.0000000  865.000 303.531 12.355 -6.145 -7.238
-999.0000000  840.000 304.537 11.739 -6.381 -6.502
-999.0000000  815.000 305.709 11.166 -6.687 -5.633
-999.0000000  790.000 307.082 10.693 -7.061 -4.754
-999.0000000  765.000 308.554 10.269 -7.430 -3.965
-999.0000000  740.000 310.031  9.842 -7.642 -3.287
-999.0000000  715.000 311.490  9.394 -7.618 -2.685
-999.0000000  690.000 312.935  8.896 -7.290 -2.096
-999.0000000  665.000 314.345  8.342 -6.587 -1.510
-999.0000000  640.000 315.805  7.709 -5.753 -0.901
-999.0000000  615.000 317.344  6.998 -4.862 -0.266
-999.0000000  590.000 319.083  6.343 -4.212  0.357
-999.0000000  565.000 321.064  5.736 -3.884  0.947
-999.0000000  540.000 323.219  5.131 -3.594  1.465
-999.0000000  515.000 325.499  4.491 -3.259  1.888
-999.0000000  490.000 327.763  3.875 -2.845  2.236
-999.0000000  465.000 329.925  3.276 -2.394  2.531
-999.0000000  440.000 331.987  2.741 -2.158  2.888
-999.0000000  415.000 333.914  2.279 -2.272  3.320
-999.0000000  390.000 335.747  1.857 -2.770  3.687
-999.0000000  365.000 337.483  1.483 -3.578  3.909
-999.0000000  340.000 339.168  1.154 -4.312  3.946
-999.0000000  315.000 340.774  0.870 -4.824  3.761
-999.0000000  290.000 342.214  0.604 -5.218  3.338
-999.0000000  265.000 343.477  0.375 -5.646  2.845
-999.0000000  240.000 344.581  0.214 -6.401  2.853
-999.0000000  215.000 345.478  0.108 -7.677  3.839
-999.0000000  190.000 346.603  0.047 -8.806  5.785
-999.0000000  165.000 349.107  0.018 -8.030  8.071
-999.0000000  140.000 353.807  0.007 -5.291  8.541
-999.0000000  115.000 364.286  0.004 -2.979  5.970
-999.0000000   90.000 389.625  0.004 -1.265  2.793
-999.0000000   65.000 438.193  0.003  1.633  0.445
-999.0000000   40.000 530.065  0.012 -1.448  0.002
-999.0000000   15.000 719.986  0.064 -3.068 -0.557
66.375  45   1005.06  day,levels,pres0
-999.0000000 1115.000 287.198 16.530 -2.555 -3.017
-999.0000000 1090.000 289.065 16.530 -2.555 -3.017
-999.0000000 1065.000 290.988 16.530 -2.555 -3.017
-999.0000000 1040.000 292.970 16.530 -2.555 -3.017
-999.0000000 1015.000 295.013 16.530 -2.555 -3.017
-999.0000000  990.000 297.123 16.530 -2.555 -3.017
-999.0000000  965.000 298.981 15.516 -3.905 -4.821
-999.0000000  940.000 300.546 14.543 -4.728 -6.176
-999.0000000  915.000 301.562 13.785 -5.021 -6.928
-999.0000000  890.000 302.493 13.094 -5.130 -7.102
-999.0000000  865.000 303.395 12.522 -5.280 -6.716
-999.0000000  840.000 304.333 11.976 -5.538 -6.045
-999.0000000  815.000 305.407 11.440 -5.901 -5.277
-999.0000000  790.000 306.685 10.936 -6.347 -4.463
-999.0000000  765.000 308.126 10.433 -6.816 -3.651
-999.0000000  740.000 309.636  9.919 -7.187 -2.893
-999.0000000  715.000 311.163  9.401 -7.379 -2.199
-999.0000000  690.000 312.666  8.873 -7.261 -1.576
-999.0000000  665.000 314.110  8.335 -6.746 -1.039
-999.0000000  640.000 315.602  7.726 -6.050 -0.551
-999.0000000  615.000 317.163  7.046 -5.239 -0.114
-999.0000000  590.000 318.891  6.401 -4.665  0.286
-999.0000000  565.000 320.829  5.785 -4.415  0.648
-999.0000000  540.000 322.983  5.155 -4.188  0.995
-999.0000000  515.000 325.321  4.468 -3.885  1.330
-999.0000000  490.000 327.612  3.841 -3.457  1.654
-999.0000000  465.000 329.738  3.272 -2.938  1.987
-999.0000000  440.000 331.747  2.750 -2.604  2.403
-999.0000000  415.000 333.623  2.288 -2.607  2.900
-999.0000000  390.000 335.434  1.854 -3.011  3.336
-999.0000000  365.000 337.176  1.457 -3.735  3.647
-999.0000000  340.000 338.871  1.118 -4.328  3.850
-999.0000000  315.000 340.477  0.836 -4.614  3.929
-999.0000000  290.000 341.917  0.575 -4.723  3.841
-999.0000000  265.000 343.190  0.354 -4.854  3.729
-999.0000000  240.000 344.345  0.198 -5.429  4.128
-999.0000000  215.000 345.392  0.098 -6.753  5.447
-999.0000000  190.000 346.738  0.043 -8.251  7.469
-999.0000000  165.000 349.330  0.017 -8.402  9.231
-999.0000000  140.000 353.810  0.007 -6.736  8.566
-999.0000000  115.000 364.097  0.004 -4.566  4.963
-999.0000000   90.000 389.778  0.004 -2.035  1.637
-999.0000000   65.000 438.955  0.003  1.672 -0.205
-999.0000000   40.000 530.738  0.012 -0.852 -0.276
-999.0000000   15.000 720.405  0.065 -2.319 -0.751
66.5  45   1006.81  day,levels,pres0
-999.0000000 1115.000 287.153 16.485 -2.359 -2.637
-999.0000000 1090.000 289.019 16.485 -2.359 -2.637
-999.0000000 1065.000 290.942 16.485 -2.359 -2.637
-999.0000000 1040.000 292.923 16.485 -2.359 -2.637
-999.0000000 1015.000 294.967 16.485 -2.359 -2.637
-999.0000000  990.000 297.076 16.485 -2.359 -2.637
-999.0000000  965.000 298.808 15.435 -3.318 -4.184
-999.0000000  940.000 300.422 14.375 -4.049 -5.705
-999.0000000  915.000 301.475 13.691 -4.231 -6.488
-999.0000000  890.000 302.392 13.156 -4.278 -6.613
-999.0000000  865.000 303.259 12.688 -4.413 -6.201
-999.0000000  840.000 304.132 12.209 -4.695 -5.597
-999.0000000  815.000 305.108 11.704 -5.116 -4.928
-999.0000000  790.000 306.289 11.162 -5.634 -4.177
-999.0000000  765.000 307.699 10.582 -6.198 -3.342
-999.0000000  740.000 309.242  9.987 -6.727 -2.501
-999.0000000  715.000 310.836  9.403 -7.134 -1.716
-999.0000000  690.000 312.394  8.847 -7.225 -1.057
-999.0000000  665.000 313.875  8.325 -6.900 -0.570
-999.0000000  640.000 315.396  7.739 -6.345 -0.203
-999.0000000  615.000 316.980  7.091 -5.616  0.035
-999.0000000  590.000 318.698  6.455 -5.118  0.212
-999.0000000  565.000 320.591  5.829 -4.947  0.347
-999.0000000  540.000 322.747  5.177 -4.783  0.523
-999.0000000  515.000 325.145  4.444 -4.514  0.773
-999.0000000  490.000 327.461  3.807 -4.071  1.076
-999.0000000  465.000 329.551  3.267 -3.483  1.448
-999.0000000  440.000 331.506  2.758 -3.051  1.922
-999.0000000  415.000 333.334  2.297 -2.942  2.483
-999.0000000  390.000 335.120  1.850 -3.251  2.987
-999.0000000  365.000 336.869  1.431 -3.891  3.387
-999.0000000  340.000 338.573  1.084 -4.343  3.756
-999.0000000  315.000 340.178  0.803 -4.403  4.099
-999.0000000  290.000 341.618  0.547 -4.227  4.348
-999.0000000  265.000 342.901  0.333 -4.062  4.618
-999.0000000  240.000 344.108  0.183 -4.456  5.409
-999.0000000  215.000 345.302  0.088 -5.828  7.060
-999.0000000  190.000 346.873  0.038 -7.695  9.155
-999.0000000  165.000 349.554  0.017 -8.771 10.389
-999.0000000  140.000 353.816  0.008 -8.181  8.591
-999.0000000  115.000 363.910  0.005 -6.153  3.957
-999.0000000   90.000 389.932  0.005 -2.804  0.481
-999.0000000   65.000 439.715  0.002  1.712 -0.855
-999.0000000   40.000 531.410  0.013 -0.257 -0.553
-999.0000000   15.000 720.820  0.066 -1.569 -0.944
66.625  45   1005.55  day,levels,pres0
-999.0000000 1115.000 288.820 16.935 -1.283 -2.371
-999.0000000 1090.000 290.698 16.935 -1.283 -2.371
-999.0000000 1065.000 292.631 16.935 -1.283 -2.371
-999.0000000 1040.000 294.624 16.935 -1.283 -2.371
-999.0000000 1015.000 296.679 16.935 -1.283 -2.371
-999.0000000  990.000 298.801 16.935 -1.283 -2.371
-999.0000000  965.000 299.899 16.096 -1.785 -3.368
-999.0000000  940.000 300.997 15.289 -2.223 -4.274
-999.0000000  915.000 301.994 14.539 -2.448 -4.862
-999.0000000  890.000 303.037 13.858 -2.650 -5.109
-999.0000000  865.000 303.949 13.272 -2.919 -4.965
-999.0000000  840.000 304.769 12.652 -3.277 -4.599
-999.0000000  815.000 305.684 12.042 -3.708 -4.124
-999.0000000  790.000 306.841 11.445 -4.141 -3.564
-999.0000000  765.000 308.299 10.803 -4.563 -2.936
-999.0000000  740.000 309.946 10.118 -4.981 -2.296
-999.0000000  715.000 311.652  9.428 -5.362 -1.695
-999.0000000  690.000 313.264  8.774 -5.535 -1.217
-999.0000000  665.000 314.713  8.166 -5.421 -0.910
-999.0000000  640.000 316.142  7.519 -5.154 -0.719
-999.0000000  615.000 317.587  6.853 -4.773 -0.649
-999.0000000  590.000 319.243  6.228 -4.539 -0.612
-999.0000000  565.000 321.172  5.638 -4.505 -0.576
-999.0000000  540.000 323.275  5.042 -4.436 -0.459
-999.0000000  515.000 325.487  4.396 -4.255 -0.229
-999.0000000  490.000 327.634  3.805 -3.974  0.078
-999.0000000  465.000 329.635  3.274 -3.643  0.466
-999.0000000  440.000 331.595  2.753 -3.491  0.938
-999.0000000  415.000 333.533  2.256 -3.630  1.488
-999.0000000  390.000 335.493  1.790 -4.049  2.064
-999.0000000  365.000 337.450  1.358 -4.645  2.653
-999.0000000  340.000 339.334  1.000 -5.035  3.284
-999.0000000  315.000 341.069  0.710 -5.106  3.957
-999.0000000  290.000 342.592  0.467 -5.090  4.628
-999.0000000  265.000 343.914  0.279 -5.224  5.386
-999.0000000  240.000 345.077  0.152 -5.852  6.553
-999.0000000  215.000 346.080  0.079 -7.136  8.222
-999.0000000  190.000 347.247  0.040 -8.613  9.796
-999.0000000  165.000 349.367  0.018 -9.177  9.808
-999.0000000  140.000 353.363  0.008 -7.990  6.713
-999.0000000  115.000 363.648  0.004 -5.625  2.021
-999.0000000   90.000 389.580  0.004 -2.654 -0.340
-999.0000000   65.000 439.219  0.003  1.399 -0.672
-999.0000000   40.000 530.412  0.012 -0.815  0.293
-999.0000000   15.000 719.807  0.064 -1.942  0.045
66.75  45   1002.19  day,levels,pres0
-999.0000000 1115.000 290.482 17.231 -0.214 -2.045
-999.0000000 1090.000 292.370 17.231 -0.214 -2.045
-999.0000000 1065.000 294.315 17.231 -0.214 -2.045
-999.0000000 1040.000 296.319 17.231 -0.214 -2.045
-999.0000000 1015.000 298.386 17.231 -0.214 -2.045
-999.0000000  990.000 300.520 17.231 -0.214 -2.045
-999.0000000  965.000 300.978 16.740 -0.279 -2.505
-999.0000000  940.000 301.561 16.224 -0.425 -2.816
-999.0000000  915.000 302.501 15.407 -0.676 -3.236
-999.0000000  890.000 303.672 14.581 -1.011 -3.643
-999.0000000  865.000 304.635 13.877 -1.384 -3.802
-999.0000000  840.000 305.408 13.110 -1.813 -3.681
-999.0000000  815.000 306.264 12.392 -2.260 -3.391
-999.0000000  790.000 307.395 11.733 -2.607 -3.007
-999.0000000  765.000 308.901 11.022 -2.885 -2.562
-999.0000000  740.000 310.650 10.236 -3.199 -2.105
-999.0000000  715.000 312.466  9.424 -3.569 -1.678
-999.0000000  690.000 314.129  8.658 -3.829 -1.379
-999.0000000  665.000 315.546  7.959 -3.925 -1.255
-999.0000000  640.000 316.883  7.253 -3.946 -1.245
-999.0000000  615.000 318.187  6.581 -3.910 -1.347
-999.0000000  590.000 319.783  5.973 -3.935 -1.449
-999.0000000  565.000 321.752  5.423 -4.036 -1.506
-999.0000000  540.000 323.805  4.890 -4.067 -1.446
-999.0000000  515.000 325.833  4.344 -3.986 -1.234
-999.0000000  490.000 327.812  3.805 -3.878 -0.920
-999.0000000  465.000 329.726  3.282 -3.809 -0.512
-999.0000000  440.000 331.692  2.750 -3.939 -0.043
-999.0000000  415.000 333.740  2.215 -4.324  0.496
-999.0000000  390.000 335.874  1.726 -4.849  1.138
-999.0000000  365.000 338.038  1.279 -5.398  1.910
-999.0000000  340.000 340.106  0.905 -5.723  2.800
-999.0000000  315.000 341.968  0.603 -5.802  3.802
-999.0000000  290.000 343.575  0.375 -5.944  4.892
-999.0000000  265.000 344.932  0.215 -6.377  6.135
-999.0000000  240.000 346.053  0.116 -7.239  7.677
-999.0000000  215.000 346.864  0.069 -8.440  9.369
-999.0000000  190.000 347.625  0.042 -9.534 10.433
-999.0000000  165.000 349.178  0.020 -9.592  9.227
-999.0000000  140.000 352.907  0.008 -7.803  4.827
-999.0000000  115.000 363.385  0.004 -5.096  0.082
-999.0000000   90.000 389.227  0.004 -2.504 -1.162
-999.0000000   65.000 438.721  0.003  1.087 -0.489
-999.0000000   40.000 529.413  0.012 -1.372  1.139
-999.0000000   15.000 718.791  0.061 -2.316  1.035
66.875  45   1002.04  day,levels,pres0
-999.0000000 1115.000 289.872 17.747  0.040 -1.497
-999.0000000 1090.000 291.756 17.747  0.040 -1.497
-999.0000000 1065.000 293.697 17.747  0.040 -1.497
-999.0000000 1040.000 295.697 17.747  0.040 -1.497
-999.0000000 1015.000 297.760 17.747  0.040 -1.497
-999.0000000  990.000 299.889 17.747  0.040 -1.497
-999.0000000  965.000 300.616 17.116  0.010 -2.150
-999.0000000  940.000 301.297 16.349 -0.245 -2.468
-999.0000000  915.000 302.279 15.345 -0.642 -2.936
-999.0000000  890.000 303.423 14.493 -1.081 -3.410
-999.0000000  865.000 304.463 13.743 -1.544 -3.662
-999.0000000  840.000 305.362 12.990 -2.054 -3.654
-999.0000000  815.000 306.338 12.298 -2.514 -3.491
-999.0000000  790.000 307.520 11.644 -2.840 -3.253
-999.0000000  765.000 308.960 10.954 -3.065 -2.975
-999.0000000  740.000 310.575 10.208 -3.280 -2.689
-999.0000000  715.000 312.259  9.449 -3.528 -2.423
-999.0000000  690.000 313.856  8.726 -3.743 -2.227
-999.0000000  665.000 315.285  8.043 -3.907 -2.128
-999.0000000  640.000 316.599  7.304 -4.036 -2.096
-999.0000000  615.000 317.819  6.539 -4.136 -2.127
-999.0000000  590.000 319.362  5.906 -4.261 -2.142
-999.0000000  565.000 321.336  5.410 -4.411 -2.110
-999.0000000  540.000 323.448  4.923 -4.491 -2.000
-999.0000000  515.000 325.586  4.403 -4.474 -1.807
-999.0000000  490.000 327.678  3.870 -4.432 -1.608
-999.0000000  465.000 329.681  3.323 -4.419 -1.413
-999.0000000  440.000 331.673  2.782 -4.543 -1.148
-999.0000000  415.000 333.667  2.257 -4.841 -0.733
-999.0000000  390.000 335.704  1.785 -5.215 -0.027
-999.0000000  365.000 337.754  1.365 -5.593  1.037
-999.0000000  340.000 339.727  1.006 -5.848  2.376
-999.0000000  315.000 341.548  0.708 -5.992  3.901
-999.0000000  290.000 343.192  0.470 -6.238  5.415
-999.0000000  265.000 344.679  0.292 -6.734  6.855
-999.0000000  240.000 345.997  0.169 -7.539  8.283
-999.0000000  215.000 347.000  0.093 -8.538  9.583
-999.0000000  190.000 347.856  0.048 -9.445 10.240
-999.0000000  165.000 349.440  0.021 -9.502  9.017
-999.0000000  140.000 353.330  0.009 -7.896  5.304
-999.0000000  115.000 363.926  0.004 -5.444  1.347
-999.0000000   90.000 389.357  0.003 -2.833 -0.254
-999.0000000   65.000 438.540  0.003  1.218 -0.347
-999.0000000   40.000 529.506  0.012 -1.665  0.933
-999.0000000   15.000 719.761  0.064 -2.849  1.159
67.0  45   1005.16  day,levels,pres0
-999.0000000 1115.000 289.265 18.190  0.300 -0.945
-999.0000000 1090.000 291.145 18.190  0.300 -0.945
-999.0000000 1065.000 293.082 18.190  0.300 -0.945
-999.0000000 1040.000 295.078 18.190  0.300 -0.945
-999.0000000 1015.000 297.136 18.190  0.300 -0.945
-999.0000000  990.000 299.261 18.190  0.300 -0.945
-999.0000000  965.000 300.252 17.461  0.302 -1.800
-999.0000000  940.000 301.030 16.460 -0.067 -2.126
-999.0000000  915.000 302.056 15.276 -0.617 -2.644
-999.0000000  890.000 303.173 14.400 -1.161 -3.184
-999.0000000  865.000 304.290 13.610 -1.710 -3.531
-999.0000000  840.000 305.318 12.872 -2.296 -3.636
-999.0000000  815.000 306.412 12.204 -2.768 -3.603
-999.0000000  790.000 307.646 11.554 -3.070 -3.513
-999.0000000  765.000 309.021 10.885 -3.240 -3.400
-999.0000000  740.000 310.502 10.181 -3.356 -3.280
-999.0000000  715.000 312.055  9.471 -3.480 -3.165
-999.0000000  690.000 313.584  8.789 -3.653 -3.068
-999.0000000  665.000 315.024  8.120 -3.888 -2.996
-999.0000000  640.000 316.312  7.347 -4.128 -2.944
-999.0000000  615.000 317.449  6.493 -4.359 -2.906
-999.0000000  590.000 318.938  5.837 -4.582 -2.837
-999.0000000  565.000 320.920  5.393 -4.784 -2.718
-999.0000000  540.000 323.090  4.950 -4.914 -2.560
-999.0000000  515.000 325.336  4.458 -4.960 -2.383
-999.0000000  490.000 327.542  3.931 -4.985 -2.298
-999.0000000  465.000 329.635  3.363 -5.026 -2.314
-999.0000000  440.000 331.654  2.814 -5.145 -2.254
-999.0000000  415.000 333.596  2.298 -5.357 -1.962
-999.0000000  390.000 335.539  1.843 -5.582 -1.191
-999.0000000  365.000 337.479  1.448 -5.788  0.166
-999.0000000  340.000 339.360  1.102 -5.975  1.957
-999.0000000  315.000 341.135  0.807 -6.185  4.006
-999.0000000  290.000 342.813  0.560 -6.533  5.943
-999.0000000  265.000 344.430  0.366 -7.093  7.580
-999.0000000  240.000 345.940  0.222 -7.839  8.891
-999.0000000  215.000 347.131  0.118 -8.637  9.798
-999.0000000  190.000 348.077  0.054 -9.359 10.047
-999.0000000  165.000 349.690  0.023 -9.415  8.813
-999.0000000  140.000 353.747  0.009 -7.989  5.787
-999.0000000  115.000 364.468  0.004 -5.790  2.613
-999.0000000   90.000 389.486  0.003 -3.162  0.654
-999.0000000   65.000 438.361  0.003  1.350 -0.206
-999.0000000   40.000 529.601  0.012 -1.957  0.728
-999.0000000   15.000 720.733  0.066 -3.382  1.283
67.125  45   1006.58  day,levels,pres0
-999.0000000 1115.000 288.401 17.550 -0.578 -1.530
-999.0000000 1090.000 290.276 17.550 -0.578 -1.530
-999.0000000 1065.000 292.207 17.550 -0.578 -1.530
-999.0000000 1040.000 294.197 17.550 -0.578 -1.530
-999.0000000 1015.000 296.249 17.550 -0.578 -1.530
-999.0000000  990.000 298.368 17.550 -0.578 -1.530
-999.0000000  965.000 299.547 16.758 -0.670 -2.476
-999.0000000  940.000 300.424 16.001 -0.600 -2.747
-999.0000000  915.000 301.435 15.018 -0.646 -3.165
-999.0000000  890.000 302.503 14.176 -0.861 -3.725
-999.0000000  865.000 303.646 13.457 -1.228 -4.200
-999.0000000  840.000 304.787 12.752 -1.733 -4.510
-999.0000000  815.000 305.954 12.064 -2.279 -4.683
-999.0000000  790.000 307.229 11.388 -2.776 -4.715
-999.0000000  765.000 308.616 10.705 -3.128 -4.608
-999.0000000  740.000 310.067 10.002 -3.258 -4.384
-999.0000000  715.000 311.564  9.301 -3.192 -4.093
-999.0000000  690.000 313.087  8.643 -2.994 -3.791
-999.0000000  665.000 314.591  8.016 -2.651 -3.482
-999.0000000  640.000 315.970  7.325 -2.270 -3.165
-999.0000000  615.000 317.210  6.585 -1.886 -2.843
-999.0000000  590.000 318.743  5.981 -1.609 -2.540
-999.0000000  565.000 320.683  5.530 -1.490 -2.259
-999.0000000  540.000 322.791  5.094 -1.517 -1.957
-999.0000000  515.000 324.990  4.639 -1.697 -1.676
-999.0000000  490.000 327.237  4.135 -1.956 -1.661
-999.0000000  465.000 329.482  3.567 -2.274 -1.992
-999.0000000  440.000 331.683  3.027 -2.631 -2.478
-999.0000000  415.000 333.801  2.521 -3.018 -2.951
-999.0000000  390.000 335.885  2.049 -3.421 -3.021
-999.0000000  365.000 337.910  1.617 -3.823 -2.450
-999.0000000  340.000 339.825  1.234 -4.190 -1.164
-999.0000000  315.000 341.584  0.905 -4.553  0.772
-999.0000000  290.000 343.206  0.623 -5.045  2.949
-999.0000000  265.000 344.729  0.399 -5.749  5.089
-999.0000000  240.000 346.085  0.235 -6.628  6.886
-999.0000000  215.000 347.021  0.120 -7.533  7.856
-999.0000000  190.000 347.710  0.053 -8.415  7.816
-999.0000000  165.000 349.260  0.021 -8.819  6.747
-999.0000000  140.000 353.254  0.009 -7.736  4.650
-999.0000000  115.000 363.824  0.004 -5.420  2.162
-999.0000000   90.000 389.136  0.004 -2.348  0.004
-999.0000000   65.000 439.110  0.003  2.137 -0.650
-999.0000000   40.000 529.895  0.012 -1.432  0.318
-999.0000000   15.000 720.498  0.065 -3.191  1.301
67.25  45   1005.60  day,levels,pres0
-999.0000000 1115.000 287.538 16.920 -1.445 -2.105
-999.0000000 1090.000 289.407 16.920 -1.445 -2.105
-999.0000000 1065.000 291.332 16.920 -1.445 -2.105
-999.0000000 1040.000 293.316 16.920 -1.445 -2.105
-999.0000000 1015.000 295.362 16.920 -1.445 -2.105
-999.0000000  990.000 297.474 16.920 -1.445 -2.105
-999.0000000  965.000 298.843 16.085 -1.615 -3.125
-999.0000000  940.000 299.822 15.558 -1.106 -3.349
-999.0000000  915.000 300.816 14.758 -0.655 -3.687
-999.0000000  890.000 301.833 13.944 -0.546 -4.279
-999.0000000  865.000 303.000 13.289 -0.736 -4.891
-999.0000000  840.000 304.254 12.622 -1.166 -5.415
-999.0000000  815.000 305.490 11.916 -1.794 -5.794
-999.0000000  790.000 306.809 11.218 -2.491 -5.941
-999.0000000  765.000 308.208 10.522 -3.032 -5.832
-999.0000000  740.000 309.630  9.820 -3.175 -5.494
-999.0000000  715.000 311.073  9.130 -2.914 -5.019
-999.0000000  690.000 312.590  8.496 -2.339 -4.501
-999.0000000  665.000 314.158  7.910 -1.411 -3.942
-999.0000000  640.000 315.629  7.299 -0.408 -3.357
-999.0000000  615.000 316.971  6.671  0.586 -2.760
-999.0000000  590.000 318.545  6.120  1.358 -2.229
-999.0000000  565.000 320.445  5.661  1.788 -1.788
-999.0000000  540.000 322.494  5.232  1.862 -1.345
-999.0000000  515.000 324.647  4.812  1.550 -0.961
-999.0000000  490.000 326.938  4.332  1.062 -1.016
-999.0000000  465.000 329.337  3.772  0.469 -1.665
-999.0000000  440.000 331.723  3.246 -0.122 -2.700
-999.0000000  415.000 334.017  2.753 -0.688 -3.938
-999.0000000  390.000 336.241  2.267 -1.270 -4.845
-999.0000000  365.000 338.351  1.797 -1.870 -5.057
-999.0000000  340.000 340.300  1.374 -2.416 -4.273
-999.0000000  315.000 342.039  1.008 -2.929 -2.450
-999.0000000  290.000 343.597  0.689 -3.563 -0.037
-999.0000000  265.000 345.019  0.432 -4.411  2.605
-999.0000000  240.000 346.212  0.247 -5.423  4.886
-999.0000000  215.000 346.889  0.123 -6.435  5.919
-999.0000000  190.000 347.320  0.052 -7.474  5.588
-999.0000000  165.000 348.811  0.020 -8.218  4.683
-999.0000000  140.000 352.760  0.008 -7.477  3.518
-999.0000000  115.000 363.181  0.004 -5.049  1.711
-999.0000000   90.000 388.786  0.004 -1.535 -0.646
-999.0000000   65.000 439.859  0.003  2.924 -1.094
-999.0000000   40.000 530.188  0.012 -0.906 -0.093
-999.0000000   15.000 720.269  0.065 -2.999  1.318
67.375  45   1005.23  day,levels,pres0
-999.0000000 1115.000 287.189 16.861 -1.435 -2.272
-999.0000000 1090.000 289.055 16.861 -1.435 -2.272
-999.0000000 1065.000 290.978 16.861 -1.435 -2.272
-999.0000000 1040.000 292.960 16.861 -1.435 -2.272
-999.0000000 1015.000 295.003 16.861 -1.435 -2.272
-999.0000000  990.000 297.113 16.861 -1.435 -2.272
-999.0000000  965.000 298.467 15.892 -1.596 -3.231
-999.0000000  940.000 299.583 15.273 -1.156 -3.581
-999.0000000  915.000 300.577 14.503 -0.688 -3.952
-999.0000000  890.000 301.616 13.799 -0.452 -4.437
-999.0000000  865.000 302.841 13.252 -0.440 -4.926
-999.0000000  840.000 304.221 12.676 -0.613 -5.325
-999.0000000  815.000 305.589 12.007 -0.986 -5.580
-999.0000000  790.000 306.956 11.295 -1.508 -5.603
-999.0000000  765.000 308.366 10.547 -2.002 -5.372
-999.0000000  740.000 309.802  9.770 -2.208 -4.954
-999.0000000  715.000 311.265  8.995 -2.068 -4.451
-999.0000000  690.000 312.732  8.299 -1.594 -3.951
-999.0000000  665.000 314.156  7.682 -0.740 -3.472
-999.0000000  640.000 315.462  7.083  0.147 -3.058
-999.0000000  615.000 316.653  6.533  0.960 -2.725
-999.0000000  590.000 318.210  6.051  1.526 -2.414
-999.0000000  565.000 320.247  5.644  1.729 -2.111
-999.0000000  540.000 322.351  5.243  1.569 -1.769
-999.0000000  515.000 324.418  4.819  1.027 -1.432
-999.0000000  490.000 326.633  4.345  0.344 -1.373
-999.0000000  465.000 329.014  3.813 -0.384 -1.721
-999.0000000  440.000 331.403  3.287 -1.029 -2.394
-999.0000000  415.000 333.698  2.756 -1.544 -3.311
-999.0000000  390.000 335.874  2.229 -1.973 -4.159
-999.0000000  365.000 337.875  1.721 -2.309 -4.673
-999.0000000  340.000 339.705  1.292 -2.499 -4.495
-999.0000000  315.000 341.335  0.944 -2.570 -3.455
-999.0000000  290.000 342.773  0.642 -2.678 -1.687
-999.0000000  265.000 344.072  0.400 -3.013  0.622
-999.0000000  240.000 345.264  0.229 -3.943  3.086
-999.0000000  215.000 346.146  0.116 -5.609  4.952
-999.0000000  190.000 346.873  0.050 -7.614  5.601
-999.0000000  165.000 348.729  0.019 -8.983  5.141
-999.0000000  140.000 353.009  0.007 -8.146  3.395
-999.0000000  115.000 363.817  0.004 -5.275  0.812
-999.0000000   90.000 390.039  0.004 -1.403 -1.090
-999.0000000   65.000 440.802  0.003  3.134 -0.841
-999.0000000   40.000 530.956  0.013 -0.624  0.225
-999.0000000   15.000 720.156  0.065 -2.660  0.993
67.5  45   1007.20  day,levels,pres0
-999.0000000 1115.000 286.839 16.796 -1.439 -2.451
-999.0000000 1090.000 288.703 16.796 -1.439 -2.451
-999.0000000 1065.000 290.624 16.796 -1.439 -2.451
-999.0000000 1040.000 292.603 16.796 -1.439 -2.451
-999.0000000 1015.000 294.644 16.796 -1.439 -2.451
-999.0000000  990.000 296.751 16.796 -1.439 -2.451
-999.0000000  965.000 298.086 15.692 -1.610 -3.366
-999.0000000  940.000 299.339 14.985 -1.238 -3.836
-999.0000000  915.000 300.337 14.245 -0.743 -4.218
-999.0000000  890.000 301.400 13.650 -0.375 -4.582
-999.0000000  865.000 302.686 13.211 -0.153 -4.938
-999.0000000  840.000 304.189 12.729 -0.058 -5.202
-999.0000000  815.000 305.691 12.101 -0.170 -5.330
-999.0000000  790.000 307.108 11.374 -0.511 -5.237
-999.0000000  765.000 308.527 10.574 -0.952 -4.893
-999.0000000  740.000 309.979  9.719 -1.221 -4.405
-999.0000000  715.000 311.459  8.857 -1.208 -3.885
-999.0000000  690.000 312.876  8.098 -0.843 -3.416
-999.0000000  665.000 314.154  7.454 -0.069 -3.033
-999.0000000  640.000 315.295  6.870  0.698 -2.792
-999.0000000  615.000 316.337  6.398  1.335 -2.715
-999.0000000  590.000 317.878  5.983  1.701 -2.615
-999.0000000  565.000 320.051  5.627  1.686 -2.446
-999.0000000  540.000 322.209  5.253  1.296 -2.203
-999.0000000  515.000 324.186  4.822  0.520 -1.911
-999.0000000  490.000 326.321  4.352 -0.362 -1.739
-999.0000000  465.000 328.682  3.847 -1.230 -1.782
-999.0000000  440.000 331.073  3.320 -1.930 -2.090
-999.0000000  415.000 333.369  2.753 -2.393 -2.687
-999.0000000  390.000 335.495  2.189 -2.665 -3.479
-999.0000000  365.000 337.386  1.647 -2.735 -4.300
-999.0000000  340.000 339.098  1.214 -2.571 -4.730
-999.0000000  315.000 340.623  0.884 -2.201 -4.471
-999.0000000  290.000 341.948  0.598 -1.785 -3.348
-999.0000000  265.000 343.132  0.371 -1.607 -1.369
-999.0000000  240.000 344.329  0.213 -2.454  1.280
-999.0000000  215.000 345.423  0.109 -4.776  3.979
-999.0000000  190.000 346.448  0.049 -7.751  5.610
-999.0000000  165.000 348.666  0.018 -9.752  5.597
-999.0000000  140.000 353.260  0.006 -8.820  3.268
-999.0000000  115.000 364.451  0.004 -5.501 -0.087
-999.0000000   90.000 391.291  0.004 -1.271 -1.534
-999.0000000   65.000 441.743  0.002  3.343 -0.589
-999.0000000   40.000 531.721  0.013 -0.342  0.542
-999.0000000   15.000 720.043  0.064 -2.320  0.669
67.625  45   1007.52  day,levels,pres0
-999.0000000 1115.000 287.768 15.960  -1.585 -2.158
-999.0000000 1090.000 289.639 15.960  -1.585 -2.158
-999.0000000 1065.000 291.565 15.960  -1.585 -2.158
-999.0000000 1040.000 293.551 15.960  -1.585 -2.158
-999.0000000 1015.000 295.599 15.960  -1.585 -2.158
-999.0000000  990.000 297.713 15.960  -1.585 -2.158
-999.0000000  965.000 298.466 15.189  -1.805 -2.812
-999.0000000  940.000 299.390 14.557  -1.699 -3.282
-999.0000000  915.000 300.321 13.888  -1.474 -3.764
-999.0000000  890.000 301.244 13.444  -1.190 -4.095
-999.0000000  865.000 302.497 12.831  -0.888 -4.317
-999.0000000  840.000 304.136 12.030  -0.522 -4.458
-999.0000000  815.000 305.718 11.394  -0.290 -4.366
-999.0000000  790.000 307.198 10.806  -0.332 -3.926
-999.0000000  765.000 308.688 10.130  -0.485 -3.342
-999.0000000  740.000 310.183  9.390  -0.547 -2.905
-999.0000000  715.000 311.675  8.646  -0.440 -2.716
-999.0000000  690.000 313.115  7.980  -0.171 -2.753
-999.0000000  665.000 314.454  7.407   0.274 -3.044
-999.0000000  640.000 315.738  6.876   0.682 -3.337
-999.0000000  615.000 316.995  6.423   0.979 -3.551
-999.0000000  590.000 318.579  6.014   1.095 -3.571
-999.0000000  565.000 320.565  5.648   0.962 -3.340
-999.0000000  540.000 322.582  5.276   0.556 -2.975
-999.0000000  515.000 324.543  4.877  -0.153 -2.528
-999.0000000  490.000 326.688  4.411  -1.003 -2.190
-999.0000000  465.000 329.057  3.870  -1.899 -2.049
-999.0000000  440.000 331.458  3.305  -2.593 -2.123
-999.0000000  415.000 333.771  2.702  -2.972 -2.434
-999.0000000  390.000 335.955  2.117  -3.056 -2.910
-999.0000000  365.000 337.927  1.565  -2.859 -3.415
-999.0000000  340.000 339.632  1.153  -2.481 -3.567
-999.0000000  315.000 341.068  0.869  -2.026 -3.108
-999.0000000  290.000 342.417  0.607  -1.681 -1.895
-999.0000000  265.000 343.753  0.387  -1.690  0.029
-999.0000000  240.000 344.921  0.223  -2.655  2.295
-999.0000000  215.000 345.725  0.112  -5.070  4.405
-999.0000000  190.000 346.582  0.049  -8.310  5.728
-999.0000000  165.000 348.855  0.018 -10.144  5.323
-999.0000000  140.000 353.456  0.006  -8.345  2.467
-999.0000000  115.000 364.461  0.004  -4.477 -0.857
-999.0000000   90.000 390.982  0.004  -0.598 -1.925
-999.0000000   65.000 441.045  0.002   3.587 -1.010
-999.0000000   40.000 531.433  0.013  -0.283  0.267
-999.0000000   15.000 720.059  0.064  -2.214  0.508
67.75  45   1002.88  day,levels,pres0
-999.0000000 1115.000 288.673 14.896  -1.726 -1.860
-999.0000000 1090.000 290.549 14.896  -1.726 -1.860
-999.0000000 1065.000 292.482 14.896  -1.726 -1.860
-999.0000000 1040.000 294.474 14.896  -1.726 -1.860
-999.0000000 1015.000 296.528 14.896  -1.726 -1.860
-999.0000000  990.000 298.648 14.896  -1.726 -1.860
-999.0000000  965.000 298.819 14.599  -1.975 -2.161
-999.0000000  940.000 299.434 14.108  -2.156 -2.545
-999.0000000  915.000 300.315 13.544  -2.234 -3.134
-999.0000000  890.000 301.108 13.270  -2.055 -3.469
-999.0000000  865.000 302.331 12.487  -1.679 -3.598
-999.0000000  840.000 304.100 11.356  -1.036 -3.684
-999.0000000  815.000 305.748 10.689  -0.460 -3.436
-999.0000000  790.000 307.284 10.225  -0.231 -2.641
-999.0000000  765.000 308.844  9.673  -0.113 -1.787
-999.0000000  740.000 310.389  9.053   0.038 -1.372
-999.0000000  715.000 311.897  8.435   0.257 -1.490
-999.0000000  690.000 313.363  7.864   0.457 -2.012
-999.0000000  665.000 314.761  7.360   0.609 -2.967
-999.0000000  640.000 316.188  6.882   0.675 -3.823
-999.0000000  615.000 317.666  6.450   0.632 -4.405
-999.0000000  590.000 319.296  6.049   0.493 -4.581
-999.0000000  565.000 321.097  5.680   0.228 -4.277
-999.0000000  540.000 322.976  5.313  -0.201 -3.787
-999.0000000  515.000 324.925  4.948  -0.840 -3.195
-999.0000000  490.000 327.085  4.487  -1.655 -2.689
-999.0000000  465.000 329.468  3.908  -2.580 -2.343
-999.0000000  440.000 331.878  3.303  -3.271 -2.170
-999.0000000  415.000 334.206  2.657  -3.567 -2.188
-999.0000000  390.000 336.441  2.045  -3.465 -2.324
-999.0000000  365.000 338.487  1.475  -2.998 -2.473
-999.0000000  340.000 340.175  1.085  -2.401 -2.324
-999.0000000  315.000 341.506  0.850  -1.852 -1.668
-999.0000000  290.000 342.857  0.613  -1.573 -0.386
-999.0000000  265.000 344.314  0.400  -1.774  1.446
-999.0000000  240.000 345.424  0.233  -2.863  3.301
-999.0000000  215.000 345.916  0.114  -5.374  4.816
-999.0000000  190.000 346.599  0.049  -8.878  5.834
-999.0000000  165.000 348.970  0.017 -10.529  5.035
-999.0000000  140.000 353.654  0.005  -7.861  1.665
-999.0000000  115.000 364.483  0.004  -3.451 -1.627
-999.0000000   90.000 390.684  0.004   0.075 -2.316
-999.0000000   65.000 440.357  0.002   3.831 -1.432
-999.0000000   40.000 531.157  0.013  -0.225 -0.007
-999.0000000   15.000 720.093  0.064  -2.107  0.346
67.875  45   1001.39  day,levels,pres0
-999.0000000 1115.000 288.320 15.118  -2.600 -1.055
-999.0000000 1090.000 290.194 15.118  -2.600 -1.055
-999.0000000 1065.000 292.124 15.118  -2.600 -1.055
-999.0000000 1040.000 294.114 15.118  -2.600 -1.055
-999.0000000 1015.000 296.165 15.118  -2.600 -1.055
-999.0000000  990.000 298.283 15.118  -2.600 -1.055
-999.0000000  965.000 298.841 14.701  -3.278 -1.559
-999.0000000  940.000 299.584 14.120  -3.304 -2.283
-999.0000000  915.000 300.612 13.443  -3.147 -3.053
-999.0000000  890.000 301.675 12.961  -2.860 -3.499
-999.0000000  865.000 303.072 12.109  -2.443 -3.625
-999.0000000  840.000 304.799 11.124  -1.815 -3.531
-999.0000000  815.000 306.400 10.522  -1.179 -3.132
-999.0000000  790.000 307.884 10.058  -0.722 -2.446
-999.0000000  765.000 309.372  9.517  -0.343 -1.830
-999.0000000  740.000 310.857  8.921   0.002 -1.645
-999.0000000  715.000 312.344  8.321   0.329 -1.924
-999.0000000  690.000 313.814  7.732   0.584 -2.496
-999.0000000  665.000 315.240  7.156   0.741 -3.351
-999.0000000  640.000 316.695  6.622   0.839 -4.059
-999.0000000  615.000 318.188  6.145   0.864 -4.481
-999.0000000  590.000 319.799  5.754   0.766 -4.610
-999.0000000  565.000 321.540  5.463   0.494 -4.407
-999.0000000  540.000 323.366  5.156   0.020 -4.032
-999.0000000  515.000 325.268  4.834  -0.700 -3.523
-999.0000000  490.000 327.323  4.398  -1.630 -3.004
-999.0000000  465.000 329.527  3.836  -2.692 -2.546
-999.0000000  440.000 331.774  3.231  -3.511 -2.272
-999.0000000  415.000 333.992  2.573  -3.930 -2.247
-999.0000000  390.000 336.153  1.971  -4.032 -2.442
-999.0000000  365.000 338.160  1.427  -3.812 -2.700
-999.0000000  340.000 339.859  1.059  -3.249 -2.505
-999.0000000  315.000 341.233  0.838  -2.492 -1.608
-999.0000000  290.000 342.579  0.604  -2.030 -0.072
-999.0000000  265.000 343.971  0.390  -2.202  1.871
-999.0000000  240.000 345.068  0.225  -3.334  3.585
-999.0000000  215.000 345.703  0.110  -5.846  4.766
-999.0000000  190.000 346.640  0.048  -9.308  5.518
-999.0000000  165.000 349.156  0.018 -10.620  4.714
-999.0000000  140.000 353.914  0.006  -7.372  1.766
-999.0000000  115.000 364.694  0.004  -2.695 -1.060
-999.0000000   90.000 390.306  0.004   0.763 -1.815
-999.0000000   65.000 439.568  0.003   4.364 -1.233
-999.0000000   40.000 530.208  0.012  -0.561 -0.263
-999.0000000   15.000 719.618  0.063  -2.971  0.092
68.0  45   1004.32  day,levels,pres0
-999.0000000 1115.000 287.965 15.318  -3.470 -0.291
-999.0000000 1090.000 289.837 15.318  -3.470 -0.291
-999.0000000 1065.000 291.765 15.318  -3.470 -0.291
-999.0000000 1040.000 293.752 15.318  -3.470 -0.291
-999.0000000 1015.000 295.801 15.318  -3.470 -0.291
-999.0000000  990.000 297.916 15.318  -3.470 -0.291
-999.0000000  965.000 298.851 14.787  -4.584 -1.019
-999.0000000  940.000 299.729 14.121  -4.470 -2.092
-999.0000000  915.000 300.911 13.338  -4.106 -3.050
-999.0000000  890.000 302.253 12.627  -3.727 -3.587
-999.0000000  865.000 303.828 11.685  -3.283 -3.677
-999.0000000  840.000 305.508 10.859  -2.646 -3.385
-999.0000000  815.000 307.054 10.324  -1.902 -2.840
-999.0000000  790.000 308.489  9.865  -1.198 -2.237
-999.0000000  765.000 309.910  9.347  -0.550 -1.835
-999.0000000  740.000 311.339  8.785  -0.013 -1.875
-999.0000000  715.000 312.805  8.206   0.409 -2.323
-999.0000000  690.000 314.276  7.593   0.709 -2.946
-999.0000000  665.000 315.719  6.933   0.867 -3.697
-999.0000000  640.000 317.192  6.331   0.993 -4.260
-999.0000000  615.000 318.695  5.799   1.082 -4.525
-999.0000000  590.000 320.282  5.418   1.023 -4.619
-999.0000000  565.000 321.963  5.214   0.745 -4.533
-999.0000000  540.000 323.734  4.974   0.229 -4.276
-999.0000000  515.000 325.591  4.697  -0.570 -3.840
-999.0000000  490.000 327.536  4.292  -1.609 -3.307
-999.0000000  465.000 329.556  3.752  -2.806 -2.750
-999.0000000  440.000 331.644  3.150  -3.755 -2.389
-999.0000000  415.000 333.761  2.486  -4.307 -2.337
-999.0000000  390.000 335.857  1.898  -4.617 -2.596
-999.0000000  365.000 337.836  1.381  -4.636 -2.959
-999.0000000  340.000 339.556  1.035  -4.098 -2.709
-999.0000000  315.000 340.980  0.828  -3.121 -1.562
-999.0000000  290.000 342.326  0.597  -2.468  0.231
-999.0000000  265.000 343.661  0.381  -2.609  2.286
-999.0000000  240.000 344.755  0.218  -3.782  3.856
-999.0000000  215.000 345.539  0.107  -6.298  4.705
-999.0000000  190.000 346.718  0.047  -9.727  5.200
-999.0000000  165.000 349.357  0.019 -10.717  4.398
-999.0000000  140.000 354.168  0.006  -6.891  1.863
-999.0000000  115.000 364.900  0.004  -1.940 -0.495
-999.0000000   90.000 389.922  0.004   1.450 -1.314
-999.0000000   65.000 438.776  0.003   4.898 -1.034
-999.0000000   40.000 529.258  0.012  -0.897 -0.519
-999.0000000   15.000 719.140  0.062  -3.834 -0.163
68.125  45   1006.74  day,levels,pres0
-999.0000000 1115.000 287.652 15.623  -3.976 -0.835
-999.0000000 1090.000 289.522 15.623  -3.976 -0.835
-999.0000000 1065.000 291.448 15.623  -3.976 -0.835
-999.0000000 1040.000 293.432 15.623  -3.976 -0.835
-999.0000000 1015.000 295.479 15.623  -3.976 -0.835
-999.0000000  990.000 297.592 15.623  -3.976 -0.835
-999.0000000  965.000 298.943 14.888  -5.539 -1.945
-999.0000000  940.000 300.156 13.974  -5.665 -3.221
-999.0000000  915.000 301.414 13.017  -5.426 -4.326
-999.0000000  890.000 302.706 12.193  -5.100 -5.011
-999.0000000  865.000 304.122 11.357  -4.632 -5.063
-999.0000000  840.000 305.573 10.657  -3.952 -4.534
-999.0000000  815.000 306.935 10.127  -3.125 -3.751
-999.0000000  790.000 308.253  9.680  -2.232 -2.943
-999.0000000  765.000 309.565  9.254  -1.311 -2.308
-999.0000000  740.000 310.889  8.829  -0.429 -2.005
-999.0000000  715.000 312.260  8.385   0.379 -2.004
-999.0000000  690.000 313.680  7.860   1.079 -2.171
-999.0000000  665.000 315.134  7.231   1.640 -2.497
-999.0000000  640.000 316.646  6.597   2.117 -2.765
-999.0000000  615.000 318.212  5.949   2.483 -2.929
-999.0000000  590.000 319.853  5.455   2.635 -3.105
-999.0000000  565.000 321.560  5.132   2.489 -3.296
-999.0000000  540.000 323.334  4.839   2.036 -3.365
-999.0000000  515.000 325.165  4.579   1.211 -3.236
-999.0000000  490.000 327.089  4.191   0.044 -2.890
-999.0000000  465.000 329.096  3.669  -1.404 -2.379
-999.0000000  440.000 331.161  3.061  -2.722 -2.067
-999.0000000  415.000 333.258  2.369  -3.754 -2.133
-999.0000000  390.000 335.394  1.756  -4.573 -2.614
-999.0000000  365.000 337.468  1.216  -5.077 -3.253
-999.0000000  340.000 339.232  0.901  -4.929 -3.096
-999.0000000  315.000 340.616  0.760  -4.214 -1.809
-999.0000000  290.000 341.910  0.566  -3.712  0.149
-999.0000000  265.000 343.247  0.366  -3.978  2.235
-999.0000000  240.000 344.434  0.213  -5.375  3.564
-999.0000000  215.000 345.337  0.106  -7.934  4.079
-999.0000000  190.000 346.604  0.048 -10.599  4.566
-999.0000000  165.000 349.397  0.018 -10.184  4.014
-999.0000000  140.000 354.372  0.006  -5.516  1.955
-999.0000000  115.000 365.156  0.004  -0.878  0.360
-999.0000000   90.000 390.369  0.004   1.758  0.132
-999.0000000   65.000 439.398  0.003   4.985  0.153
-999.0000000   40.000 530.118  0.012  -0.549  0.119
-999.0000000   15.000 720.046  0.064  -3.234  0.085
68.25  45   1005.87  day,levels,pres0
-999.0000000 1115.000 287.333 15.898  -4.469 -1.363
-999.0000000 1090.000 289.201 15.898  -4.469 -1.363
-999.0000000 1065.000 291.124 15.898  -4.469 -1.363
-999.0000000 1040.000 293.107 15.898  -4.469 -1.363
-999.0000000 1015.000 295.152 15.898  -4.469 -1.363
-999.0000000  990.000 297.262 15.898  -4.469 -1.363
-999.0000000  965.000 299.026 14.974  -6.482 -2.859
-999.0000000  940.000 300.576 13.798  -6.839 -4.355
-999.0000000  915.000 301.915 12.657  -6.721 -5.620
-999.0000000  890.000 303.162 11.726  -6.452 -6.449
-999.0000000  865.000 304.421 11.018  -5.972 -6.463
-999.0000000  840.000 305.643 10.457  -5.266 -5.694
-999.0000000  815.000 306.820  9.936  -4.364 -4.679
-999.0000000  790.000 308.019  9.499  -3.281 -3.679
-999.0000000  765.000 309.221  9.160  -2.084 -2.817
-999.0000000  740.000 310.440  8.861  -0.856 -2.165
-999.0000000  715.000 311.716  8.541   0.342 -1.704
-999.0000000  690.000 313.082  8.096   1.442 -1.403
-999.0000000  665.000 314.547  7.497   2.403 -1.289
-999.0000000  640.000 316.100  6.836   3.228 -1.250
-999.0000000  615.000 317.733  6.085   3.865 -1.300
-999.0000000  590.000 319.429  5.487   4.224 -1.553
-999.0000000  565.000 321.167  5.054   4.210 -2.027
-999.0000000  540.000 322.943  4.709   3.819 -2.424
-999.0000000  515.000 324.750  4.466   2.969 -2.608
-999.0000000  490.000 326.648  4.093   1.679 -2.451
-999.0000000  465.000 328.638  3.587  -0.014 -1.986
-999.0000000  440.000 330.678  2.973  -1.695 -1.720
-999.0000000  415.000 332.752  2.255  -3.203 -1.899
-999.0000000  390.000 334.925  1.620  -4.530 -2.599
-999.0000000  365.000 337.096  1.056  -5.519 -3.513
-999.0000000  340.000 338.904  0.770  -5.761 -3.454
-999.0000000  315.000 340.244  0.695  -5.307 -2.036
-999.0000000  290.000 341.488  0.535  -4.958  0.079
-999.0000000  265.000 342.825  0.352  -5.349  2.191
-999.0000000  240.000 344.106  0.207  -6.971  3.272
-999.0000000  215.000 345.129  0.105  -9.571  3.454
-999.0000000  190.000 346.484  0.048 -11.470  3.935
-999.0000000  165.000 349.439  0.017  -9.643  3.636
-999.0000000  140.000 354.577  0.005  -4.138  2.053
-999.0000000  115.000 365.414  0.004   0.185  1.216
-999.0000000   90.000 390.817  0.004   2.065  1.577
-999.0000000   65.000 440.020  0.003   5.073  1.340
-999.0000000   40.000 530.979  0.013  -0.201  0.757
-999.0000000   15.000 720.949  0.067  -2.634  0.333
68.375  45   1005.28  day,levels,pres0
-999.0000000 1115.000 287.386 15.911  -4.019 -1.638
-999.0000000 1090.000 289.255 15.911  -4.019 -1.638
-999.0000000 1065.000 291.178 15.911  -4.019 -1.638
-999.0000000 1040.000 293.161 15.911  -4.019 -1.638
-999.0000000 1015.000 295.207 15.911  -4.019 -1.638
-999.0000000  990.000 297.318 15.911  -4.019 -1.638
-999.0000000  965.000 298.851 14.842  -6.058 -3.352
-999.0000000  940.000 300.490 13.655  -6.760 -5.044
-999.0000000  915.000 301.870 12.636  -6.816 -6.374
-999.0000000  890.000 303.164 11.747  -6.508 -6.980
-999.0000000  865.000 304.408 11.005  -5.944 -6.603
-999.0000000  840.000 305.598 10.412  -5.225 -5.592
-999.0000000  815.000 306.835  9.890  -4.333 -4.419
-999.0000000  790.000 308.131  9.477  -3.278 -3.323
-999.0000000  765.000 309.437  9.146  -2.131 -2.393
-999.0000000  740.000 310.749  8.799  -0.961 -1.678
-999.0000000  715.000 312.096  8.388   0.189 -1.140
-999.0000000  690.000 313.479  7.907   1.264 -0.719
-999.0000000  665.000 314.884  7.337   2.221 -0.436
-999.0000000  640.000 316.340  6.748   3.015 -0.285
-999.0000000  615.000 317.848  6.135   3.588 -0.320
-999.0000000  590.000 319.462  5.587   3.926 -0.657
-999.0000000  565.000 321.189  5.105   3.971 -1.309
-999.0000000  540.000 322.974  4.702   3.750 -1.845
-999.0000000  515.000 324.787  4.381   3.186 -2.089
-999.0000000  490.000 326.666  3.976   2.172 -1.961
-999.0000000  465.000 328.606  3.487   0.683 -1.513
-999.0000000  440.000 330.617  2.888  -0.935 -1.286
-999.0000000  415.000 332.694  2.183  -2.547 -1.553
-999.0000000  390.000 334.855  1.539  -4.079 -2.425
-999.0000000  365.000 336.984  0.949  -5.355 -3.628
-999.0000000  340.000 338.743  0.658  -5.966 -4.006
-999.0000000  315.000 340.034  0.593  -5.895 -3.100
-999.0000000  290.000 341.209  0.469  -5.753 -1.301
-999.0000000  265.000 342.455  0.328  -6.109  0.856
-999.0000000  240.000 343.650  0.201  -7.547  2.344
-999.0000000  215.000 344.752  0.101  -9.841  2.898
-999.0000000  190.000 346.537  0.042 -11.056  3.082
-999.0000000  165.000 349.936  0.013  -8.463  2.194
-999.0000000  140.000 355.008  0.005  -3.228  0.670
-999.0000000  115.000 365.449  0.004   0.045  0.397
-999.0000000   90.000 390.761  0.004   1.376  1.439
-999.0000000   65.000 439.966  0.003   4.604  1.942
-999.0000000   40.000 530.733  0.012  -0.479  1.142
-999.0000000   15.000 720.192  0.065  -2.981  0.558
68.5  45   1006.85  day,levels,pres0
-999.0000000 1115.000 287.441 15.924  -3.569 -1.921
-999.0000000 1090.000 289.309 15.924  -3.569 -1.921
-999.0000000 1065.000 291.233 15.924  -3.569 -1.921
-999.0000000 1040.000 293.217 15.924  -3.569 -1.921
-999.0000000 1015.000 295.262 15.924  -3.569 -1.921
-999.0000000  990.000 297.374 15.924  -3.569 -1.921
-999.0000000  965.000 298.677 14.712  -5.632 -3.850
-999.0000000  940.000 300.402 13.513  -6.680 -5.733
-999.0000000  915.000 301.827 12.617  -6.911 -7.130
-999.0000000  890.000 303.167 11.768  -6.563 -7.512
-999.0000000  865.000 304.395 10.992  -5.913 -6.739
-999.0000000  840.000 305.554 10.365  -5.183 -5.483
-999.0000000  815.000 306.846  9.840  -4.305 -4.153
-999.0000000  790.000 308.239  9.449  -3.280 -2.964
-999.0000000  765.000 309.649  9.127  -2.184 -1.971
-999.0000000  740.000 311.056  8.728  -1.071 -1.191
-999.0000000  715.000 312.476  8.222   0.033 -0.571
-999.0000000  690.000 313.877  7.703   1.085 -0.022
-999.0000000  665.000 315.226  7.167   2.044  0.434
-999.0000000  640.000 316.584  6.657   2.811  0.698
-999.0000000  615.000 317.965  6.187   3.325  0.676
-999.0000000  590.000 319.500  5.690   3.642  0.255
-999.0000000  565.000 321.215  5.157   3.743 -0.573
-999.0000000  540.000 323.005  4.695   3.690 -1.246
-999.0000000  515.000 324.825  4.295   3.405 -1.553
-999.0000000  490.000 326.682  3.858   2.662 -1.458
-999.0000000  465.000 328.571  3.386   1.374 -1.033
-999.0000000  440.000 330.554  2.803  -0.184 -0.847
-999.0000000  415.000 332.635  2.111  -1.902 -1.202
-999.0000000  390.000 334.785  1.459  -3.637 -2.243
-999.0000000  365.000 336.875  0.843  -5.199 -3.729
-999.0000000  340.000 338.587  0.547  -6.175 -4.545
-999.0000000  315.000 339.828  0.494  -6.483 -4.153
-999.0000000  290.000 340.931  0.404  -6.548 -2.675
-999.0000000  265.000 342.082  0.305  -6.869 -0.476
-999.0000000  240.000 343.187  0.194  -8.123  1.416
-999.0000000  215.000 344.371  0.096 -10.111  2.342
-999.0000000  190.000 346.585  0.036 -10.644  2.229
-999.0000000  165.000 350.438  0.009  -7.287  0.752
-999.0000000  140.000 355.441  0.004  -2.319 -0.712
-999.0000000  115.000 365.483  0.004  -0.095 -0.422
-999.0000000   90.000 390.708  0.004   0.687  1.301
-999.0000000   65.000 439.909  0.003   4.135  2.545
-999.0000000   40.000 530.487  0.012  -0.757  1.528
-999.0000000   15.000 719.432  0.063  -3.328  0.784
68.625  45   1006.34  day,levels,pres0
-999.0000000 1115.000 290.129 15.742 -3.472 -1.948
-999.0000000 1090.000 292.015 15.742 -3.472 -1.948
-999.0000000 1065.000 293.957 15.742 -3.472 -1.948
-999.0000000 1040.000 295.959 15.742 -3.472 -1.948
-999.0000000 1015.000 298.024 15.742 -3.472 -1.948
-999.0000000  990.000 300.155 15.742 -3.472 -1.948
-999.0000000  965.000 300.730 14.798 -4.864 -3.106
-999.0000000  940.000 301.556 14.036 -5.533 -4.117
-999.0000000  915.000 302.330 13.686 -5.779 -4.895
-999.0000000  890.000 303.182 13.301 -5.705 -5.187
-999.0000000  865.000 304.194 12.301 -5.366 -4.870
-999.0000000  840.000 305.285 11.290 -4.890 -4.235
-999.0000000  815.000 306.362 10.635 -4.301 -3.468
-999.0000000  790.000 307.748  9.760 -3.595 -2.633
-999.0000000  765.000 309.403  8.975 -2.716 -1.748
-999.0000000  740.000 311.031  8.510 -1.677 -0.990
-999.0000000  715.000 312.528  8.257 -0.556 -0.420
-999.0000000  690.000 313.978  7.898  0.519  0.065
-999.0000000  665.000 315.364  7.424  1.500  0.442
-999.0000000  640.000 316.772  6.929  2.325  0.603
-999.0000000  615.000 318.219  6.426  2.939  0.464
-999.0000000  590.000 319.836  5.902  3.358  0.027
-999.0000000  565.000 321.653  5.348  3.540 -0.661
-999.0000000  540.000 323.564  4.827  3.482 -1.035
-999.0000000  515.000 325.522  4.323  3.093 -0.916
-999.0000000  490.000 327.521  3.770  2.215 -0.557
-999.0000000  465.000 329.530  3.160  0.791 -0.173
-999.0000000  440.000 331.537  2.483 -0.845 -0.402
-999.0000000  415.000 333.496  1.742 -2.552 -1.495
-999.0000000  390.000 335.382  1.117 -4.179 -3.183
-999.0000000  365.000 337.115  0.608 -5.536 -4.987
-999.0000000  340.000 338.600  0.396 -6.278 -5.629
-999.0000000  315.000 339.827  0.396 -6.358 -4.650
-999.0000000  290.000 341.012  0.356 -6.220 -2.668
-999.0000000  265.000 342.234  0.295 -6.343 -0.281
-999.0000000  240.000 343.380  0.192 -7.408  1.588
-999.0000000  215.000 344.769  0.086 -9.233  2.306
-999.0000000  190.000 347.303  0.027 -9.566  1.790
-999.0000000  165.000 351.047  0.007 -6.205  0.301
-999.0000000  140.000 355.554  0.004 -1.368 -0.632
-999.0000000  115.000 365.268  0.004  0.738  0.015
-999.0000000   90.000 390.348  0.004  1.136  1.624
-999.0000000   65.000 439.636  0.003  3.888  2.557
-999.0000000   40.000 531.069  0.013 -0.961  1.668
-999.0000000   15.000 721.158  0.067 -3.325  0.938
68.75  45   1002.33  day,levels,pres0
-999.0000000 1115.000 292.818 14.901 -3.361 -1.994
-999.0000000 1090.000 294.721 14.901 -3.361 -1.994
-999.0000000 1065.000 296.682 14.901 -3.361 -1.994
-999.0000000 1040.000 298.702 14.901 -3.361 -1.994
-999.0000000 1015.000 300.786 14.901 -3.361 -1.994
-999.0000000  990.000 302.937 14.901 -3.361 -1.994
-999.0000000  965.000 302.784 14.618 -4.071 -2.388
-999.0000000  940.000 302.712 14.557 -4.360 -2.534
-999.0000000  915.000 302.837 14.813 -4.627 -2.698
-999.0000000  890.000 303.205 14.846 -4.840 -2.862
-999.0000000  865.000 303.998 13.581 -4.821 -2.958
-999.0000000  840.000 305.019 12.183 -4.600 -2.953
-999.0000000  815.000 305.876 11.371 -4.334 -2.771
-999.0000000  790.000 307.251 10.035 -3.979 -2.322
-999.0000000  765.000 309.147  8.816 -3.291 -1.554
-999.0000000  740.000 310.996  8.284 -2.293 -0.813
-999.0000000  715.000 312.574  8.288 -1.145 -0.284
-999.0000000  690.000 314.077  8.093 -0.041  0.148
-999.0000000  665.000 315.507  7.686  0.964  0.456
-999.0000000  640.000 316.967  7.212  1.850  0.521
-999.0000000  615.000 318.483  6.676  2.573  0.269
-999.0000000  590.000 320.187  6.128  3.098 -0.187
-999.0000000  565.000 322.107  5.553  3.354 -0.744
-999.0000000  540.000 324.140  4.969  3.288 -0.822
-999.0000000  515.000 326.238  4.350  2.793 -0.274
-999.0000000  490.000 328.376  3.664  1.779  0.351
-999.0000000  465.000 330.499  2.893  0.227  0.696
-999.0000000  440.000 332.522  2.108 -1.489  0.052
-999.0000000  415.000 334.355  1.323 -3.195 -1.787
-999.0000000  390.000 335.970  0.745 -4.722 -4.122
-999.0000000  365.000 337.342  0.364 -5.886 -6.236
-999.0000000  340.000 338.599  0.245 -6.393 -6.703
-999.0000000  315.000 339.812  0.299 -6.241 -5.141
-999.0000000  290.000 341.079  0.307 -5.898 -2.656
-999.0000000  265.000 342.378  0.284 -5.820 -0.083
-999.0000000  240.000 343.566  0.190 -6.692  1.761
-999.0000000  215.000 345.159  0.075 -8.353  2.273
-999.0000000  190.000 348.006  0.016 -8.486  1.348
-999.0000000  165.000 351.644  0.004 -5.125 -0.158
-999.0000000  140.000 355.666  0.004 -0.421 -0.556
-999.0000000  115.000 365.052  0.004  1.571  0.451
-999.0000000   90.000 389.987  0.005  1.585  1.948
-999.0000000   65.000 439.363  0.003  3.641  2.570
-999.0000000   40.000 531.653  0.013 -1.166  1.808
-999.0000000   15.000 722.885  0.071 -3.322  1.092
68.875  45   1000.84  day,levels,pres0
-999.0000000 1115.000 292.598 15.181 -3.181 -1.311
-999.0000000 1090.000 294.500 15.181 -3.181 -1.311
-999.0000000 1065.000 296.459 15.181 -3.181 -1.311
-999.0000000 1040.000 298.477 15.181 -3.181 -1.311
-999.0000000 1015.000 300.560 15.181 -3.181 -1.311
-999.0000000  990.000 302.709 15.181 -3.181 -1.311
-999.0000000  965.000 302.975 14.668 -4.078 -1.879
-999.0000000  940.000 303.003 14.589 -4.307 -2.133
-999.0000000  915.000 303.156 14.696 -4.453 -2.355
-999.0000000  890.000 303.543 14.629 -4.537 -2.586
-999.0000000  865.000 304.246 13.670 -4.393 -2.749
-999.0000000  840.000 305.126 12.451 -4.048 -2.778
-999.0000000  815.000 306.040 11.386 -3.753 -2.624
-999.0000000  790.000 307.482  9.922 -3.567 -2.203
-999.0000000  765.000 309.440  8.705 -3.200 -1.571
-999.0000000  740.000 311.244  8.217 -2.466 -0.972
-999.0000000  715.000 312.640  8.262 -1.447 -0.513
-999.0000000  690.000 313.966  8.104 -0.432 -0.087
-999.0000000  665.000 315.256  7.749  0.515  0.300
-999.0000000  640.000 316.600  7.316  1.361  0.536
-999.0000000  615.000 318.029  6.811  2.056  0.554
-999.0000000  590.000 319.666  6.275  2.535  0.352
-999.0000000  565.000 321.560  5.698  2.715 -0.024
-999.0000000  540.000 323.668  5.072  2.536 -0.098
-999.0000000  515.000 325.972  4.357  1.902  0.243
-999.0000000  490.000 328.376  3.558  0.817  0.594
-999.0000000  465.000 330.777  2.634 -0.697  0.628
-999.0000000  440.000 332.962  1.784 -2.267 -0.360
-999.0000000  415.000 334.809  1.041 -3.725 -2.534
-999.0000000  390.000 336.422  0.553 -4.962 -5.033
-999.0000000  365.000 337.814  0.297 -5.841 -7.059
-999.0000000  340.000 339.049  0.227 -6.151 -7.212
-999.0000000  315.000 340.160  0.276 -5.923 -5.230
-999.0000000  290.000 341.233  0.286 -5.617 -2.547
-999.0000000  265.000 342.325  0.267 -5.706 -0.091
-999.0000000  240.000 343.578  0.172 -6.862  1.606
-999.0000000  215.000 345.556  0.061 -8.826  2.272
-999.0000000  190.000 348.589  0.012 -9.316  1.816
-999.0000000  165.000 351.970  0.004 -6.363  0.651
-999.0000000  140.000 355.643  0.004 -1.753  0.097
-999.0000000  115.000 364.869  0.004  0.553  0.614
-999.0000000   90.000 389.589  0.004  1.000  1.583
-999.0000000   65.000 438.975  0.003  3.373  1.868
-999.0000000   40.000 531.142  0.013 -1.702  1.322
-999.0000000   15.000 722.480  0.070 -4.010  0.816
69.0  45   1003.84  day,levels,pres0
-999.0000000 1115.000 292.382 15.454  -2.996 -0.634
-999.0000000 1090.000 294.282 15.454  -2.996 -0.634
-999.0000000 1065.000 296.240 15.454  -2.996 -0.634
-999.0000000 1040.000 298.257 15.454  -2.996 -0.634
-999.0000000 1015.000 300.338 15.454  -2.996 -0.634
-999.0000000  990.000 302.485 15.454  -2.996 -0.634
-999.0000000  965.000 303.171 14.719  -4.084 -1.378
-999.0000000  940.000 303.295 14.618  -4.256 -1.741
-999.0000000  915.000 303.475 14.569  -4.284 -2.019
-999.0000000  890.000 303.880 14.395  -4.239 -2.297
-999.0000000  865.000 304.494 13.758  -3.971 -2.511
-999.0000000  840.000 305.233 12.724  -3.497 -2.589
-999.0000000  815.000 306.206 11.402  -3.181 -2.477
-999.0000000  790.000 307.715  9.807  -3.174 -2.098
-999.0000000  765.000 309.735  8.588  -3.120 -1.597
-999.0000000  740.000 311.492  8.145  -2.638 -1.138
-999.0000000  715.000 312.706  8.237  -1.743 -0.751
-999.0000000  690.000 313.856  8.116  -0.819 -0.332
-999.0000000  665.000 315.007  7.809   0.065  0.132
-999.0000000  640.000 316.237  7.413   0.866  0.538
-999.0000000  615.000 317.580  6.936   1.532  0.824
-999.0000000  590.000 319.152  6.410   1.967  0.872
-999.0000000  565.000 321.020  5.829   2.072  0.671
-999.0000000  540.000 323.205  5.169   1.784  0.600
-999.0000000  515.000 325.717  4.366   1.018  0.739
-999.0000000  490.000 328.387  3.455  -0.131  0.822
-999.0000000  465.000 331.062  2.366  -1.602  0.553
-999.0000000  440.000 333.405  1.440  -3.023 -0.778
-999.0000000  415.000 335.261  0.740  -4.233 -3.291
-999.0000000  390.000 336.867  0.348  -5.187 -5.957
-999.0000000  365.000 338.274  0.226  -5.792 -7.896
-999.0000000  340.000 339.484  0.208  -5.909 -7.735
-999.0000000  315.000 340.489  0.253  -5.606 -5.332
-999.0000000  290.000 341.373  0.265  -5.337 -2.446
-999.0000000  265.000 342.265  0.251  -5.591 -0.101
-999.0000000  240.000 343.592  0.153  -7.032  1.452
-999.0000000  215.000 345.958  0.046  -9.300  2.273
-999.0000000  190.000 349.174  0.008 -10.145  2.280
-999.0000000  165.000 352.288  0.004  -7.601  1.452
-999.0000000  140.000 355.618  0.005  -3.086  0.745
-999.0000000  115.000 364.685  0.004  -0.465  0.777
-999.0000000   90.000 389.191  0.004   0.415  1.219
-999.0000000   65.000 438.586  0.003   3.105  1.166
-999.0000000   40.000 530.630  0.012  -2.239  0.836
-999.0000000   15.000 722.078  0.069  -4.698  0.540
69.125  45   1005.62  day,levels,pres0
-999.0000000 1115.000 291.600 16.031  -4.235 -1.063
-999.0000000 1090.000 293.496 16.031  -4.235 -1.063
-999.0000000 1065.000 295.448 16.031  -4.235 -1.063
-999.0000000 1040.000 297.460 16.031  -4.235 -1.063
-999.0000000 1015.000 299.535 16.031  -4.235 -1.063
-999.0000000  990.000 301.677 16.031  -4.235 -1.063
-999.0000000  965.000 302.783 15.154  -6.123 -1.951
-999.0000000  940.000 303.112 14.586  -6.258 -2.511
-999.0000000  915.000 303.347 14.029  -5.900 -2.942
-999.0000000  890.000 303.745 13.439  -5.482 -3.311
-999.0000000  865.000 304.388 12.619  -5.020 -3.527
-999.0000000  840.000 305.235 11.563  -4.576 -3.451
-999.0000000  815.000 306.321 10.363  -4.319 -3.007
-999.0000000  790.000 307.830  9.092  -4.198 -2.251
-999.0000000  765.000 309.697  8.159  -3.900 -1.401
-999.0000000  740.000 311.337  7.860  -3.188 -0.673
-999.0000000  715.000 312.553  7.993  -2.139 -0.098
-999.0000000  690.000 313.715  7.922  -1.063  0.461
-999.0000000  665.000 314.872  7.667  -0.021  1.016
-999.0000000  640.000 316.142  7.305   0.932  1.502
-999.0000000  615.000 317.562  6.837   1.731  1.866
-999.0000000  590.000 319.132  6.323   2.230  2.003
-999.0000000  565.000 320.871  5.750   2.301  1.871
-999.0000000  540.000 322.805  5.095   1.885  1.676
-999.0000000  515.000 324.982  4.332   0.893  1.447
-999.0000000  490.000 327.503  3.471  -0.522  1.126
-999.0000000  465.000 330.298  2.419  -2.232  0.525
-999.0000000  440.000 332.812  1.502  -3.682 -0.926
-999.0000000  415.000 334.819  0.777  -4.667 -3.355
-999.0000000  390.000 336.570  0.357  -5.360 -6.057
-999.0000000  365.000 338.115  0.212  -5.759 -8.223
-999.0000000  340.000 339.441  0.176  -5.733 -8.243
-999.0000000  315.000 340.525  0.209  -5.355 -5.872
-999.0000000  290.000 341.415  0.231  -5.070 -2.926
-999.0000000  265.000 342.278  0.235  -5.436 -0.417
-999.0000000  240.000 343.577  0.152  -7.259  1.527
-999.0000000  215.000 345.779  0.058 -10.061  2.863
-999.0000000  190.000 348.718  0.020 -11.286  2.877
-999.0000000  165.000 351.668  0.007  -8.774  1.296
-999.0000000  140.000 355.161  0.005  -3.938  0.219
-999.0000000  115.000 364.885  0.004  -0.675  0.892
-999.0000000   90.000 390.163  0.004   0.945  1.720
-999.0000000   65.000 439.389  0.003   3.683  1.444
-999.0000000   40.000 530.386  0.012  -1.473  0.384
-999.0000000   15.000 720.494  0.065  -4.108 -0.005
69.25  45   1004.06  day,levels,pres0
-999.0000000 1115.000 290.815 16.504  -5.475 -1.503
-999.0000000 1090.000 292.706 16.504  -5.475 -1.503
-999.0000000 1065.000 294.652 16.504  -5.475 -1.503
-999.0000000 1040.000 296.659 16.504  -5.475 -1.503
-999.0000000 1015.000 298.729 16.504  -5.475 -1.503
-999.0000000  990.000 300.865 16.504  -5.475 -1.503
-999.0000000  965.000 302.386 15.540  -8.166 -2.530
-999.0000000  940.000 302.916 14.531  -8.250 -3.286
-999.0000000  915.000 303.206 13.474  -7.481 -3.872
-999.0000000  890.000 303.598 12.479  -6.669 -4.333
-999.0000000  865.000 304.278 11.484  -6.018 -4.556
-999.0000000  840.000 305.240 10.403  -5.619 -4.331
-999.0000000  815.000 306.445  9.315  -5.424 -3.551
-999.0000000  790.000 307.958  8.371  -5.194 -2.398
-999.0000000  765.000 309.670  7.738  -4.672 -1.171
-999.0000000  740.000 311.189  7.585  -3.748 -0.161
-999.0000000  715.000 312.407  7.759  -2.545  0.597
-999.0000000  690.000 313.578  7.736  -1.316  1.289
-999.0000000  665.000 314.739  7.531  -0.111  1.928
-999.0000000  640.000 316.050  7.200   0.998  2.490
-999.0000000  615.000 317.543  6.740   1.931  2.931
-999.0000000  590.000 319.110  6.236   2.492  3.161
-999.0000000  565.000 320.719  5.670   2.526  3.108
-999.0000000  540.000 322.402  5.018   1.978  2.787
-999.0000000  515.000 324.243  4.290   0.753  2.183
-999.0000000  490.000 326.617  3.475  -0.936  1.451
-999.0000000  465.000 329.528  2.460  -2.899  0.507
-999.0000000  440.000 332.214  1.557  -4.374 -1.064
-999.0000000  415.000 334.375  0.811  -5.118 -3.403
-999.0000000  390.000 336.276  0.365  -5.536 -6.139
-999.0000000  365.000 337.967  0.199  -5.721 -8.536
-999.0000000  340.000 339.413  0.144  -5.551 -8.740
-999.0000000  315.000 340.567  0.165  -5.100 -6.408
-999.0000000  290.000 341.458  0.196  -4.802 -3.405
-999.0000000  265.000 342.284  0.220  -5.282 -0.730
-999.0000000  240.000 343.554  0.151  -7.488  1.610
-999.0000000  215.000 345.601  0.070 -10.823  3.464
-999.0000000  190.000 348.271  0.031 -12.425  3.485
-999.0000000  165.000 351.052  0.010  -9.944  1.150
-999.0000000  140.000 354.701  0.005  -4.788 -0.297
-999.0000000  115.000 365.084  0.004  -0.885  1.008
-999.0000000   90.000 391.131  0.004   1.474  2.222
-999.0000000   65.000 440.193  0.002   4.261  1.722
-999.0000000   40.000 530.146  0.012  -0.707 -0.068
-999.0000000   15.000 718.911  0.062  -3.517 -0.550
69.375  45   1003.39  day,levels,pres0
-999.0000000 1115.000 290.235 16.803  -5.079 -1.307
-999.0000000 1090.000 292.122 16.803  -5.079 -1.307
-999.0000000 1065.000 294.065 16.803  -5.079 -1.307
-999.0000000 1040.000 296.068 16.803  -5.079 -1.307
-999.0000000 1015.000 298.133 16.803  -5.079 -1.307
-999.0000000  990.000 300.265 16.803  -5.079 -1.307
-999.0000000  965.000 301.582 15.649  -7.703 -2.490
-999.0000000  940.000 302.418 14.477  -8.168 -3.598
-999.0000000  915.000 302.934 13.459  -7.666 -4.498
-999.0000000  890.000 303.496 12.491  -6.982 -5.114
-999.0000000  865.000 304.267 11.493  -6.406 -5.224
-999.0000000  840.000 305.224 10.524  -6.074 -4.680
-999.0000000  815.000 306.362  9.606  -5.904 -3.653
-999.0000000  790.000 307.754  8.739  -5.641 -2.365
-999.0000000  765.000 309.326  8.060  -5.081 -1.030
-999.0000000  740.000 310.787  7.794  -4.127  0.138
-999.0000000  715.000 312.055  7.849  -2.894  1.106
-999.0000000  690.000 313.284  7.748  -1.630  2.016
-999.0000000  665.000 314.490  7.497  -0.386  2.867
-999.0000000  640.000 315.823  7.145   0.719  3.602
-999.0000000  615.000 317.320  6.692   1.589  4.150
-999.0000000  590.000 318.937  6.181   2.060  4.384
-999.0000000  565.000 320.654  5.591   1.986  4.207
-999.0000000  540.000 322.439  4.895   1.360  3.702
-999.0000000  515.000 324.343  4.090   0.121  2.871
-999.0000000  490.000 326.690  3.253  -1.471  1.915
-999.0000000  465.000 329.484  2.296  -3.223  0.794
-999.0000000  440.000 332.080  1.439  -4.510 -0.808
-999.0000000  415.000 334.221  0.717  -5.146 -2.997
-999.0000000  390.000 336.144  0.309  -5.535 -5.497
-999.0000000  365.000 337.872  0.188  -5.754 -7.649
-999.0000000  340.000 339.337  0.147  -5.601 -7.722
-999.0000000  315.000 340.470  0.160  -5.153 -5.444
-999.0000000  290.000 341.313  0.191  -4.956 -2.680
-999.0000000  265.000 342.090  0.218  -5.662 -0.346
-999.0000000  240.000 343.341  0.157  -8.071  1.797
-999.0000000  215.000 345.361  0.076 -11.336  3.643
-999.0000000  190.000 347.983  0.031 -12.473  3.578
-999.0000000  165.000 350.804  0.010  -9.548  1.129
-999.0000000  140.000 354.575  0.005  -4.689 -0.280
-999.0000000  115.000 364.908  0.004  -1.586  1.024
-999.0000000   90.000 390.799  0.004   0.454  2.262
-999.0000000   65.000 440.090  0.003   3.751  1.894
-999.0000000   40.000 530.244  0.012  -0.658  0.369
-999.0000000   15.000 719.369  0.063  -3.229 -0.024
69.5  45   1005.71  day,levels,pres0
-999.0000000 1115.000 289.655 17.054  -4.686 -1.113
-999.0000000 1090.000 291.538 17.054  -4.686 -1.113
-999.0000000 1065.000 293.477 17.054  -4.686 -1.113
-999.0000000 1040.000 295.475 17.054  -4.686 -1.113
-999.0000000 1015.000 297.537 17.054  -4.686 -1.113
-999.0000000  990.000 299.664 17.054  -4.686 -1.113
-999.0000000  965.000 300.779 15.706  -7.240 -2.452
-999.0000000  940.000 301.920 14.412  -8.086 -3.912
-999.0000000  915.000 302.663 13.440  -7.847 -5.125
-999.0000000  890.000 303.395 12.500  -7.291 -5.898
-999.0000000  865.000 304.257 11.500  -6.791 -5.895
-999.0000000  840.000 305.209 10.643  -6.526 -5.031
-999.0000000  815.000 306.279  9.892  -6.384 -3.758
-999.0000000  790.000 307.553  9.095  -6.090 -2.334
-999.0000000  765.000 308.981  8.365  -5.492 -0.887
-999.0000000  740.000 310.384  7.989  -4.507  0.439
-999.0000000  715.000 311.700  7.932  -3.245  1.619
-999.0000000  690.000 312.987  7.758  -1.943  2.746
-999.0000000  665.000 314.239  7.463  -0.662  3.807
-999.0000000  640.000 315.596  7.090   0.440  4.715
-999.0000000  615.000 317.096  6.643   1.247  5.371
-999.0000000  590.000 318.761  6.126   1.627  5.608
-999.0000000  565.000 320.588  5.511   1.446  5.309
-999.0000000  540.000 322.476  4.770   0.742  4.620
-999.0000000  515.000 324.444  3.885  -0.513  3.561
-999.0000000  490.000 326.765  3.027  -2.008  2.381
-999.0000000  465.000 329.439  2.133  -3.549  1.081
-999.0000000  440.000 331.944  1.323  -4.650 -0.551
-999.0000000  415.000 334.067  0.625  -5.176 -2.590
-999.0000000  390.000 336.010  0.254  -5.536 -4.855
-999.0000000  365.000 337.779  0.178  -5.788 -6.761
-999.0000000  340.000 339.259  0.151  -5.650 -6.704
-999.0000000  315.000 340.374  0.154  -5.206 -4.480
-999.0000000  290.000 341.166  0.186  -5.111 -1.955
-999.0000000  265.000 341.895  0.216  -6.042  0.038
-999.0000000  240.000 343.129  0.164  -8.654  1.985
-999.0000000  215.000 345.120  0.082 -11.847  3.823
-999.0000000  190.000 347.697  0.031 -12.520  3.671
-999.0000000  165.000 350.556  0.011  -9.150  1.109
-999.0000000  140.000 354.449  0.005  -4.589 -0.262
-999.0000000  115.000 364.730  0.004  -2.287  1.041
-999.0000000   90.000 390.467  0.004  -0.566  2.301
-999.0000000   65.000 439.988  0.003   3.242  2.066
-999.0000000   40.000 530.344  0.012  -0.609  0.806
-999.0000000   15.000 719.827  0.064  -2.942  0.502
69.625  45   1004.75  day,levels,pres0
-999.0000000 1115.000 290.705 16.303  -3.671 -1.905
-999.0000000 1090.000 292.594 16.303  -3.671 -1.905
-999.0000000 1065.000 294.540 16.303  -3.671 -1.905
-999.0000000 1040.000 296.546 16.303  -3.671 -1.905
-999.0000000 1015.000 298.615 16.303  -3.671 -1.905
-999.0000000  990.000 300.750 16.303  -3.671 -1.905
-999.0000000  965.000 301.362 15.474  -5.281 -2.950
-999.0000000  940.000 302.156 14.879  -5.839 -3.906
-999.0000000  915.000 302.958 14.391  -5.779 -4.656
-999.0000000  890.000 303.863 13.709  -5.458 -5.040
-999.0000000  865.000 304.795 12.927  -5.109 -4.941
-999.0000000  840.000 305.665 12.163  -4.911 -4.381
-999.0000000  815.000 306.658 11.291  -4.819 -3.535
-999.0000000  790.000 307.904 10.382  -4.644 -2.443
-999.0000000  765.000 309.432  9.431  -4.282 -1.201
-999.0000000  740.000 310.980  8.766  -3.612  0.124
-999.0000000  715.000 312.411  8.436  -2.690  1.473
-999.0000000  690.000 313.812  8.024  -1.759  2.747
-999.0000000  665.000 315.182  7.530  -0.890  3.874
-999.0000000  640.000 316.634  6.989  -0.264  4.660
-999.0000000  615.000 318.200  6.399   0.012  4.989
-999.0000000  590.000 319.931  5.771  -0.058  4.983
-999.0000000  565.000 321.825  5.076  -0.539  4.647
-999.0000000  540.000 323.753  4.351  -1.338  4.222
-999.0000000  515.000 325.696  3.585  -2.439  3.740
-999.0000000  490.000 327.852  2.806  -3.614  3.105
-999.0000000  465.000 330.211  1.979  -4.739  2.171
-999.0000000  440.000 332.432  1.243  -5.598  0.618
-999.0000000  415.000 334.361  0.617  -6.099 -1.594
-999.0000000  390.000 336.137  0.290  -6.350 -3.885
-999.0000000  365.000 337.740  0.221  -6.351 -5.630
-999.0000000  340.000 339.055  0.192  -6.037 -5.664
-999.0000000  315.000 340.045  0.189  -5.626 -3.831
-999.0000000  290.000 340.893  0.191  -5.840 -1.518
-999.0000000  265.000 341.856  0.192  -7.172  0.643
-999.0000000  240.000 343.318  0.141  -9.638  2.779
-999.0000000  215.000 345.410  0.071 -11.921  4.277
-999.0000000  190.000 347.916  0.029 -11.627  3.583
-999.0000000  165.000 350.560  0.013  -8.037  1.127
-999.0000000  140.000 354.414  0.006  -4.377  0.329
-999.0000000  115.000 364.943  0.004  -3.224  1.886
-999.0000000   90.000 390.722  0.004  -1.263  2.860
-999.0000000   65.000 439.704  0.003   2.991  2.450
-999.0000000   40.000 530.334  0.012  -0.125  0.686
-999.0000000   15.000 720.152  0.065  -2.812  0.247
69.75  45   1000.91  day,levels,pres0
-999.0000000 1115.000 291.760 15.342  -2.661 -2.703
-999.0000000 1090.000 293.657 15.342  -2.661 -2.703
-999.0000000 1065.000 295.610 15.342  -2.661 -2.703
-999.0000000 1040.000 297.623 15.342  -2.661 -2.703
-999.0000000 1015.000 299.699 15.342  -2.661 -2.703
-999.0000000  990.000 301.842 15.342  -2.661 -2.703
-999.0000000  965.000 301.953 15.197  -3.307 -3.444
-999.0000000  940.000 302.397 15.358  -3.572 -3.907
-999.0000000  915.000 303.256 15.376  -3.700 -4.224
-999.0000000  890.000 304.328 14.975  -3.628 -4.236
-999.0000000  865.000 305.330 14.431  -3.448 -4.040
-999.0000000  840.000 306.118 13.755  -3.325 -3.781
-999.0000000  815.000 307.033 12.745  -3.285 -3.348
-999.0000000  790.000 308.254 11.713  -3.227 -2.579
-999.0000000  765.000 309.882 10.545  -3.082 -1.527
-999.0000000  740.000 311.576  9.588  -2.712 -0.200
-999.0000000  715.000 313.124  8.968  -2.132  1.310
-999.0000000  690.000 314.641  8.296  -1.570  2.729
-999.0000000  665.000 316.128  7.577  -1.113  3.923
-999.0000000  640.000 317.676  6.841  -0.959  4.587
-999.0000000  615.000 319.308  6.083  -1.211  4.584
-999.0000000  590.000 321.104  5.324  -1.725  4.335
-999.0000000  565.000 323.064  4.531  -2.494  3.961
-999.0000000  540.000 325.031  3.824  -3.377  3.798
-999.0000000  515.000 326.950  3.205  -4.318  3.887
-999.0000000  490.000 328.938  2.535  -5.168  3.797
-999.0000000  465.000 330.980  1.799  -5.873  3.230
-999.0000000  440.000 332.916  1.155  -6.496  1.761
-999.0000000  415.000 334.654  0.608  -6.989 -0.613
-999.0000000  390.000 336.264  0.325  -7.147 -2.923
-999.0000000  365.000 337.702  0.263  -6.906 -4.504
-999.0000000  340.000 338.851  0.233  -6.421 -4.628
-999.0000000  315.000 339.720  0.221  -6.043 -3.186
-999.0000000  290.000 340.621  0.197  -6.564 -1.083
-999.0000000  265.000 341.821  0.167  -8.292  1.240
-999.0000000  240.000 343.512  0.117 -10.611  3.559
-999.0000000  215.000 345.702  0.060 -11.984  4.717
-999.0000000  190.000 348.130  0.028 -10.723  3.483
-999.0000000  165.000 350.550  0.015  -6.908  1.135
-999.0000000  140.000 354.368  0.007  -4.159  0.913
-999.0000000  115.000 365.153  0.004  -4.162  2.730
-999.0000000   90.000 390.978  0.004  -1.960  3.419
-999.0000000   65.000 439.420  0.003   2.740  2.835
-999.0000000   40.000 530.326  0.012   0.359  0.566
-999.0000000   15.000 720.478  0.065  -2.683 -0.009
69.875  45   1000.66  day,levels,pres0
-999.0000000 1115.000 290.906 16.241  -2.325 -1.839
-999.0000000 1090.000 292.797 16.241  -2.325 -1.839
-999.0000000 1065.000 294.745 16.241  -2.325 -1.839
-999.0000000 1040.000 296.752 16.241  -2.325 -1.839
-999.0000000 1015.000 298.822 16.241  -2.325 -1.839
-999.0000000  990.000 300.959 16.241  -2.325 -1.839
-999.0000000  965.000 301.531 15.807  -3.098 -2.597
-999.0000000  940.000 302.244 15.618  -3.539 -3.111
-999.0000000  915.000 303.266 15.265  -3.826 -3.507
-999.0000000  890.000 304.397 14.723  -3.849 -3.642
-999.0000000  865.000 305.413 14.143  -3.699 -3.583
-999.0000000  840.000 306.245 13.461  -3.560 -3.452
-999.0000000  815.000 307.163 12.550  -3.504 -3.169
-999.0000000  790.000 308.257 11.665  -3.495 -2.586
-999.0000000  765.000 309.634 10.690  -3.467 -1.727
-999.0000000  740.000 311.115  9.830  -3.296 -0.599
-999.0000000  715.000 312.567  9.165  -2.970  0.706
-999.0000000  690.000 314.024  8.495  -2.627  1.992
-999.0000000  665.000 315.471  7.818  -2.313  3.174
-999.0000000  640.000 316.951  7.132  -2.166  3.991
-999.0000000  615.000 318.477  6.440  -2.248  4.319
-999.0000000  590.000 320.175  5.746  -2.464  4.349
-999.0000000  565.000 322.080  5.032  -2.820  4.126
-999.0000000  540.000 324.111  4.348  -3.314  3.969
-999.0000000  515.000 326.228  3.673  -3.946  3.931
-999.0000000  490.000 328.377  2.969  -4.597  3.767
-999.0000000  465.000 330.492  2.225  -5.226  3.255
-999.0000000  440.000 332.486  1.545  -5.819  1.974
-999.0000000  415.000 334.284  0.942  -6.330 -0.142
-999.0000000  390.000 335.916  0.575  -6.630 -2.395
-999.0000000  365.000 337.346  0.413  -6.643 -4.214
-999.0000000  340.000 338.554  0.318  -6.368 -4.744
-999.0000000  315.000 339.578  0.271  -6.057 -3.745
-999.0000000  290.000 340.635  0.225  -6.458 -1.904
-999.0000000  265.000 341.942  0.183  -7.890  0.430
-999.0000000  240.000 343.715  0.139  -9.895  3.002
-999.0000000  215.000 346.012  0.086 -11.109  4.653
-999.0000000  190.000 348.626  0.040  -9.864  4.038
-999.0000000  165.000 351.261  0.019  -6.477  2.165
-999.0000000  140.000 354.963  0.008  -4.473  1.879
-999.0000000  115.000 365.121  0.004  -4.713  3.230
-999.0000000   90.000 390.455  0.004  -2.279  3.686
-999.0000000   65.000 439.354  0.003   2.534  2.673
-999.0000000   40.000 531.016  0.013  -0.153  1.243
-999.0000000   15.000 722.058  0.069  -3.380  0.819
70.0  45   1003.88  day,levels,pres0
-999.0000000 1115.000 290.048 16.988  -1.994 -0.993
-999.0000000 1090.000 291.934 16.988  -1.994 -0.993
-999.0000000 1065.000 293.875 16.988  -1.994 -0.993
-999.0000000 1040.000 295.877 16.988  -1.994 -0.993
-999.0000000 1015.000 297.941 16.988  -1.994 -0.993
-999.0000000  990.000 300.071 16.988  -1.994 -0.993
-999.0000000  965.000 301.103 16.362  -2.905 -1.775
-999.0000000  940.000 302.089 15.859  -3.513 -2.333
-999.0000000  915.000 303.277 15.150  -3.943 -2.797
-999.0000000  890.000 304.471 14.468  -4.041 -3.041
-999.0000000  865.000 305.502 13.848  -3.900 -3.102
-999.0000000  840.000 306.375 13.159  -3.739 -3.098
-999.0000000  815.000 307.296 12.351  -3.680 -2.967
-999.0000000  790.000 308.264 11.620  -3.731 -2.572
-999.0000000  765.000 309.392 10.832  -3.827 -1.910
-999.0000000  740.000 310.660 10.056  -3.859 -0.988
-999.0000000  715.000 312.018  9.344  -3.792  0.108
-999.0000000  690.000 313.414  8.671  -3.669  1.261
-999.0000000  665.000 314.819  8.030  -3.497  2.432
-999.0000000  640.000 316.230  7.386  -3.356  3.403
-999.0000000  615.000 317.648  6.745  -3.268  4.059
-999.0000000  590.000 319.246  6.101  -3.188  4.369
-999.0000000  565.000 321.090  5.453  -3.138  4.300
-999.0000000  540.000 323.182  4.797  -3.251  4.154
-999.0000000  515.000 325.497  4.088  -3.583  3.992
-999.0000000  490.000 327.807  3.367  -4.039  3.755
-999.0000000  465.000 329.995  2.620  -4.588  3.298
-999.0000000  440.000 332.050  1.912  -5.151  2.202
-999.0000000  415.000 333.914  1.259  -5.683  0.342
-999.0000000  390.000 335.572  0.813  -6.125 -1.854
-999.0000000  365.000 336.993  0.556  -6.391 -3.915
-999.0000000  340.000 338.264  0.399  -6.321 -4.853
-999.0000000  315.000 339.439  0.319  -6.076 -4.296
-999.0000000  290.000 340.646  0.253  -6.354 -2.715
-999.0000000  265.000 342.058  0.200  -7.487 -0.368
-999.0000000  240.000 343.914  0.161  -9.174  2.451
-999.0000000  215.000 346.324  0.113 -10.222  4.590
-999.0000000  190.000 349.131  0.054  -8.990  4.592
-999.0000000  165.000 351.977  0.022  -6.031  3.194
-999.0000000  140.000 355.552  0.009  -4.785  2.849
-999.0000000  115.000 365.088  0.004  -5.263  3.730
-999.0000000   90.000 389.932  0.004  -2.597  3.954
-999.0000000   65.000 439.291  0.003   2.327  2.511
-999.0000000   40.000 531.706  0.013  -0.666  1.919
-999.0000000   15.000 723.642  0.073  -4.077  1.647
70.125  45   1004.77  day,levels,pres0
-999.0000000 1115.000 289.924 17.646 -2.984 -0.477
-999.0000000 1090.000 291.809 17.646 -2.984 -0.477
-999.0000000 1065.000 293.750 17.646 -2.984 -0.477
-999.0000000 1040.000 295.750 17.646 -2.984 -0.477
-999.0000000 1015.000 297.813 17.646 -2.984 -0.477
-999.0000000  990.000 299.943 17.646 -2.984 -0.477
-999.0000000  965.000 301.373 16.902 -4.579 -1.235
-999.0000000  940.000 302.410 16.100 -5.124 -2.136
-999.0000000  915.000 303.389 15.195 -5.271 -3.053
-999.0000000  890.000 304.338 14.336 -5.088 -3.806
-999.0000000  865.000 305.237 13.555 -4.686 -4.298
-999.0000000  840.000 306.079 12.776 -4.266 -4.466
-999.0000000  815.000 306.974 11.975 -3.987 -4.251
-999.0000000  790.000 307.969 11.272 -3.875 -3.684
-999.0000000  765.000 309.138 10.606 -3.867 -2.839
-999.0000000  740.000 310.452  9.960 -3.878 -1.756
-999.0000000  715.000 311.863  9.331 -3.863 -0.526
-999.0000000  690.000 313.317  8.707 -3.826  0.735
-999.0000000  665.000 314.787  8.072 -3.764  1.986
-999.0000000  640.000 316.265  7.401 -3.688  3.025
-999.0000000  615.000 317.753  6.693 -3.600  3.751
-999.0000000  590.000 319.413  6.006 -3.513  4.197
-999.0000000  565.000 321.302  5.335 -3.455  4.350
-999.0000000  540.000 323.400  4.665 -3.537  4.435
-999.0000000  515.000 325.676  3.958 -3.792  4.450
-999.0000000  490.000 327.943  3.218 -4.097  4.160
-999.0000000  465.000 330.097  2.429 -4.422  3.353
-999.0000000  440.000 332.128  1.714 -4.777  1.752
-999.0000000  415.000 333.981  1.087 -5.147 -0.648
-999.0000000  390.000 335.646  0.677 -5.454 -3.119
-999.0000000  365.000 337.093  0.464 -5.606 -5.038
-999.0000000  340.000 338.377  0.347 -5.449 -5.430
-999.0000000  315.000 339.556  0.299 -5.191 -4.017
-999.0000000  290.000 340.806  0.250 -5.662 -1.575
-999.0000000  265.000 342.293  0.204 -7.162  1.334
-999.0000000  240.000 344.135  0.149 -9.039  3.917
-999.0000000  215.000 346.355  0.090 -9.896  4.795
-999.0000000  190.000 348.883  0.046 -8.518  3.337
-999.0000000  165.000 351.547  0.023 -5.834  1.374
-999.0000000  140.000 355.020  0.009 -4.943  1.286
-999.0000000  115.000 364.563  0.005 -5.525  2.380
-999.0000000   90.000 389.834  0.004 -2.801  2.651
-999.0000000   65.000 439.857  0.003  2.436  1.282
-999.0000000   40.000 531.944  0.013 -0.231  0.786
-999.0000000   15.000 723.293  0.072 -3.363  0.502
70.25  45   1003.58  day,levels,pres0
-999.0000000 1115.000 289.797 18.288 -3.978  0.025
-999.0000000 1090.000 291.681 18.288 -3.978  0.025
-999.0000000 1065.000 293.621 18.288 -3.978  0.025
-999.0000000 1040.000 295.621 18.288 -3.978  0.025
-999.0000000 1015.000 297.683 18.288 -3.978  0.025
-999.0000000  990.000 299.812 18.288 -3.978  0.025
-999.0000000  965.000 301.640 17.452 -6.261 -0.712
-999.0000000  940.000 302.729 16.341 -6.732 -1.953
-999.0000000  915.000 303.501 15.238 -6.586 -3.317
-999.0000000  890.000 304.207 14.205 -6.112 -4.572
-999.0000000  865.000 304.975 13.266 -5.438 -5.489
-999.0000000  840.000 305.785 12.401 -4.759 -5.824
-999.0000000  815.000 306.653 11.608 -4.266 -5.523
-999.0000000  790.000 307.677 10.934 -3.997 -4.784
-999.0000000  765.000 308.886 10.387 -3.893 -3.757
-999.0000000  740.000 310.246  9.866 -3.889 -2.515
-999.0000000  715.000 311.709  9.321 -3.928 -1.153
-999.0000000  690.000 313.221  8.744 -3.977  0.216
-999.0000000  665.000 314.755  8.115 -4.025  1.545
-999.0000000  640.000 316.301  7.417 -4.014  2.651
-999.0000000  615.000 317.859  6.640 -3.925  3.448
-999.0000000  590.000 319.581  5.907 -3.833  4.032
-999.0000000  565.000 321.513  5.211 -3.774  4.408
-999.0000000  540.000 323.617  4.528 -3.829  4.728
-999.0000000  515.000 325.853  3.825 -4.012  4.925
-999.0000000  490.000 328.077  3.065 -4.169  4.583
-999.0000000  465.000 330.197  2.236 -4.268  3.425
-999.0000000  440.000 332.204  1.514 -4.412  1.317
-999.0000000  415.000 334.045  0.912 -4.618 -1.626
-999.0000000  390.000 335.721  0.540 -4.788 -4.375
-999.0000000  365.000 337.193  0.370 -4.826 -6.154
-999.0000000  340.000 338.490  0.293 -4.579 -6.003
-999.0000000  315.000 339.670  0.279 -4.307 -3.735
-999.0000000  290.000 340.964  0.247 -4.972 -0.431
-999.0000000  265.000 342.527  0.209 -6.839  3.041
-999.0000000  240.000 344.356  0.137 -8.903  5.388
-999.0000000  215.000 346.389  0.067 -9.569  5.003
-999.0000000  190.000 348.644  0.039 -8.045  2.084
-999.0000000  165.000 351.124  0.023 -5.636 -0.443
-999.0000000  140.000 354.491  0.010 -5.102 -0.273
-999.0000000  115.000 364.036  0.005 -5.788  1.031
-999.0000000   90.000 389.739  0.004 -3.006  1.349
-999.0000000   65.000 440.424  0.003  2.545  0.052
-999.0000000   40.000 532.183  0.013  0.203 -0.346
-999.0000000   15.000 722.944  0.072 -2.649 -0.642
70.375  45   1003.36  day,levels,pres0
-999.0000000 1115.000 289.116 18.418 -3.541 -0.444
-999.0000000 1090.000 290.995 18.418 -3.541 -0.444
-999.0000000 1065.000 292.931 18.418 -3.541 -0.444
-999.0000000 1040.000 294.925 18.418 -3.541 -0.444
-999.0000000 1015.000 296.983 18.418 -3.541 -0.444
-999.0000000  990.000 299.107 18.418 -3.541 -0.444
-999.0000000  965.000 300.735 17.585 -5.595 -1.069
-999.0000000  940.000 302.041 16.514 -6.224 -1.966
-999.0000000  915.000 303.033 15.540 -6.071 -3.102
-999.0000000  890.000 303.917 14.644 -5.595 -4.264
-999.0000000  865.000 304.794 13.749 -5.030 -5.188
-999.0000000  840.000 305.680 12.833 -4.514 -5.608
-999.0000000  815.000 306.599 11.964 -4.147 -5.395
-999.0000000  790.000 307.623 11.222 -3.952 -4.696
-999.0000000  765.000 308.786 10.595 -3.879 -3.706
-999.0000000  740.000 310.077 10.013 -3.896 -2.530
-999.0000000  715.000 311.472  9.434 -3.968 -1.269
-999.0000000  690.000 312.912  8.831 -4.084 -0.026
-999.0000000  665.000 314.372  8.183 -4.242  1.156
-999.0000000  640.000 315.848  7.471 -4.373  2.170
-999.0000000  615.000 317.349  6.690 -4.458  2.951
-999.0000000  590.000 319.067  5.963 -4.531  3.538
-999.0000000  565.000 321.049  5.274 -4.599  3.919
-999.0000000  540.000 323.146  4.625 -4.673  4.222
-999.0000000  515.000 325.292  3.994 -4.740  4.402
-999.0000000  490.000 327.427  3.288 -4.710  4.174
-999.0000000  465.000 329.504  2.500 -4.583  3.329
-999.0000000  440.000 331.557  1.766 -4.544  1.719
-999.0000000  415.000 333.556  1.091 -4.646 -0.583
-999.0000000  390.000 335.483  0.656 -4.801 -2.768
-999.0000000  365.000 337.264  0.435 -4.947 -4.213
-999.0000000  340.000 338.822  0.323 -5.001 -4.118
-999.0000000  315.000 340.155  0.289 -5.138 -2.327
-999.0000000  290.000 341.468  0.252 -5.960  0.267
-999.0000000  265.000 342.921  0.214 -7.587  2.955
-999.0000000  240.000 344.556  0.149 -9.252  4.757
-999.0000000  215.000 346.339  0.082 -9.842  4.557
-999.0000000  190.000 348.345  0.043 -8.754  2.483
-999.0000000  165.000 350.623  0.023 -6.804  0.559
-999.0000000  140.000 353.882  0.010 -6.168  0.355
-999.0000000  115.000 363.637  0.005 -6.317  0.754
-999.0000000   90.000 389.810  0.004 -3.198  0.787
-999.0000000   65.000 440.542  0.003  2.596  0.124
-999.0000000   40.000 531.410  0.013  0.028 -0.020
-999.0000000   15.000 720.906  0.066 -2.790 -0.264
70.5  45   1005.47  day,levels,pres0
-999.0000000 1115.000 288.435 18.497  -3.105 -0.913
-999.0000000 1090.000 290.310 18.497  -3.105 -0.913
-999.0000000 1065.000 292.241 18.497  -3.105 -0.913
-999.0000000 1040.000 294.231 18.497  -3.105 -0.913
-999.0000000 1015.000 296.284 18.497  -3.105 -0.913
-999.0000000  990.000 298.403 18.497  -3.105 -0.913
-999.0000000  965.000 299.831 17.645  -4.929 -1.425
-999.0000000  940.000 301.354 16.637  -5.718 -1.974
-999.0000000  915.000 302.566 15.806  -5.556 -2.880
-999.0000000  890.000 303.627 15.060  -5.077 -3.948
-999.0000000  865.000 304.614 14.217  -4.621 -4.880
-999.0000000  840.000 305.576 13.259  -4.268 -5.384
-999.0000000  815.000 306.546 12.316  -4.028 -5.259
-999.0000000  790.000 307.569 11.506  -3.906 -4.602
-999.0000000  765.000 308.685 10.798  -3.865 -3.650
-999.0000000  740.000 309.910 10.154  -3.902 -2.542
-999.0000000  715.000 311.236  9.542  -4.008 -1.382
-999.0000000  690.000 312.604  8.911  -4.190 -0.267
-999.0000000  665.000 313.990  8.242  -4.459  0.768
-999.0000000  640.000 315.396  7.515  -4.733  1.690
-999.0000000  615.000 316.840  6.731  -4.991  2.455
-999.0000000  590.000 318.553  6.010  -5.227  3.044
-999.0000000  565.000 320.585  5.329  -5.423  3.430
-999.0000000  540.000 322.677  4.713  -5.518  3.717
-999.0000000  515.000 324.733  4.147  -5.468  3.879
-999.0000000  490.000 326.780  3.488  -5.251  3.766
-999.0000000  465.000 328.812  2.737  -4.900  3.233
-999.0000000  440.000 330.910  1.994  -4.677  2.121
-999.0000000  415.000 333.068  1.257  -4.676  0.462
-999.0000000  390.000 335.243  0.768  -4.814 -1.157
-999.0000000  365.000 337.334  0.501  -5.068 -2.269
-999.0000000  340.000 339.154  0.354  -5.423 -2.231
-999.0000000  315.000 340.639  0.300  -5.969 -0.919
-999.0000000  290.000 341.972  0.256  -6.948  0.966
-999.0000000  265.000 343.314  0.218  -8.334  2.870
-999.0000000  240.000 344.755  0.161  -9.601  4.127
-999.0000000  215.000 346.290  0.096 -10.115  4.112
-999.0000000  190.000 348.046  0.048  -9.463  2.881
-999.0000000  165.000 350.125  0.022  -7.971  1.561
-999.0000000  140.000 353.275  0.010  -7.235  0.984
-999.0000000  115.000 363.240  0.005  -6.846  0.478
-999.0000000   90.000 389.882  0.004  -3.391  0.225
-999.0000000   65.000 440.662  0.002   2.648  0.195
-999.0000000   40.000 530.635  0.012  -0.147  0.307
-999.0000000   15.000 718.874  0.062  -2.932  0.113
70.625  45   1004.13  day,levels,pres0
-999.0000000 1115.000 289.190 18.945 -2.495 -1.216
-999.0000000 1090.000 291.069 18.945 -2.495 -1.216
-999.0000000 1065.000 293.005 18.945 -2.495 -1.216
-999.0000000 1040.000 295.001 18.945 -2.495 -1.216
-999.0000000 1015.000 297.059 18.945 -2.495 -1.216
-999.0000000  990.000 299.183 18.945 -2.495 -1.216
-999.0000000  965.000 300.135 17.980 -3.789 -1.772
-999.0000000  940.000 301.326 16.999 -4.565 -2.303
-999.0000000  915.000 302.525 16.194 -4.722 -2.934
-999.0000000  890.000 303.623 15.404 -4.607 -3.630
-999.0000000  865.000 304.711 14.527 -4.366 -4.186
-999.0000000  840.000 305.787 13.596 -4.096 -4.407
-999.0000000  815.000 306.868 12.696 -3.886 -4.202
-999.0000000  790.000 307.994 11.886 -3.773 -3.661
-999.0000000  765.000 309.197 11.125 -3.748 -2.937
-999.0000000  740.000 310.471 10.390 -3.818 -2.120
-999.0000000  715.000 311.808  9.675 -3.968 -1.267
-999.0000000  690.000 313.155  8.946 -4.173 -0.406
-999.0000000  665.000 314.487  8.192 -4.434  0.460
-999.0000000  640.000 315.853  7.433 -4.670  1.313
-999.0000000  615.000 317.295  6.685 -4.851  2.123
-999.0000000  590.000 319.070  6.019 -4.966  2.774
-999.0000000  565.000 321.239  5.407 -4.987  3.196
-999.0000000  540.000 323.447  4.801 -4.888  3.405
-999.0000000  515.000 325.569  4.169 -4.648  3.350
-999.0000000  490.000 327.638  3.462 -4.334  2.987
-999.0000000  465.000 329.645  2.687 -3.999  2.258
-999.0000000  440.000 331.692  1.969 -3.817  1.207
-999.0000000  415.000 333.788  1.309 -3.866 -0.063
-999.0000000  390.000 335.911  0.872 -4.112 -1.105
-999.0000000  365.000 337.980  0.634 -4.551 -1.579
-999.0000000  340.000 339.854  0.491 -5.149 -1.115
-999.0000000  315.000 341.460  0.420 -5.910  0.296
-999.0000000  290.000 342.888  0.340 -6.857  2.036
-999.0000000  265.000 344.219  0.259 -7.912  3.587
-999.0000000  240.000 345.464  0.174 -8.778  4.280
-999.0000000  215.000 346.616  0.099 -9.151  3.582
-999.0000000  190.000 347.927  0.049 -8.918  1.823
-999.0000000  165.000 349.708  0.023 -8.439  0.129
-999.0000000  140.000 353.030  0.009 -8.572 -0.895
-999.0000000  115.000 363.392  0.005 -8.188 -1.233
-999.0000000   90.000 389.591  0.004 -4.328 -0.313
-999.0000000   65.000 439.852  0.003  2.208  0.537
-999.0000000   40.000 530.203  0.012 -0.318  0.794
-999.0000000   15.000 719.717  0.064 -2.805  0.199
70.75  45   1000.90  day,levels,pres0
-999.0000000 1115.000 289.940 19.378 -1.882 -1.508
-999.0000000 1090.000 291.824 19.378 -1.882 -1.508
-999.0000000 1065.000 293.765 19.378 -1.882 -1.508
-999.0000000 1040.000 295.766 19.378 -1.882 -1.508
-999.0000000 1015.000 297.829 19.378 -1.882 -1.508
-999.0000000  990.000 299.959 19.378 -1.882 -1.508
-999.0000000  965.000 300.433 18.307 -2.642 -2.122
-999.0000000  940.000 301.288 17.340 -3.397 -2.662
-999.0000000  915.000 302.469 16.556 -3.878 -3.032
-999.0000000  890.000 303.604 15.726 -4.129 -3.350
-999.0000000  865.000 304.793 14.821 -4.111 -3.510
-999.0000000  840.000 305.987 13.925 -3.927 -3.425
-999.0000000  815.000 307.185 13.076 -3.742 -3.121
-999.0000000  790.000 308.421 12.271 -3.634 -2.679
-999.0000000  765.000 309.714 11.459 -3.622 -2.168
-999.0000000  740.000 311.040 10.631 -3.725 -1.636
-999.0000000  715.000 312.388  9.807 -3.915 -1.096
-999.0000000  690.000 313.715  8.977 -4.144 -0.500
-999.0000000  665.000 314.992  8.134 -4.399  0.178
-999.0000000  640.000 316.319  7.344 -4.603  0.948
-999.0000000  615.000 317.759  6.635 -4.718  1.795
-999.0000000  590.000 319.598  6.026 -4.713  2.503
-999.0000000  565.000 321.900  5.486 -4.555  2.961
-999.0000000  540.000 324.226  4.888 -4.259  3.092
-999.0000000  515.000 326.414  4.183 -3.834  2.817
-999.0000000  490.000 328.501  3.423 -3.421  2.205
-999.0000000  465.000 330.479  2.623 -3.099  1.283
-999.0000000  440.000 332.471  1.935 -2.954  0.293
-999.0000000  415.000 334.500  1.360 -3.049 -0.586
-999.0000000  390.000 336.564  0.982 -3.400 -1.051
-999.0000000  365.000 338.611  0.777 -4.022 -0.892
-999.0000000  340.000 340.542  0.639 -4.863 -0.009
-999.0000000  315.000 342.278  0.552 -5.839  1.494
-999.0000000  290.000 343.814  0.433 -6.756  3.084
-999.0000000  265.000 345.143  0.305 -7.483  4.283
-999.0000000  240.000 346.194  0.189 -7.953  4.417
-999.0000000  215.000 346.955  0.101 -8.189  3.047
-999.0000000  190.000 347.815  0.051 -8.379  0.770
-999.0000000  165.000 349.286  0.023 -8.910 -1.297
-999.0000000  140.000 352.777  0.009 -9.908 -2.782
-999.0000000  115.000 363.540  0.004 -9.530 -2.947
-999.0000000   90.000 389.301  0.003 -5.265 -0.852
-999.0000000   65.000 439.040  0.003  1.768  0.880
-999.0000000   40.000 529.772  0.012 -0.488  1.282
-999.0000000   15.000 720.564  0.066 -2.678  0.285
70.875  45   1000.74  day,levels,pres0
-999.0000000 1115.000 289.373 19.232 -2.444 -0.995
-999.0000000 1090.000 291.254 19.232 -2.444 -0.995
-999.0000000 1065.000 293.191 19.232 -2.444 -0.995
-999.0000000 1040.000 295.188 19.232 -2.444 -0.995
-999.0000000 1015.000 297.247 19.232 -2.444 -0.995
-999.0000000  990.000 299.372 19.232 -2.444 -0.995
-999.0000000  965.000 300.155 18.084 -3.830 -1.588
-999.0000000  940.000 301.271 17.103 -4.807 -2.200
-999.0000000  915.000 302.489 16.245 -5.384 -2.706
-999.0000000  890.000 303.604 15.364 -5.645 -3.109
-999.0000000  865.000 304.728 14.510 -5.582 -3.349
-999.0000000  840.000 305.876 13.730 -5.323 -3.381
-999.0000000  815.000 307.048 13.013 -5.016 -3.224
-999.0000000  790.000 308.289 12.321 -4.751 -2.945
-999.0000000  765.000 309.629 11.593 -4.570 -2.607
-999.0000000  740.000 310.973 10.806 -4.514 -2.265
-999.0000000  715.000 312.286  9.986 -4.569 -1.933
-999.0000000  690.000 313.575  9.125 -4.695 -1.565
-999.0000000  665.000 314.817  8.214 -4.893 -1.138
-999.0000000  640.000 316.076  7.365 -5.072 -0.637
-999.0000000  615.000 317.404  6.604 -5.197 -0.069
-999.0000000  590.000 319.108  5.972 -5.221  0.411
-999.0000000  565.000 321.273  5.454 -5.104  0.733
-999.0000000  540.000 323.546  4.917 -4.840  0.855
-999.0000000  515.000 325.795  4.311 -4.423  0.731
-999.0000000  490.000 327.957  3.633 -3.976  0.404
-999.0000000  465.000 329.983  2.888 -3.565 -0.107
-999.0000000  440.000 331.984  2.220 -3.299 -0.646
-999.0000000  415.000 333.973  1.637 -3.248 -1.098
-999.0000000  390.000 335.959  1.221 -3.443 -1.264
-999.0000000  365.000 337.899  0.955 -3.902 -0.987
-999.0000000  340.000 339.733  0.766 -4.572 -0.153
-999.0000000  315.000 341.425  0.639 -5.387  1.228
-999.0000000  290.000 343.045  0.490 -6.193  2.883
-999.0000000  265.000 344.620  0.342 -6.887  4.518
-999.0000000  240.000 346.023  0.213 -7.402  5.568
-999.0000000  215.000 347.120  0.113 -7.760  5.424
-999.0000000  190.000 348.237  0.055 -8.086  4.060
-999.0000000  165.000 349.966  0.024 -8.586  2.060
-999.0000000  140.000 353.600  0.010 -9.355  0.177
-999.0000000  115.000 364.019  0.005 -8.943 -0.536
-999.0000000   90.000 389.239  0.003 -4.975  0.303
-999.0000000   65.000 438.520  0.003  1.985  0.829
-999.0000000   40.000 529.953  0.012 -0.799  0.905
-999.0000000   15.000 721.298  0.067 -3.111  0.283
71.0  45   1003.73  day,levels,pres0
-999.0000000 1115.000 288.792 19.045 -2.994 -0.458
-999.0000000 1090.000 290.669 19.045 -2.994 -0.458
-999.0000000 1065.000 292.603 19.045 -2.994 -0.458
-999.0000000 1040.000 294.595 19.045 -2.994 -0.458
-999.0000000 1015.000 296.650 19.045 -2.994 -0.458
-999.0000000  990.000 298.772 19.045 -2.994 -0.458
-999.0000000  965.000 299.859 17.832 -5.010 -1.045
-999.0000000  940.000 301.235 16.834 -6.214 -1.746
-999.0000000  915.000 302.491 15.903 -6.886 -2.388
-999.0000000  890.000 303.590 14.974 -7.150 -2.861
-999.0000000  865.000 304.651 14.179 -7.039 -3.156
-999.0000000  840.000 305.759 13.519 -6.699 -3.284
-999.0000000  815.000 306.910 12.939 -6.260 -3.264
-999.0000000  790.000 308.160 12.364 -5.835 -3.148
-999.0000000  765.000 309.548 11.725 -5.481 -2.991
-999.0000000  740.000 310.913 10.982 -5.265 -2.851
-999.0000000  715.000 312.191 10.165 -5.185 -2.744
-999.0000000  690.000 313.445  9.275 -5.212 -2.617
-999.0000000  665.000 314.653  8.297 -5.358 -2.451
-999.0000000  640.000 315.847  7.390 -5.521 -2.226
-999.0000000  615.000 317.062  6.579 -5.668 -1.938
-999.0000000  590.000 318.632  5.924 -5.722 -1.684
-999.0000000  565.000 320.659  5.423 -5.636 -1.498
-999.0000000  540.000 322.880  4.939 -5.403 -1.386
-999.0000000  515.000 325.187  4.426 -5.007 -1.361
-999.0000000  490.000 327.417  3.827 -4.534 -1.405
-999.0000000  465.000 329.489  3.134 -4.039 -1.506
-999.0000000  440.000 331.497  2.485 -3.652 -1.594
-999.0000000  415.000 333.443  1.892 -3.453 -1.616
-999.0000000  390.000 335.349  1.440 -3.487 -1.481
-999.0000000  365.000 337.185  1.116 -3.780 -1.089
-999.0000000  340.000 338.926  0.879 -4.278 -0.306
-999.0000000  315.000 340.578  0.714 -4.930  0.952
-999.0000000  290.000 342.281  0.540 -5.628  2.672
-999.0000000  265.000 344.101  0.376 -6.290  4.746
-999.0000000  240.000 345.852  0.236 -6.853  6.713
-999.0000000  215.000 347.280  0.126 -7.335  7.800
-999.0000000  190.000 348.652  0.059 -7.796  7.352
-999.0000000  165.000 350.638  0.026 -8.259  5.422
-999.0000000  140.000 354.417  0.010 -8.799  3.134
-999.0000000  115.000 364.498  0.005 -8.355  1.875
-999.0000000   90.000 389.180  0.004 -4.685  1.457
-999.0000000   65.000 438.003  0.003  2.202  0.779
-999.0000000   40.000 530.136  0.012 -1.110  0.528
-999.0000000   15.000 722.035  0.069 -3.544  0.280
71.125  45   1005.26  day,levels,pres0
-999.0000000 1115.000 288.133 18.345 -3.378 -0.406
-999.0000000 1090.000 290.006 18.345 -3.378 -0.406
-999.0000000 1065.000 291.935 18.345 -3.378 -0.406
-999.0000000 1040.000 293.923 18.345 -3.378 -0.406
-999.0000000 1015.000 295.973 18.345 -3.378 -0.406
-999.0000000  990.000 298.090 18.345 -3.378 -0.406
-999.0000000  965.000 299.373 17.269 -5.357 -0.945
-999.0000000  940.000 300.947 16.300 -6.198 -1.722
-999.0000000  915.000 302.284 15.391 -6.483 -2.479
-999.0000000  890.000 303.430 14.359 -6.551 -2.999
-999.0000000  865.000 304.503 13.420 -6.444 -3.200
-999.0000000  840.000 305.542 12.612 -6.201 -3.119
-999.0000000  815.000 306.573 11.926 -5.887 -2.867
-999.0000000  790.000 307.732 11.315 -5.558 -2.572
-999.0000000  765.000 309.058 10.723 -5.241 -2.328
-999.0000000  740.000 310.443 10.114 -4.994 -2.229
-999.0000000  715.000 311.819  9.483 -4.837 -2.277
-999.0000000  690.000 313.154  8.786 -4.788 -2.416
-999.0000000  665.000 314.410  8.008 -4.869 -2.644
-999.0000000  640.000 315.652  7.256 -4.979 -2.836
-999.0000000  615.000 316.915  6.554 -5.090 -2.937
-999.0000000  590.000 318.502  5.966 -5.120 -2.861
-999.0000000  565.000 320.511  5.493 -5.033 -2.554
-999.0000000  540.000 322.741  5.047 -4.860 -2.072
-999.0000000  515.000 325.106  4.585 -4.593 -1.448
-999.0000000  490.000 327.431  4.044 -4.231 -0.905
-999.0000000  465.000 329.631  3.408 -3.810 -0.545
-999.0000000  440.000 331.786  2.793 -3.526 -0.401
-999.0000000  415.000 333.880  2.209 -3.465 -0.461
-999.0000000  390.000 335.894  1.724 -3.599 -0.537
-999.0000000  365.000 337.768  1.336 -3.903 -0.491
-999.0000000  340.000 339.470  1.032 -4.269 -0.137
-999.0000000  315.000 341.008  0.804 -4.675  0.628
-999.0000000  290.000 342.549  0.583 -5.191  1.798
-999.0000000  265.000 344.193  0.389 -5.832  3.326
-999.0000000  240.000 345.788  0.237 -6.530  5.036
-999.0000000  215.000 347.017  0.124 -7.166  6.508
-999.0000000  190.000 347.977  0.056 -7.661  6.934
-999.0000000  165.000 349.574  0.023 -8.293  5.779
-999.0000000  140.000 353.446  0.009 -9.183  3.878
-999.0000000  115.000 364.010  0.005 -8.650  2.430
-999.0000000   90.000 389.412  0.004 -4.448  1.166
-999.0000000   65.000 438.573  0.003  2.551  0.530
-999.0000000   40.000 530.241  0.012 -0.510  0.226
-999.0000000   15.000 721.298  0.067 -2.990  0.571
71.25  45   1003.53  day,levels,pres0
-999.0000000 1115.000 287.464 17.649 -3.737 -0.337
-999.0000000 1090.000 289.333 17.649 -3.737 -0.337
-999.0000000 1065.000 291.257 17.649 -3.737 -0.337
-999.0000000 1040.000 293.241 17.649 -3.737 -0.337
-999.0000000 1015.000 295.286 17.649 -3.737 -0.337
-999.0000000  990.000 297.398 17.649 -3.737 -0.337
-999.0000000  965.000 298.872 16.698 -5.678 -0.835
-999.0000000  940.000 300.646 15.757 -6.158 -1.704
-999.0000000  915.000 302.067 14.872 -6.056 -2.593
-999.0000000  890.000 303.268 13.743 -5.928 -3.158
-999.0000000  865.000 304.355 12.669 -5.822 -3.250
-999.0000000  840.000 305.326 11.726 -5.671 -2.949
-999.0000000  815.000 306.241 10.950 -5.475 -2.452
-999.0000000  790.000 307.309 10.314 -5.239 -1.970
-999.0000000  765.000 308.573  9.772 -4.958 -1.634
-999.0000000  740.000 309.977  9.288 -4.679 -1.580
-999.0000000  715.000 311.449  8.827 -4.443 -1.796
-999.0000000  690.000 312.866  8.312 -4.321 -2.212
-999.0000000  665.000 314.170  7.727 -4.343 -2.845
-999.0000000  640.000 315.460  7.126 -4.410 -3.459
-999.0000000  615.000 316.772  6.532 -4.493 -3.946
-999.0000000  590.000 318.378  6.009 -4.504 -4.045
-999.0000000  565.000 320.369  5.564 -4.416 -3.611
-999.0000000  540.000 322.607  5.155 -4.308 -2.753
-999.0000000  515.000 325.030  4.746 -4.175 -1.523
-999.0000000  490.000 327.448  4.263 -3.928 -0.393
-999.0000000  465.000 329.774  3.687 -3.586  0.424
-999.0000000  440.000 332.075  3.111 -3.405  0.798
-999.0000000  415.000 334.319  2.541 -3.480  0.696
-999.0000000  390.000 336.442  2.026 -3.714  0.405
-999.0000000  365.000 338.357  1.571 -4.029  0.105
-999.0000000  340.000 340.021  1.195 -4.263  0.032
-999.0000000  315.000 341.445  0.899 -4.425  0.309
-999.0000000  290.000 342.824  0.628 -4.759  0.930
-999.0000000  265.000 344.285  0.402 -5.379  1.913
-999.0000000  240.000 345.721  0.237 -6.210  3.367
-999.0000000  215.000 346.740  0.122 -6.996  5.225
-999.0000000  190.000 347.281  0.053 -7.522  6.523
-999.0000000  165.000 348.493  0.021 -8.322  6.145
-999.0000000  140.000 352.467  0.008 -9.564  4.632
-999.0000000  115.000 363.522  0.005 -8.944  2.986
-999.0000000   90.000 389.645  0.004 -4.212  0.874
-999.0000000   65.000 439.145  0.003  2.900  0.281
-999.0000000   40.000 530.351  0.012  0.090 -0.076
-999.0000000   15.000 720.564  0.066 -2.435  0.862
71.375  45   1003.29  day,levels,pres0
-999.0000000 1115.000 287.282 17.482  -4.245 -1.126
-999.0000000 1090.000 289.149 17.482  -4.245 -1.126
-999.0000000 1065.000 291.072 17.482  -4.245 -1.126
-999.0000000 1040.000 293.055 17.482  -4.245 -1.126
-999.0000000 1015.000 295.099 17.482  -4.245 -1.126
-999.0000000  990.000 297.209 17.482  -4.245 -1.126
-999.0000000  965.000 298.468 16.656  -5.683 -1.687
-999.0000000  940.000 300.316 15.684  -6.206 -2.515
-999.0000000  915.000 301.944 14.714  -6.395 -3.409
-999.0000000  890.000 303.270 13.613  -6.403 -3.855
-999.0000000  865.000 304.427 12.504  -6.301 -3.625
-999.0000000  840.000 305.450 11.503  -6.119 -3.029
-999.0000000  815.000 306.432 10.701  -5.853 -2.348
-999.0000000  790.000 307.564 10.051  -5.495 -1.747
-999.0000000  765.000 308.873  9.500  -5.063 -1.352
-999.0000000  740.000 310.294  9.015  -4.641 -1.326
-999.0000000  715.000 311.758  8.562  -4.287 -1.647
-999.0000000  690.000 313.166  8.082  -4.060 -2.203
-999.0000000  665.000 314.465  7.568  -3.991 -2.997
-999.0000000  640.000 315.763  7.024  -3.960 -3.704
-999.0000000  615.000 317.097  6.469  -3.944 -4.178
-999.0000000  590.000 318.701  5.962  -3.915 -4.171
-999.0000000  565.000 320.648  5.504  -3.874 -3.542
-999.0000000  540.000 322.784  5.082  -3.878 -2.506
-999.0000000  515.000 325.047  4.667  -3.923 -1.149
-999.0000000  490.000 327.318  4.196  -3.894  0.060
-999.0000000  465.000 329.533  3.655  -3.787  0.908
-999.0000000  440.000 331.726  3.110  -3.777  1.288
-999.0000000  415.000 333.865  2.566  -3.935  1.176
-999.0000000  390.000 335.892  2.059  -4.228  0.865
-999.0000000  365.000 337.742  1.596  -4.594  0.536
-999.0000000  340.000 339.406  1.205  -4.858  0.426
-999.0000000  315.000 340.897  0.887  -5.025  0.630
-999.0000000  290.000 342.341  0.611  -5.352  1.067
-999.0000000  265.000 343.833  0.388  -5.994  1.706
-999.0000000  240.000 345.273  0.225  -6.962  2.632
-999.0000000  215.000 346.336  0.116  -7.998  3.817
-999.0000000  190.000 347.035  0.052  -8.795  4.703
-999.0000000  165.000 348.423  0.021  -9.908  4.773
-999.0000000  140.000 352.534  0.008 -11.139  4.095
-999.0000000  115.000 364.006  0.005  -9.731  2.694
-999.0000000   90.000 390.616  0.004  -4.008  0.588
-999.0000000   65.000 439.859  0.003   2.970  0.369
-999.0000000   40.000 530.592  0.012  -0.312  0.234
-999.0000000   15.000 720.152  0.065  -3.351  1.193
71.5  45   1005.44  day,levels,pres0
-999.0000000 1115.000 287.100 17.315  -4.764 -1.925
-999.0000000 1090.000 288.966 17.315  -4.764 -1.925
-999.0000000 1065.000 290.888 17.315  -4.764 -1.925
-999.0000000 1040.000 292.869 17.315  -4.764 -1.925
-999.0000000 1015.000 294.912 17.315  -4.764 -1.925
-999.0000000  990.000 297.021 17.315  -4.764 -1.925
-999.0000000  965.000 298.064 16.602  -5.698 -2.543
-999.0000000  940.000 299.985 15.604  -6.261 -3.313
-999.0000000  915.000 301.822 14.555  -6.735 -4.195
-999.0000000  890.000 303.272 13.478  -6.868 -4.510
-999.0000000  865.000 304.499 12.329  -6.765 -3.957
-999.0000000  840.000 305.573 11.268  -6.557 -3.077
-999.0000000  815.000 306.621 10.441  -6.227 -2.227
-999.0000000  790.000 307.818  9.776  -5.755 -1.525
-999.0000000  765.000 309.175  9.215  -5.179 -1.083
-999.0000000  740.000 310.612  8.729  -4.617 -1.090
-999.0000000  715.000 312.071  8.286  -4.146 -1.514
-999.0000000  690.000 313.471  7.844  -3.814 -2.206
-999.0000000  665.000 314.763  7.404  -3.651 -3.154
-999.0000000  640.000 316.068  6.918  -3.519 -3.951
-999.0000000  615.000 317.424  6.403  -3.403 -4.412
-999.0000000  590.000 319.025  5.912  -3.334 -4.301
-999.0000000  565.000 320.924  5.439  -3.340 -3.479
-999.0000000  540.000 322.959  5.005  -3.456 -2.266
-999.0000000  515.000 325.061  4.586  -3.679 -0.785
-999.0000000  490.000 327.185  4.127  -3.868  0.502
-999.0000000  465.000 329.286  3.621  -3.993  1.381
-999.0000000  440.000 331.375  3.106  -4.151  1.768
-999.0000000  415.000 333.406  2.586  -4.392  1.648
-999.0000000  390.000 335.339  2.086  -4.741  1.319
-999.0000000  365.000 337.121  1.616  -5.157  0.963
-999.0000000  340.000 338.787  1.211  -5.451  0.815
-999.0000000  315.000 340.343  0.875  -5.623  0.945
-999.0000000  290.000 341.857  0.594  -5.944  1.198
-999.0000000  265.000 343.382  0.374  -6.606  1.494
-999.0000000  240.000 344.832  0.214  -7.711  1.891
-999.0000000  215.000 345.944  0.110  -8.999  2.403
-999.0000000  190.000 346.799  0.051 -10.068  2.874
-999.0000000  165.000 348.358  0.020 -11.496  3.392
-999.0000000  140.000 352.600  0.008 -12.716  3.551
-999.0000000  115.000 364.490  0.005 -10.518  2.402
-999.0000000   90.000 391.587  0.004  -3.804  0.301
-999.0000000   65.000 440.573  0.003   3.039  0.457
-999.0000000   40.000 530.833  0.013  -0.714  0.544
-999.0000000   15.000 719.741  0.064  -4.266  1.524
71.625  45   1004.66  day,levels,pres0
-999.0000000 1115.000 288.300 16.865  -4.250 -2.181
-999.0000000 1090.000 290.174 16.865  -4.250 -2.181
-999.0000000 1065.000 292.104 16.865  -4.250 -2.181
-999.0000000 1040.000 294.093 16.865  -4.250 -2.181
-999.0000000 1015.000 296.145 16.865  -4.250 -2.181
-999.0000000  990.000 298.262 16.865  -4.250 -2.181
-999.0000000  965.000 298.797 16.240  -5.219 -2.789
-999.0000000  940.000 300.052 15.373  -5.808 -3.297
-999.0000000  915.000 301.627 14.385  -6.244 -3.720
-999.0000000  890.000 302.973 13.490  -6.349 -3.730
-999.0000000  865.000 304.176 12.498  -6.193 -3.235
-999.0000000  840.000 305.363 11.479  -5.865 -2.568
-999.0000000  815.000 306.476 10.760  -5.413 -1.978
-999.0000000  790.000 307.714 10.097  -4.925 -1.493
-999.0000000  765.000 309.168  9.327  -4.475 -1.130
-999.0000000  740.000 310.716  8.649  -4.084 -1.067
-999.0000000  715.000 312.259  8.138  -3.738 -1.333
-999.0000000  690.000 313.746  7.632  -3.393 -1.855
-999.0000000  665.000 315.138  7.135  -3.028 -2.639
-999.0000000  640.000 316.565  6.615  -2.564 -3.314
-999.0000000  615.000 318.061  6.084  -1.989 -3.736
-999.0000000  590.000 319.760  5.616  -1.473 -3.759
-999.0000000  565.000 321.689  5.209  -1.104 -3.301
-999.0000000  540.000 323.705  4.813  -1.016 -2.628
-999.0000000  515.000 325.743  4.414  -1.274 -1.836
-999.0000000  490.000 327.791  3.973  -1.728 -1.174
-999.0000000  465.000 329.818  3.490  -2.337 -0.743
-999.0000000  440.000 331.851  3.010  -3.002 -0.518
-999.0000000  415.000 333.866  2.539  -3.691 -0.446
-999.0000000  390.000 335.854  2.078  -4.399 -0.284
-999.0000000  365.000 337.758  1.634  -5.081  0.091
-999.0000000  340.000 339.503  1.234  -5.613  0.719
-999.0000000  315.000 341.054  0.889  -5.986  1.507
-999.0000000  290.000 342.501  0.599  -6.369  2.107
-999.0000000  265.000 343.902  0.373  -6.909  2.375
-999.0000000  240.000 345.143  0.207  -7.747  2.548
-999.0000000  215.000 345.966  0.101  -8.815  3.029
-999.0000000  190.000 346.522  0.047  -9.991  3.880
-999.0000000  165.000 347.949  0.019 -11.569  4.356
-999.0000000  140.000 352.581  0.008 -12.468  3.516
-999.0000000  115.000 365.069  0.004  -9.891  1.805
-999.0000000   90.000 391.969  0.003  -3.452  0.361
-999.0000000   65.000 440.588  0.003   2.833  0.672
-999.0000000   40.000 530.482  0.012  -0.709  0.599
-999.0000000   15.000 719.890  0.064  -3.943  0.952
71.75  45   1000.95  day,levels,pres0
-999.0000000 1115.000 289.507 16.211  -3.725 -2.387
-999.0000000 1090.000 291.388 16.211  -3.725 -2.387
-999.0000000 1065.000 293.326 16.211  -3.725 -2.387
-999.0000000 1040.000 295.324 16.211  -3.725 -2.387
-999.0000000 1015.000 297.384 16.211  -3.725 -2.387
-999.0000000  990.000 299.511 16.211  -3.725 -2.387
-999.0000000  965.000 299.535 15.803  -4.735 -3.004
-999.0000000  940.000 300.120 15.143  -5.356 -3.295
-999.0000000  915.000 301.431 14.217  -5.761 -3.305
-999.0000000  890.000 302.672 13.499  -5.847 -3.041
-999.0000000  865.000 303.855 12.661  -5.644 -2.597
-999.0000000  840.000 305.156 11.690  -5.187 -2.115
-999.0000000  815.000 306.335 11.077  -4.595 -1.768
-999.0000000  790.000 307.612 10.414  -4.082 -1.482
-999.0000000  765.000 309.161  9.438  -3.751 -1.179
-999.0000000  740.000 310.817  8.563  -3.529 -1.034
-999.0000000  715.000 312.443  7.981  -3.312 -1.143
-999.0000000  690.000 314.015  7.405  -2.961 -1.501
-999.0000000  665.000 315.507  6.844  -2.404 -2.129
-999.0000000  640.000 317.054  6.282  -1.616 -2.688
-999.0000000  615.000 318.693  5.725  -0.585 -3.071
-999.0000000  590.000 320.491  5.277   0.378 -3.225
-999.0000000  565.000 322.456  4.942   1.124 -3.126
-999.0000000  540.000 324.455  4.593   1.418 -2.988
-999.0000000  515.000 326.430  4.218   1.127 -2.878
-999.0000000  490.000 328.402  3.802   0.410 -2.838
-999.0000000  465.000 330.355  3.346  -0.681 -2.855
-999.0000000  440.000 332.333  2.907  -1.852 -2.794
-999.0000000  415.000 334.332  2.487  -2.991 -2.532
-999.0000000  390.000 336.375  2.069  -4.059 -1.882
-999.0000000  365.000 338.399  1.652  -5.011 -0.775
-999.0000000  340.000 340.225  1.258  -5.780  0.631
-999.0000000  315.000 341.770  0.902  -6.351  2.081
-999.0000000  290.000 343.149  0.604  -6.798  3.027
-999.0000000  265.000 344.422  0.371  -7.219  3.268
-999.0000000  240.000 345.449  0.198  -7.790  3.216
-999.0000000  215.000 345.976  0.092  -8.636  3.662
-999.0000000  190.000 346.233  0.043  -9.915  4.893
-999.0000000  165.000 347.533  0.018 -11.640  5.330
-999.0000000  140.000 352.555  0.008 -12.217  3.488
-999.0000000  115.000 365.648  0.004  -9.263  1.209
-999.0000000   90.000 392.351  0.003  -3.100  0.422
-999.0000000   65.000 440.603  0.003   2.628  0.887
-999.0000000   40.000 530.133  0.012  -0.704  0.654
-999.0000000   15.000 720.039  0.064  -3.620  0.380
71.875  45   1000.74  day,levels,pres0
-999.0000000 1115.000 288.907 16.454  -3.974 -2.156
-999.0000000 1090.000 290.785 16.454  -3.974 -2.156
-999.0000000 1065.000 292.719 16.454  -3.974 -2.156
-999.0000000 1040.000 294.713 16.454  -3.974 -2.156
-999.0000000 1015.000 296.769 16.454  -3.974 -2.156
-999.0000000  990.000 298.891 16.454  -3.974 -2.156
-999.0000000  965.000 299.379 15.922  -5.685 -3.090
-999.0000000  940.000 300.369 15.046  -6.739 -3.600
-999.0000000  915.000 301.735 14.098  -7.368 -3.749
-999.0000000  890.000 302.913 13.353  -7.543 -3.623
-999.0000000  865.000 304.097 12.463  -7.335 -3.320
-999.0000000  840.000 305.377 11.585  -6.818 -2.904
-999.0000000  815.000 306.617 10.950  -6.197 -2.539
-999.0000000  790.000 307.918 10.268  -5.678 -2.274
-999.0000000  765.000 309.414  9.377  -5.328 -2.091
-999.0000000  740.000 310.989  8.567  -5.047 -2.039
-999.0000000  715.000 312.546  7.962  -4.733 -2.130
-999.0000000  690.000 314.059  7.360  -4.276 -2.367
-999.0000000  665.000 315.496  6.765  -3.607 -2.760
-999.0000000  640.000 316.967  6.208  -2.701 -3.078
-999.0000000  615.000 318.499  5.703  -1.537 -3.240
-999.0000000  590.000 320.190  5.291  -0.386 -3.211
-999.0000000  565.000 322.058  4.978   0.620 -2.986
-999.0000000  540.000 324.000  4.647   1.214 -2.802
-999.0000000  515.000 325.963  4.285   1.247 -2.735
-999.0000000  490.000 327.924  3.876   0.814 -2.775
-999.0000000  465.000 329.851  3.419  -0.059 -2.881
-999.0000000  440.000 331.798  2.973  -1.074 -2.854
-999.0000000  415.000 333.771  2.543  -2.120 -2.542
-999.0000000  390.000 335.800  2.110  -3.131 -1.770
-999.0000000  365.000 337.828  1.677  -4.048 -0.492
-999.0000000  340.000 339.701  1.268  -4.790  1.055
-999.0000000  315.000 341.334  0.897  -5.325  2.574
-999.0000000  290.000 342.807  0.591  -5.703  3.511
-999.0000000  265.000 344.164  0.357  -6.042  3.730
-999.0000000  240.000 345.313  0.191  -6.645  3.911
-999.0000000  215.000 346.132  0.094  -7.789  5.070
-999.0000000  190.000 346.908  0.047  -9.586  7.158
-999.0000000  165.000 348.669  0.020 -11.618  7.959
-999.0000000  140.000 353.458  0.009 -11.991  5.864
-999.0000000  115.000 365.396  0.004  -8.747  2.888
-999.0000000   90.000 390.950  0.003  -2.538  1.116
-999.0000000   65.000 439.409  0.003   3.023  0.697
-999.0000000   40.000 529.998  0.012  -0.657  0.428
-999.0000000   15.000 721.142  0.067  -3.766  0.341
72.0  45   1003.61  day,levels,pres0
-999.0000000 1115.000 288.310 16.650  -4.231 -1.896
-999.0000000 1090.000 290.184 16.650  -4.231 -1.896
-999.0000000 1065.000 292.114 16.650  -4.231 -1.896
-999.0000000 1040.000 294.104 16.650  -4.231 -1.896
-999.0000000 1015.000 296.156 16.650  -4.231 -1.896
-999.0000000  990.000 298.273 16.650  -4.231 -1.896
-999.0000000  965.000 299.225 16.034  -6.649 -3.155
-999.0000000  940.000 300.618 14.937  -8.144 -3.905
-999.0000000  915.000 302.037 13.966  -8.990 -4.218
-999.0000000  890.000 303.150 13.198  -9.242 -4.246
-999.0000000  865.000 304.340 12.260  -9.031 -4.075
-999.0000000  840.000 305.602 11.483  -8.448 -3.706
-999.0000000  815.000 306.907 10.825  -7.794 -3.327
-999.0000000  790.000 308.232 10.122  -7.275 -3.091
-999.0000000  765.000 309.673  9.317  -6.912 -3.031
-999.0000000  740.000 311.166  8.574  -6.574 -3.070
-999.0000000  715.000 312.653  7.945  -6.164 -3.140
-999.0000000  690.000 314.104  7.316  -5.602 -3.252
-999.0000000  665.000 315.487  6.688  -4.822 -3.406
-999.0000000  640.000 316.882  6.136  -3.800 -3.479
-999.0000000  615.000 318.307  5.681  -2.505 -3.417
-999.0000000  590.000 319.890  5.302  -1.168 -3.203
-999.0000000  565.000 321.661  5.009   0.098 -2.850
-999.0000000  540.000 323.546  4.695   0.994 -2.616
-999.0000000  515.000 325.498  4.345   1.355 -2.593
-999.0000000  490.000 327.445  3.941   1.210 -2.712
-999.0000000  465.000 329.344  3.483   0.559 -2.907
-999.0000000  440.000 331.258  3.030  -0.300 -2.913
-999.0000000  415.000 333.203  2.590  -1.253 -2.553
-999.0000000  390.000 335.215  2.145  -2.208 -1.660
-999.0000000  365.000 337.250  1.697  -3.092 -0.213
-999.0000000  340.000 339.168  1.275  -3.808  1.476
-999.0000000  315.000 340.890  0.891  -4.308  3.066
-999.0000000  290.000 342.462  0.579  -4.617  3.996
-999.0000000  265.000 343.918  0.343  -4.872  4.195
-999.0000000  240.000 345.197  0.184  -5.505  4.608
-999.0000000  215.000 346.302  0.096  -6.943  6.479
-999.0000000  190.000 347.583  0.051  -9.254  9.419
-999.0000000  165.000 349.792  0.023 -11.587 10.585
-999.0000000  140.000 354.350  0.010 -11.762  8.236
-999.0000000  115.000 365.140  0.005  -8.231  4.567
-999.0000000   90.000 389.548  0.004  -1.976  1.810
-999.0000000   65.000 438.217  0.004   3.419  0.507
-999.0000000   40.000 529.865  0.012  -0.609  0.203
-999.0000000   15.000 722.244  0.070  -3.912  0.301
72.125  45   1005.46  day,levels,pres0
-999.0000000 1115.000 287.932 16.883  -4.573 -1.672
-999.0000000 1090.000 289.804 16.883  -4.573 -1.672
-999.0000000 1065.000 291.731 16.883  -4.573 -1.672
-999.0000000 1040.000 293.718 16.883  -4.573 -1.672
-999.0000000 1015.000 295.767 16.883  -4.573 -1.672
-999.0000000  990.000 297.882 16.883  -4.573 -1.672
-999.0000000  965.000 298.909 16.277  -7.227 -2.825
-999.0000000  940.000 300.287 15.102  -8.810 -3.653
-999.0000000  915.000 301.669 13.886  -9.666 -4.184
-999.0000000  890.000 302.805 12.898  -9.814 -4.355
-999.0000000  865.000 303.989 11.978  -9.393 -4.172
-999.0000000  840.000 305.266 11.210  -8.628 -3.789
-999.0000000  815.000 306.577 10.520  -7.837 -3.420
-999.0000000  790.000 307.914  9.880  -7.218 -3.152
-999.0000000  765.000 309.359  9.269  -6.805 -2.986
-999.0000000  740.000 310.873  8.696  -6.527 -2.874
-999.0000000  715.000 312.415  8.150  -6.273 -2.793
-999.0000000  690.000 313.936  7.581  -5.844 -2.770
-999.0000000  665.000 315.401  6.982  -5.142 -2.801
-999.0000000  640.000 316.878  6.429  -4.142 -2.715
-999.0000000  615.000 318.374  5.938  -2.806 -2.450
-999.0000000  590.000 319.991  5.523  -1.414 -2.057
-999.0000000  565.000 321.753  5.195  -0.082 -1.577
-999.0000000  540.000 323.615  4.821   0.937 -1.274
-999.0000000  515.000 325.541  4.386   1.492 -1.267
-999.0000000  490.000 327.458  3.907   1.562 -1.556
-999.0000000  465.000 329.320  3.381   1.119 -2.081
-999.0000000  440.000 331.186  2.896   0.407 -2.417
-999.0000000  415.000 333.055  2.457  -0.506 -2.303
-999.0000000  390.000 334.934  2.030  -1.585 -1.498
-999.0000000  365.000 336.803  1.622  -2.773 -0.001
-999.0000000  340.000 338.652  1.233  -3.899  1.654
-999.0000000  315.000 340.445  0.877  -4.829  3.116
-999.0000000  290.000 342.133  0.583  -5.437  4.088
-999.0000000  265.000 343.705  0.356  -5.781  4.550
-999.0000000  240.000 345.097  0.199  -6.311  5.183
-999.0000000  215.000 346.232  0.103  -7.536  7.027
-999.0000000  190.000 347.501  0.049  -9.596  9.738
-999.0000000  165.000 349.872  0.020 -11.730 10.730
-999.0000000  140.000 354.493  0.008 -11.973  8.271
-999.0000000  115.000 365.023  0.005  -8.710  4.288
-999.0000000   90.000 389.574  0.004  -2.412  1.281
-999.0000000   65.000 438.470  0.003   3.362  0.355
-999.0000000   40.000 530.038  0.012  -0.510 -0.003
-999.0000000   15.000 721.636  0.068  -3.841  0.140
72.25  45   1003.71  day,levels,pres0
-999.0000000 1115.000 287.553 17.093  -4.915 -1.447
-999.0000000 1090.000 289.422 17.093  -4.915 -1.447
-999.0000000 1065.000 291.347 17.093  -4.915 -1.447
-999.0000000 1040.000 293.331 17.093  -4.915 -1.447
-999.0000000 1015.000 295.378 17.093  -4.915 -1.447
-999.0000000  990.000 297.490 17.093  -4.915 -1.447
-999.0000000  965.000 298.593 16.503  -7.804 -2.494
-999.0000000  940.000 299.956 15.254  -9.476 -3.399
-999.0000000  915.000 301.302 13.801 -10.341 -4.149
-999.0000000  890.000 302.460 12.605 -10.387 -4.463
-999.0000000  865.000 303.637 11.703  -9.756 -4.268
-999.0000000  840.000 304.930 10.943  -8.809 -3.872
-999.0000000  815.000 306.247 10.224  -7.881 -3.513
-999.0000000  790.000 307.597  9.643  -7.163 -3.214
-999.0000000  765.000 309.046  9.217  -6.699 -2.940
-999.0000000  740.000 310.581  8.809  -6.481 -2.678
-999.0000000  715.000 312.178  8.346  -6.382 -2.446
-999.0000000  690.000 313.768  7.840  -6.085 -2.287
-999.0000000  665.000 315.317  7.272  -5.462 -2.195
-999.0000000  640.000 316.875  6.721  -4.483 -1.950
-999.0000000  615.000 318.442  6.196  -3.104 -1.481
-999.0000000  590.000 320.094  5.745  -1.658 -0.910
-999.0000000  565.000 321.845  5.382  -0.261 -0.303
-999.0000000  540.000 323.685  4.948   0.880  0.070
-999.0000000  515.000 325.585  4.428   1.629  0.059
-999.0000000  490.000 327.471  3.872   1.915 -0.400
-999.0000000  465.000 329.296  3.279   1.680 -1.254
-999.0000000  440.000 331.114  2.763   1.115 -1.920
-999.0000000  415.000 332.907  2.327   0.240 -2.052
-999.0000000  390.000 334.654  1.919  -0.963 -1.334
-999.0000000  365.000 336.355  1.549  -2.455  0.212
-999.0000000  340.000 338.136  1.193  -3.990  1.833
-999.0000000  315.000 339.998  0.862  -5.350  3.166
-999.0000000  290.000 341.803  0.587  -6.257  4.181
-999.0000000  265.000 343.491  0.368  -6.690  4.905
-999.0000000  240.000 344.995  0.213  -7.118  5.758
-999.0000000  215.000 346.163  0.109  -8.129  7.576
-999.0000000  190.000 347.418  0.047  -9.939 10.057
-999.0000000  165.000 349.951  0.017 -11.872 10.877
-999.0000000  140.000 354.635  0.007 -12.184  8.306
-999.0000000  115.000 364.908  0.004  -9.189  4.010
-999.0000000   90.000 389.599  0.005  -2.848  0.751
-999.0000000   65.000 438.723  0.003   3.305  0.202
-999.0000000   40.000 530.211  0.012  -0.411 -0.210
-999.0000000   15.000 721.032  0.067  -3.769 -0.020
72.375  45   1003.64  day,levels,pres0
-999.0000000 1115.000 287.751 16.895  -5.170 -1.044
-999.0000000 1090.000 289.621 16.895  -5.170 -1.044
-999.0000000 1065.000 291.548 16.895  -5.170 -1.044
-999.0000000 1040.000 293.533 16.895  -5.170 -1.044
-999.0000000 1015.000 295.581 16.895  -5.170 -1.044
-999.0000000  990.000 297.695 16.895  -5.170 -1.044
-999.0000000  965.000 298.586 16.282  -7.322 -1.820
-999.0000000  940.000 299.828 15.141  -8.852 -2.560
-999.0000000  915.000 301.180 13.709 -10.141 -3.360
-999.0000000  890.000 302.448 12.434 -10.782 -3.910
-999.0000000  865.000 303.645 11.565 -10.505 -3.882
-999.0000000  840.000 304.869 10.877  -9.743 -3.523
-999.0000000  815.000 306.101 10.269  -8.877 -3.129
-999.0000000  790.000 307.393  9.771  -8.131 -2.753
-999.0000000  765.000 308.797  9.371  -7.609 -2.395
-999.0000000  740.000 310.303  8.948  -7.354 -2.110
-999.0000000  715.000 311.887  8.457  -7.239 -1.931
-999.0000000  690.000 313.469  7.935  -6.893 -1.868
-999.0000000  665.000 315.013  7.366  -6.178 -1.920
-999.0000000  640.000 316.572  6.805  -5.136 -1.848
-999.0000000  615.000 318.145  6.259  -3.746 -1.576
-999.0000000  590.000 319.813  5.786  -2.338 -1.178
-999.0000000  565.000 321.593  5.398  -1.019 -0.692
-999.0000000  540.000 323.478  4.937   0.081 -0.341
-999.0000000  515.000 325.440  4.379   0.861 -0.270
-999.0000000  490.000 327.383  3.786   1.269 -0.666
-999.0000000  465.000 329.247  3.151   1.247 -1.499
-999.0000000  440.000 331.083  2.620   0.908 -2.103
-999.0000000  415.000 332.870  2.191   0.215 -2.126
-999.0000000  390.000 334.589  1.813  -0.940 -1.362
-999.0000000  365.000 336.237  1.488  -2.486  0.151
-999.0000000  340.000 337.943  1.149  -3.912  1.768
-999.0000000  315.000 339.724  0.818  -4.941  3.231
-999.0000000  290.000 341.498  0.553  -5.497  4.652
-999.0000000  265.000 343.231  0.348  -5.733  6.058
-999.0000000  240.000 344.835  0.201  -6.240  7.564
-999.0000000  215.000 346.147  0.098  -7.463  9.633
-999.0000000  190.000 347.541  0.040  -9.303 11.794
-999.0000000  165.000 350.147  0.015 -10.942 11.636
-999.0000000  140.000 354.870  0.006 -10.916  7.925
-999.0000000  115.000 365.242  0.004  -8.144  3.371
-999.0000000   90.000 389.928  0.004  -2.453  0.810
-999.0000000   65.000 438.747  0.003   3.314  0.769
-999.0000000   40.000 529.965  0.012  -0.213 -0.088
-999.0000000   15.000 720.498  0.065  -3.329 -0.390
72.5  45   1005.95  day,levels,pres0
-999.0000000 1115.000 287.946 16.683  -5.434 -0.642
-999.0000000 1090.000 289.817 16.683  -5.434 -0.642
-999.0000000 1065.000 291.745 16.683  -5.434 -0.642
-999.0000000 1040.000 293.732 16.683  -5.434 -0.642
-999.0000000 1015.000 295.781 16.683  -5.434 -0.642
-999.0000000  990.000 297.896 16.683  -5.434 -0.642
-999.0000000  965.000 298.578 16.057  -6.842 -1.146
-999.0000000  940.000 299.698 15.023  -8.229 -1.726
-999.0000000  915.000 301.056 13.615  -9.947 -2.588
-999.0000000  890.000 302.435 12.263 -11.182 -3.373
-999.0000000  865.000 303.654 11.431 -11.257 -3.502
-999.0000000  840.000 304.812 10.817 -10.678 -3.174
-999.0000000  815.000 305.960 10.319  -9.875 -2.746
-999.0000000  790.000 307.192  9.899  -9.099 -2.297
-999.0000000  765.000 308.549  9.521  -8.517 -1.856
-999.0000000  740.000 310.029  9.080  -8.225 -1.547
-999.0000000  715.000 311.597  8.560  -8.091 -1.418
-999.0000000  690.000 313.170  8.022  -7.694 -1.450
-999.0000000  665.000 314.711  7.453  -6.891 -1.645
-999.0000000  640.000 316.270  6.883  -5.788 -1.745
-999.0000000  615.000 317.849  6.318  -4.388 -1.670
-999.0000000  590.000 319.532  5.824  -3.017 -1.444
-999.0000000  565.000 321.339  5.412  -1.778 -1.075
-999.0000000  540.000 323.270  4.923  -0.722 -0.745
-999.0000000  515.000 325.294  4.331   0.089 -0.594
-999.0000000  490.000 327.291  3.699   0.615 -0.925
-999.0000000  465.000 329.194  3.023   0.799 -1.732
-999.0000000  440.000 331.050  2.475   0.682 -2.271
-999.0000000  415.000 332.831  2.056   0.169 -2.185
-999.0000000  390.000 334.522  1.707  -0.935 -1.377
-999.0000000  365.000 336.119  1.428  -2.524  0.096
-999.0000000  340.000 337.748  1.106  -3.835  1.707
-999.0000000  315.000 339.449  0.776  -4.528  3.302
-999.0000000  290.000 341.193  0.520  -4.731  5.131
-999.0000000  265.000 342.971  0.329  -4.769  7.217
-999.0000000  240.000 344.677  0.189  -5.359  9.377
-999.0000000  215.000 346.128  0.087  -6.795 11.696
-999.0000000  190.000 347.665  0.033  -8.664 13.532
-999.0000000  165.000 350.346  0.013 -10.012 12.395
-999.0000000  140.000 355.108  0.006  -9.649  7.546
-999.0000000  115.000 365.576  0.004  -7.099  2.733
-999.0000000   90.000 390.256  0.004  -2.059  0.870
-999.0000000   65.000 438.771  0.003   3.324  1.335
-999.0000000   40.000 529.719  0.012  -0.016  0.034
-999.0000000   15.000 719.963  0.064  -2.889 -0.760
72.625  45   1005.89  day,levels,pres0
-999.0000000 1115.000 290.152 16.912 -5.128 -1.025
-999.0000000 1090.000 292.038 16.912 -5.128 -1.025
-999.0000000 1065.000 293.981 16.912 -5.128 -1.025
-999.0000000 1040.000 295.983 16.912 -5.128 -1.025
-999.0000000 1015.000 298.047 16.912 -5.128 -1.025
-999.0000000  990.000 300.179 16.912 -5.128 -1.025
-999.0000000  965.000 300.384 16.283 -6.432 -1.384
-999.0000000  940.000 300.888 15.432 -7.438 -1.672
-999.0000000  915.000 301.713 14.389 -8.608 -2.125
-999.0000000  890.000 302.878 13.304 -9.596 -2.559
-999.0000000  865.000 304.165 12.370 -9.997 -2.660
-999.0000000  840.000 305.217 11.794 -9.899 -2.518
-999.0000000  815.000 306.248 11.332 -9.560 -2.293
-999.0000000  790.000 307.484 10.751 -9.242 -2.019
-999.0000000  765.000 309.026 10.020 -9.016 -1.713
-999.0000000  740.000 310.667  9.310 -8.749 -1.484
-999.0000000  715.000 312.275  8.680 -8.330 -1.392
-999.0000000  690.000 313.844  8.075 -7.603 -1.413
-999.0000000  665.000 315.351  7.505 -6.477 -1.545
-999.0000000  640.000 316.890  6.932 -5.152 -1.615
-999.0000000  615.000 318.475  6.361 -3.677 -1.574
-999.0000000  590.000 320.186  5.831 -2.336 -1.479
-999.0000000  565.000 322.028  5.338 -1.238 -1.365
-999.0000000  540.000 323.948  4.784 -0.386 -1.383
-999.0000000  515.000 325.894  4.144  0.175 -1.614
-999.0000000  490.000 327.808  3.496  0.486 -2.071
-999.0000000  465.000 329.641  2.842  0.510 -2.645
-999.0000000  440.000 331.443  2.327  0.244 -2.752
-999.0000000  415.000 333.204  1.949 -0.404 -2.144
-999.0000000  390.000 334.958  1.607 -1.587 -0.983
-999.0000000  365.000 336.696  1.303 -3.186  0.633
-999.0000000  340.000 338.440  0.992 -4.479  2.446
-999.0000000  315.000 340.182  0.693 -5.172  4.374
-999.0000000  290.000 341.917  0.461 -5.466  6.498
-999.0000000  265.000 343.613  0.288 -5.608  8.788
-999.0000000  240.000 345.076  0.161 -5.995 11.063
-999.0000000  215.000 346.173  0.075 -6.859 13.154
-999.0000000  190.000 347.538  0.030 -8.173 14.135
-999.0000000  165.000 350.299  0.011 -9.166 11.991
-999.0000000  140.000 355.219  0.005 -8.763  7.186
-999.0000000  115.000 365.943  0.004 -6.747  3.304
-999.0000000   90.000 390.759  0.005 -2.471  1.713
-999.0000000   65.000 438.776  0.003  3.041  1.424
-999.0000000   40.000 529.343  0.012  0.093 -0.045
-999.0000000   15.000 719.060  0.062 -2.297 -0.698
72.75  45   1002.00  day,levels,pres0
-999.0000000 1115.000 292.366 16.786 -4.808 -1.399
-999.0000000 1090.000 294.267 16.786 -4.808 -1.399
-999.0000000 1065.000 296.224 16.786 -4.808 -1.399
-999.0000000 1040.000 298.241 16.786 -4.808 -1.399
-999.0000000 1015.000 300.322 16.786 -4.808 -1.399
-999.0000000  990.000 302.469 16.786 -4.808 -1.399
-999.0000000  965.000 302.201 16.314 -6.017 -1.626
-999.0000000  940.000 302.085 15.812 -6.657 -1.630
-999.0000000  915.000 302.374 15.208 -7.295 -1.690
-999.0000000  890.000 303.319 14.391 -8.042 -1.786
-999.0000000  865.000 304.670 13.351 -8.759 -1.862
-999.0000000  840.000 305.620 12.810 -9.140 -1.900
-999.0000000  815.000 306.534 12.376 -9.264 -1.873
-999.0000000  790.000 307.774 11.628 -9.397 -1.774
-999.0000000  765.000 309.506 10.541 -9.524 -1.589
-999.0000000  740.000 311.310  9.547 -9.282 -1.433
-999.0000000  715.000 312.957  8.799 -8.583 -1.381
-999.0000000  690.000 314.523  8.122 -7.526 -1.390
-999.0000000  665.000 315.996  7.553 -6.071 -1.456
-999.0000000  640.000 317.513  6.976 -4.522 -1.492
-999.0000000  615.000 319.106  6.398 -2.968 -1.485
-999.0000000  590.000 320.841  5.827 -1.655 -1.522
-999.0000000  565.000 322.721  5.247 -0.696 -1.663
-999.0000000  540.000 324.626  4.623 -0.046 -2.030
-999.0000000  515.000 326.495  3.935  0.272 -2.643
-999.0000000  490.000 328.324  3.275  0.374 -3.230
-999.0000000  465.000 330.085  2.648  0.244 -3.577
-999.0000000  440.000 331.832  2.169 -0.170 -3.252
-999.0000000  415.000 333.576  1.836 -0.959 -2.120
-999.0000000  390.000 335.394  1.500 -2.227 -0.602
-999.0000000  365.000 337.276  1.166 -3.843  1.163
-999.0000000  340.000 339.135  0.864 -5.126  3.180
-999.0000000  315.000 340.916  0.599 -5.828  5.438
-999.0000000  290.000 342.639  0.394 -6.215  7.856
-999.0000000  265.000 344.254  0.243 -6.459 10.348
-999.0000000  240.000 345.473  0.131 -6.639 12.737
-999.0000000  215.000 346.215  0.063 -6.923 14.599
-999.0000000  190.000 347.398  0.027 -7.672 14.723
-999.0000000  165.000 350.232  0.008 -8.304 11.572
-999.0000000  140.000 355.319  0.004 -7.873  6.815
-999.0000000  115.000 366.308  0.004 -6.396  3.874
-999.0000000   90.000 391.265  0.005 -2.884  2.556
-999.0000000   65.000 438.780  0.003  2.759  1.514
-999.0000000   40.000 528.967  0.011  0.201 -0.124
-999.0000000   15.000 718.157  0.060 -1.705 -0.635
72.875  45   1001.13  day,levels,pres0
-999.0000000 1115.000 291.318 17.173 -4.129 -1.573
-999.0000000 1090.000 293.212 17.173 -4.129 -1.573
-999.0000000 1065.000 295.162 17.173 -4.129 -1.573
-999.0000000 1040.000 297.172 17.173 -4.129 -1.573
-999.0000000 1015.000 299.245 17.173 -4.129 -1.573
-999.0000000  990.000 301.385 17.173 -4.129 -1.573
-999.0000000  965.000 301.604 16.574 -5.699 -2.068
-999.0000000  940.000 301.925 15.859 -6.637 -2.163
-999.0000000  915.000 302.567 15.138 -7.491 -2.251
-999.0000000  890.000 303.596 14.303 -8.269 -2.369
-999.0000000  865.000 304.813 13.341 -8.940 -2.516
-999.0000000  840.000 305.820 12.607 -9.425 -2.672
-999.0000000  815.000 306.837 11.961 -9.650 -2.746
-999.0000000  790.000 308.000 11.281 -9.719 -2.717
-999.0000000  765.000 309.439 10.450 -9.718 -2.616
-999.0000000  740.000 311.016  9.602 -9.470 -2.495
-999.0000000  715.000 312.617  8.807 -8.917 -2.391
-999.0000000  690.000 314.178  8.110 -8.073 -2.291
-999.0000000  665.000 315.656  7.531 -6.885 -2.186
-999.0000000  640.000 317.140  6.986 -5.565 -2.019
-999.0000000  615.000 318.643  6.494 -4.163 -1.777
-999.0000000  590.000 320.289  5.975 -2.880 -1.548
-999.0000000  565.000 322.100  5.420 -1.811 -1.391
-999.0000000  540.000 323.988  4.812 -1.017 -1.457
-999.0000000  515.000 325.899  4.124 -0.547 -1.794
-999.0000000  490.000 327.779  3.447 -0.288 -2.209
-999.0000000  465.000 329.580  2.782 -0.232 -2.530
-999.0000000  440.000 331.353  2.270 -0.363 -2.312
-999.0000000  415.000 333.110  1.909 -0.761 -1.402
-999.0000000  390.000 334.944  1.573 -1.635 -0.119
-999.0000000  365.000 336.851  1.265 -2.945  1.431
-999.0000000  340.000 338.751  0.949 -4.146  3.214
-999.0000000  315.000 340.589  0.642 -5.018  5.244
-999.0000000  290.000 342.383  0.415 -5.688  7.555
-999.0000000  265.000 344.096  0.254 -6.258 10.085
-999.0000000  240.000 345.519  0.134 -6.786 12.545
-999.0000000  215.000 346.589  0.063 -7.305 14.498
-999.0000000  190.000 347.988  0.030 -7.997 14.990
-999.0000000  165.000 350.647  0.013 -8.453 12.647
-999.0000000  140.000 355.182  0.007 -7.871  8.356
-999.0000000  115.000 365.535  0.005 -6.085  4.730
-999.0000000   90.000 390.361  0.004 -2.335  2.390
-999.0000000   65.000 438.398  0.003  3.319  1.566
-999.0000000   40.000 529.325  0.012 -0.114  0.631
-999.0000000   15.000 719.083  0.062 -2.449  0.746
73.0  45   1004.03  day,levels,pres0
-999.0000000 1115.000 290.270 17.437  -3.462 -1.747
-999.0000000 1090.000 292.157 17.437  -3.462 -1.747
-999.0000000 1065.000 294.100 17.437  -3.462 -1.747
-999.0000000 1040.000 296.103 17.437  -3.462 -1.747
-999.0000000 1015.000 298.169 17.437  -3.462 -1.747
-999.0000000  990.000 300.301 17.437  -3.462 -1.747
-999.0000000  965.000 301.008 16.792  -5.393 -2.501
-999.0000000  940.000 301.765 15.900  -6.625 -2.681
-999.0000000  915.000 302.758 15.060  -7.690 -2.790
-999.0000000  890.000 303.872 14.204  -8.490 -2.922
-999.0000000  865.000 304.956 13.327  -9.104 -3.134
-999.0000000  840.000 306.022 12.393  -9.694 -3.406
-999.0000000  815.000 307.140 11.522 -10.026 -3.583
-999.0000000  790.000 308.228 10.919 -10.035 -3.623
-999.0000000  765.000 309.374 10.357  -9.908 -3.612
-999.0000000  740.000 310.725  9.651  -9.654 -3.536
-999.0000000  715.000 312.280  8.812  -9.248 -3.388
-999.0000000  690.000 313.835  8.095  -8.616 -3.183
-999.0000000  665.000 315.319  7.507  -7.694 -2.906
-999.0000000  640.000 316.769  6.992  -6.604 -2.536
-999.0000000  615.000 318.183  6.579  -5.357 -2.060
-999.0000000  590.000 319.738  6.105  -4.106 -1.566
-999.0000000  565.000 321.480  5.571  -2.928 -1.112
-999.0000000  540.000 323.349  4.977  -1.993 -0.879
-999.0000000  515.000 325.302  4.293  -1.375 -0.940
-999.0000000  490.000 327.232  3.604  -0.960 -1.183
-999.0000000  465.000 329.074  2.906  -0.721 -1.479
-999.0000000  440.000 330.874  2.363  -0.569 -1.366
-999.0000000  415.000 332.645  1.975  -0.576 -0.675
-999.0000000  390.000 334.493  1.642  -1.056  0.376
-999.0000000  365.000 336.427  1.358  -2.058  1.709
-999.0000000  340.000 338.368  1.030  -3.173  3.257
-999.0000000  315.000 340.261  0.684  -4.212  5.057
-999.0000000  290.000 342.123  0.434  -5.161  7.261
-999.0000000  265.000 343.937  0.264  -6.055  9.829
-999.0000000  240.000 345.566  0.137  -6.933 12.358
-999.0000000  215.000 346.963  0.063  -7.686 14.403
-999.0000000  190.000 348.576  0.033  -8.320 15.264
-999.0000000  165.000 351.057  0.019  -8.598 13.729
-999.0000000  140.000 355.038  0.010  -7.865  9.901
-999.0000000  115.000 364.759  0.005  -5.774  5.587
-999.0000000   90.000 389.460  0.004  -1.786  2.223
-999.0000000   65.000 438.016  0.003   3.879  1.619
-999.0000000   40.000 529.684  0.012  -0.429  1.387
-999.0000000   15.000 720.013  0.064  -3.193  2.127
73.125  45   1005.63  day,levels,pres0
-999.0000000 1115.000 289.602 17.371 -3.328 -1.052
-999.0000000 1090.000 291.485 17.371 -3.328 -1.052
-999.0000000 1065.000 293.424 17.371 -3.328 -1.052
-999.0000000 1040.000 295.422 17.371 -3.328 -1.052
-999.0000000 1015.000 297.483 17.371 -3.328 -1.052
-999.0000000  990.000 299.610 17.371 -3.328 -1.052
-999.0000000  965.000 300.692 16.631 -5.315 -1.618
-999.0000000  940.000 301.644 15.700 -6.629 -2.010
-999.0000000  915.000 302.614 14.805 -7.729 -2.505
-999.0000000  890.000 303.607 13.911 -8.569 -3.095
-999.0000000  865.000 304.603 12.978 -9.163 -3.733
-999.0000000  840.000 305.624 12.005 -9.536 -4.289
-999.0000000  815.000 306.712 11.076 -9.511 -4.517
-999.0000000  790.000 307.850 10.310 -9.147 -4.392
-999.0000000  765.000 309.075  9.634 -8.731 -4.131
-999.0000000  740.000 310.470  8.951 -8.373 -3.839
-999.0000000  715.000 312.031  8.238 -8.045 -3.558
-999.0000000  690.000 313.607  7.628 -7.590 -3.316
-999.0000000  665.000 315.145  7.123 -6.943 -3.112
-999.0000000  640.000 316.651  6.706 -6.126 -2.835
-999.0000000  615.000 318.112  6.403 -5.122 -2.459
-999.0000000  590.000 319.677  6.001 -4.071 -2.089
-999.0000000  565.000 321.388  5.501 -3.043 -1.785
-999.0000000  540.000 323.247  4.892 -2.261 -1.694
-999.0000000  515.000 325.222  4.137 -1.805 -1.860
-999.0000000  490.000 327.172  3.424 -1.514 -2.097
-999.0000000  465.000 329.023  2.750 -1.354 -2.244
-999.0000000  440.000 330.839  2.257 -1.293 -1.881
-999.0000000  415.000 332.636  1.943 -1.429 -0.872
-999.0000000  390.000 334.495  1.655 -2.078  0.459
-999.0000000  365.000 336.415  1.395 -3.254  1.957
-999.0000000  340.000 338.329  1.079 -4.424  3.472
-999.0000000  315.000 340.201  0.739 -5.301  5.077
-999.0000000  290.000 342.072  0.480 -5.793  7.159
-999.0000000  265.000 343.947  0.291 -5.901  9.790
-999.0000000  240.000 345.643  0.144 -5.798 12.517
-999.0000000  215.000 346.971  0.058 -5.786 14.729
-999.0000000  190.000 348.351  0.031 -6.398 15.507
-999.0000000  165.000 350.654  0.017 -7.587 13.436
-999.0000000  140.000 354.847  0.009 -8.025  8.574
-999.0000000  115.000 365.054  0.005 -6.345  3.591
-999.0000000   90.000 389.806  0.004 -2.042  0.904
-999.0000000   65.000 438.178  0.003  3.755  1.300
-999.0000000   40.000 529.463  0.012 -0.152  1.519
-999.0000000   15.000 719.880  0.064 -2.825  1.992
73.25  45   1004.49  day,levels,pres0
-999.0000000 1115.000 288.934 17.271 -3.208 -0.358
-999.0000000 1090.000 290.812 17.271 -3.208 -0.358
-999.0000000 1065.000 292.746 17.271 -3.208 -0.358
-999.0000000 1040.000 294.740 17.271 -3.208 -0.358
-999.0000000 1015.000 296.796 17.271 -3.208 -0.358
-999.0000000  990.000 298.918 17.271 -3.208 -0.358
-999.0000000  965.000 300.374 16.464 -5.248 -0.725
-999.0000000  940.000 301.520 15.498 -6.639 -1.324
-999.0000000  915.000 302.467 14.548 -7.768 -2.202
-999.0000000  890.000 303.341 13.618 -8.640 -3.243
-999.0000000  865.000 304.250 12.632 -9.206 -4.304
-999.0000000  840.000 305.226 11.622 -9.362 -5.141
-999.0000000  815.000 306.283 10.641 -8.987 -5.421
-999.0000000  790.000 307.471  9.719 -8.254 -5.128
-999.0000000  765.000 308.776  8.931 -7.551 -4.616
-999.0000000  740.000 310.217  8.269 -7.090 -4.114
-999.0000000  715.000 311.784  7.679 -6.837 -3.706
-999.0000000  690.000 313.383  7.171 -6.558 -3.430
-999.0000000  665.000 314.974  6.747 -6.187 -3.298
-999.0000000  640.000 316.535  6.424 -5.644 -3.115
-999.0000000  615.000 318.042  6.228 -4.888 -2.843
-999.0000000  590.000 319.617  5.897 -4.038 -2.600
-999.0000000  565.000 321.295  5.430 -3.163 -2.450
-999.0000000  540.000 323.140  4.806 -2.537 -2.502
-999.0000000  515.000 325.140  3.982 -2.247 -2.773
-999.0000000  490.000 327.111  3.246 -2.082 -3.005
-999.0000000  465.000 328.971  2.595 -2.001 -3.002
-999.0000000  440.000 330.806  2.152 -2.031 -2.388
-999.0000000  415.000 332.627  1.911 -2.296 -1.057
-999.0000000  390.000 334.497  1.670 -3.113  0.554
-999.0000000  365.000 336.403  1.432 -4.461  2.214
-999.0000000  340.000 338.291  1.129 -5.681  3.695
-999.0000000  315.000 340.139  0.794 -6.391  5.105
-999.0000000  290.000 342.018  0.525 -6.421  7.064
-999.0000000  265.000 343.956  0.319 -5.743  9.758
-999.0000000  240.000 345.721  0.150 -4.662 12.683
-999.0000000  215.000 346.980  0.053 -3.885 15.062
-999.0000000  190.000 348.126  0.029 -4.476 15.756
-999.0000000  165.000 350.252  0.016 -6.577 13.148
-999.0000000  140.000 354.652  0.008 -8.183  7.251
-999.0000000  115.000 365.349  0.005 -6.916  1.597
-999.0000000   90.000 390.153  0.003 -2.297 -0.415
-999.0000000   65.000 438.339  0.003  3.630  0.980
-999.0000000   40.000 529.240  0.012  0.125  1.651
-999.0000000   15.000 719.744  0.064 -2.458  1.858
73.375  45   1003.86  day,levels,pres0
-999.0000000 1115.000 288.823 17.428 -3.302 -0.442
-999.0000000 1090.000 290.700 17.428 -3.302 -0.442
-999.0000000 1065.000 292.634 17.428 -3.302 -0.442
-999.0000000 1040.000 294.627 17.428 -3.302 -0.442
-999.0000000 1015.000 296.682 17.428 -3.302 -0.442
-999.0000000  990.000 298.804 17.428 -3.302 -0.442
-999.0000000  965.000 299.994 16.566 -5.335 -0.773
-999.0000000  940.000 301.195 15.616 -6.818 -1.299
-999.0000000  915.000 302.202 14.689 -7.940 -2.107
-999.0000000  890.000 303.112 13.752 -8.655 -3.060
-999.0000000  865.000 304.059 12.756 -9.037 -4.012
-999.0000000  840.000 305.090 11.768 -9.061 -4.748
-999.0000000  815.000 306.208 10.816 -8.693 -4.992
-999.0000000  790.000 307.429  9.864 -8.085 -4.735
-999.0000000  765.000 308.748  8.982 -7.502 -4.288
-999.0000000  740.000 310.164  8.190 -7.097 -3.860
-999.0000000  715.000 311.670  7.478 -6.855 -3.533
-999.0000000  690.000 313.205  6.866 -6.621 -3.350
-999.0000000  665.000 314.730  6.363 -6.346 -3.320
-999.0000000  640.000 316.233  6.035 -5.904 -3.175
-999.0000000  615.000 317.699  5.922 -5.240 -2.853
-999.0000000  590.000 319.266  5.691 -4.461 -2.517
-999.0000000  565.000 320.982  5.350 -3.620 -2.246
-999.0000000  540.000 322.925  4.764 -2.976 -2.207
-999.0000000  515.000 325.080  3.869 -2.594 -2.441
-999.0000000  490.000 327.192  3.094 -2.246 -2.692
-999.0000000  465.000 329.139  2.441 -1.911 -2.753
-999.0000000  440.000 330.982  2.035 -1.769 -2.173
-999.0000000  415.000 332.718  1.874 -1.975 -0.838
-999.0000000  390.000 334.438  1.656 -2.725  0.736
-999.0000000  365.000 336.177  1.402 -3.916  2.304
-999.0000000  340.000 338.004  1.081 -4.816  3.706
-999.0000000  315.000 339.911  0.726 -5.067  5.075
-999.0000000  290.000 341.814  0.474 -4.693  7.010
-999.0000000  265.000 343.670  0.302 -3.770  9.612
-999.0000000  240.000 345.321  0.159 -2.677 12.221
-999.0000000  215.000 346.541  0.069 -2.368 14.126
-999.0000000  190.000 347.806  0.035 -3.920 14.396
-999.0000000  165.000 350.143  0.017 -6.729 11.453
-999.0000000  140.000 354.647  0.008 -8.106  5.435
-999.0000000  115.000 365.451  0.005 -6.251  0.304
-999.0000000   90.000 390.674  0.004 -1.707 -0.480
-999.0000000   65.000 439.193  0.003  3.514  1.537
-999.0000000   40.000 529.887  0.012  0.098  2.008
-999.0000000   15.000 719.960  0.064 -2.303  1.645
73.5  45   1005.78  day,levels,pres0
-999.0000000 1115.000 288.714 17.583 -3.400 -0.524
-999.0000000 1090.000 290.590 17.583 -3.400 -0.524
-999.0000000 1065.000 292.523 17.583 -3.400 -0.524
-999.0000000 1040.000 294.515 17.583 -3.400 -0.524
-999.0000000 1015.000 296.570 17.583 -3.400 -0.524
-999.0000000  990.000 298.690 17.583 -3.400 -0.524
-999.0000000  965.000 299.614 16.654 -5.426 -0.822
-999.0000000  940.000 300.870 15.722 -7.001 -1.280
-999.0000000  915.000 301.938 14.821 -8.114 -2.023
-999.0000000  890.000 302.885 13.879 -8.668 -2.887
-999.0000000  865.000 303.867 12.876 -8.866 -3.728
-999.0000000  840.000 304.954 11.912 -8.760 -4.362
-999.0000000  815.000 306.135 10.989 -8.401 -4.568
-999.0000000  790.000 307.389 10.008 -7.919 -4.347
-999.0000000  765.000 308.720  9.032 -7.459 -3.960
-999.0000000  740.000 310.113  8.111 -7.112 -3.603
-999.0000000  715.000 311.558  7.278 -6.880 -3.353
-999.0000000  690.000 313.025  6.566 -6.689 -3.262
-999.0000000  665.000 314.484  5.988 -6.509 -3.332
-999.0000000  640.000 315.931  5.657 -6.167 -3.224
-999.0000000  615.000 317.356  5.624 -5.596 -2.851
-999.0000000  590.000 318.912  5.489 -4.886 -2.424
-999.0000000  565.000 320.668  5.269 -4.081 -2.035
-999.0000000  540.000 322.709  4.722 -3.419 -1.907
-999.0000000  515.000 325.020  3.757 -2.946 -2.105
-999.0000000  490.000 327.273  2.940 -2.416 -2.375
-999.0000000  465.000 329.308  2.282 -1.826 -2.500
-999.0000000  440.000 331.157  1.915 -1.510 -1.954
-999.0000000  415.000 332.808  1.835 -1.658 -0.614
-999.0000000  390.000 334.380  1.642 -2.339  0.923
-999.0000000  365.000 335.951  1.373 -3.370  2.395
-999.0000000  340.000 337.716  1.034 -3.949  3.717
-999.0000000  315.000 339.682  0.660 -3.741  5.047
-999.0000000  290.000 341.612  0.423 -2.965  6.958
-999.0000000  265.000 343.386  0.286 -1.798  9.468
-999.0000000  240.000 344.924  0.168 -0.692 11.760
-999.0000000  215.000 346.107  0.085 -0.851 13.192
-999.0000000  190.000 347.487  0.041 -3.365 13.038
-999.0000000  165.000 350.034  0.017 -6.881  9.759
-999.0000000  140.000 354.642  0.008 -8.029  3.621
-999.0000000  115.000 365.551  0.005 -5.586 -0.989
-999.0000000   90.000 391.193  0.004 -1.117 -0.544
-999.0000000   65.000 440.044  0.003  3.398  2.094
-999.0000000   40.000 530.534  0.012  0.071  2.365
-999.0000000   15.000 720.172  0.065 -2.148  1.431
73.625  45   1005.80  day,levels,pres0
-999.0000000 1115.000 289.181 17.845 -2.514 -0.856
-999.0000000 1090.000 291.060 17.845 -2.514 -0.856
-999.0000000 1065.000 292.996 17.845 -2.514 -0.856
-999.0000000 1040.000 294.992 17.845 -2.514 -0.856
-999.0000000 1015.000 297.050 17.845 -2.514 -0.856
-999.0000000  990.000 299.174 17.845 -2.514 -0.856
-999.0000000  965.000 299.791 17.048 -3.801 -1.091
-999.0000000  940.000 300.845 16.221 -5.091 -1.599
-999.0000000  915.000 302.013 15.242 -6.154 -2.303
-999.0000000  890.000 303.076 14.208 -6.803 -3.064
-999.0000000  865.000 304.110 13.228 -7.055 -3.748
-999.0000000  840.000 305.202 12.271 -6.949 -4.210
-999.0000000  815.000 306.392 11.348 -6.580 -4.323
-999.0000000  790.000 307.673 10.431 -6.108 -4.126
-999.0000000  765.000 309.043  9.540 -5.671 -3.798
-999.0000000  740.000 310.469  8.664 -5.374 -3.472
-999.0000000  715.000 311.933  7.822 -5.221 -3.207
-999.0000000  690.000 313.409  7.106 -5.139 -3.020
-999.0000000  665.000 314.867  6.531 -5.111 -2.905
-999.0000000  640.000 316.327  6.128 -4.983 -2.669
-999.0000000  615.000 317.798  5.940 -4.702 -2.265
-999.0000000  590.000 319.489  5.661 -4.327 -1.869
-999.0000000  565.000 321.465  5.288 -3.879 -1.556
-999.0000000  540.000 323.631  4.698 -3.484 -1.443
-999.0000000  515.000 325.916  3.808 -3.169 -1.551
-999.0000000  490.000 328.100  3.075 -2.825 -1.631
-999.0000000  465.000 330.074  2.519 -2.462 -1.518
-999.0000000  440.000 331.926  2.150 -2.271 -0.935
-999.0000000  415.000 333.666  1.969 -2.342  0.171
-999.0000000  390.000 335.386  1.688 -2.654  1.386
-999.0000000  365.000 337.119  1.336 -3.091  2.551
-999.0000000  340.000 338.931  0.991 -3.254  3.684
-999.0000000  315.000 340.781  0.665 -2.989  4.898
-999.0000000  290.000 342.488  0.442 -2.443  6.485
-999.0000000  265.000 343.962  0.298 -1.740  8.433
-999.0000000  240.000 345.127  0.174 -1.252 10.256
-999.0000000  215.000 345.953  0.088 -1.957 11.498
-999.0000000  190.000 347.098  0.042 -4.580 11.386
-999.0000000  165.000 349.660  0.018 -7.655  8.450
-999.0000000  140.000 354.696  0.009 -8.210  2.961
-999.0000000  115.000 366.091  0.005 -5.380 -1.095
-999.0000000   90.000 391.273  0.004 -0.895 -0.592
-999.0000000   65.000 439.402  0.003  3.330  1.754
-999.0000000   40.000 529.202  0.012  0.099  2.336
-999.0000000   15.000 718.844  0.062 -2.059  1.634
73.75  45   1001.71  day,levels,pres0
-999.0000000 1115.000 289.639 18.085 -1.618 -1.179
-999.0000000 1090.000 291.522 18.085 -1.618 -1.179
-999.0000000 1065.000 293.461 18.085 -1.618 -1.179
-999.0000000 1040.000 295.459 18.085 -1.618 -1.179
-999.0000000 1015.000 297.521 18.085 -1.618 -1.179
-999.0000000  990.000 299.648 18.085 -1.618 -1.179
-999.0000000  965.000 299.950 17.418 -2.161 -1.337
-999.0000000  940.000 300.798 16.682 -3.198 -1.915
-999.0000000  915.000 302.068 15.633 -4.252 -2.592
-999.0000000  890.000 303.252 14.515 -5.006 -3.239
-999.0000000  865.000 304.338 13.567 -5.306 -3.771
-999.0000000  840.000 305.443 12.626 -5.193 -4.070
-999.0000000  815.000 306.646 11.709 -4.799 -4.097
-999.0000000  790.000 307.959 10.865 -4.314 -3.925
-999.0000000  765.000 309.371 10.067 -3.878 -3.645
-999.0000000  740.000 310.832  9.242 -3.615 -3.344
-999.0000000  715.000 312.316  8.393 -3.534 -3.063
-999.0000000  690.000 313.802  7.672 -3.558 -2.784
-999.0000000  665.000 315.261  7.100 -3.685 -2.495
-999.0000000  640.000 316.733  6.621 -3.775 -2.141
-999.0000000  615.000 318.251  6.271 -3.789 -1.714
-999.0000000  590.000 320.075  5.840 -3.750 -1.351
-999.0000000  565.000 322.271  5.299 -3.656 -1.106
-999.0000000  540.000 324.561  4.656 -3.526 -1.000
-999.0000000  515.000 326.819  3.853 -3.364 -1.009
-999.0000000  490.000 328.935  3.217 -3.204 -0.899
-999.0000000  465.000 330.846  2.775 -3.069 -0.556
-999.0000000  440.000 332.697  2.403 -3.010  0.062
-999.0000000  415.000 334.526  2.112 -3.021  0.937
-999.0000000  390.000 336.392  1.731 -2.978  1.835
-999.0000000  365.000 338.286  1.285 -2.828  2.699
-999.0000000  340.000 340.145  0.934 -2.576  3.643
-999.0000000  315.000 341.876  0.666 -2.251  4.736
-999.0000000  290.000 343.362  0.461 -1.929  5.998
-999.0000000  265.000 344.541  0.311 -1.688  7.384
-999.0000000  240.000 345.337  0.181 -1.816  8.740
-999.0000000  215.000 345.809  0.091 -3.061  9.792
-999.0000000  190.000 346.715  0.043 -5.788  9.724
-999.0000000  165.000 349.286  0.019 -8.423  7.135
-999.0000000  140.000 354.749  0.010 -8.392  2.293
-999.0000000  115.000 366.629  0.005 -5.175 -1.202
-999.0000000   90.000 391.352  0.003 -0.674 -0.641
-999.0000000   65.000 438.761  0.003  3.262  1.413
-999.0000000   40.000 527.868  0.011  0.127  2.306
-999.0000000   15.000 717.516  0.059 -1.971  1.837
73.875  45   1000.99  day,levels,pres0
-999.0000000 1115.000 288.979 18.055 -1.396 -0.899
-999.0000000 1090.000 290.858 18.055 -1.396 -0.899
-999.0000000 1065.000 292.792 18.055 -1.396 -0.899
-999.0000000 1040.000 294.786 18.055 -1.396 -0.899
-999.0000000 1015.000 296.843 18.055 -1.396 -0.899
-999.0000000  990.000 298.965 18.055 -1.396 -0.899
-999.0000000  965.000 299.815 17.323 -2.322 -1.387
-999.0000000  940.000 300.920 16.439 -3.474 -2.153
-999.0000000  915.000 302.228 15.406 -4.462 -2.932
-999.0000000  890.000 303.410 14.387 -5.110 -3.646
-999.0000000  865.000 304.506 13.421 -5.321 -4.207
-999.0000000  840.000 305.615 12.491 -5.166 -4.540
-999.0000000  815.000 306.799 11.606 -4.789 -4.645
-999.0000000  790.000 308.058 10.785 -4.340 -4.601
-999.0000000  765.000 309.391 10.000 -3.918 -4.478
-999.0000000  740.000 310.762  9.219 -3.621 -4.316
-999.0000000  715.000 312.159  8.452 -3.461 -4.135
-999.0000000  690.000 313.562  7.778 -3.396 -3.917
-999.0000000  665.000 314.942  7.207 -3.434 -3.639
-999.0000000  640.000 316.306  6.702 -3.471 -3.252
-999.0000000  615.000 317.675  6.292 -3.478 -2.747
-999.0000000  590.000 319.350  5.832 -3.438 -2.287
-999.0000000  565.000 321.413  5.308 -3.343 -1.935
-999.0000000  540.000 323.631  4.742 -3.228 -1.727
-999.0000000  515.000 325.893  4.082 -3.105 -1.649
-999.0000000  490.000 328.045  3.508 -2.996 -1.469
-999.0000000  465.000 330.011  3.032 -2.915 -1.066
-999.0000000  440.000 331.924  2.607 -2.880 -0.351
-999.0000000  415.000 333.814  2.243 -2.877  0.697
-999.0000000  390.000 335.739  1.834 -2.810  1.881
-999.0000000  365.000 337.684  1.396 -2.631  3.124
-999.0000000  340.000 339.580  1.037 -2.332  4.385
-999.0000000  315.000 341.352  0.748 -1.942  5.630
-999.0000000  290.000 342.924  0.517 -1.566  6.815
-999.0000000  265.000 344.266  0.340 -1.322  7.921
-999.0000000  240.000 345.322  0.200 -1.561  8.976
-999.0000000  215.000 346.076  0.102 -2.963  9.901
-999.0000000  190.000 347.114  0.048 -5.644  9.899
-999.0000000  165.000 349.651  0.022 -7.867  7.381
-999.0000000  140.000 355.041  0.010 -7.075  2.474
-999.0000000  115.000 366.626  0.005 -3.418 -1.240
-999.0000000   90.000 390.791  0.003  0.368 -0.868
-999.0000000   65.000 438.134  0.004  3.475  1.303
-999.0000000   40.000 527.467  0.011 -0.661  2.509
-999.0000000   15.000 717.666  0.059 -2.781  2.299
74.0  45   1003.94  day,levels,pres0
-999.0000000 1115.000 288.310 17.974 -1.221 -0.631
-999.0000000 1090.000 290.184 17.974 -1.221 -0.631
-999.0000000 1065.000 292.114 17.974 -1.221 -0.631
-999.0000000 1040.000 294.104 17.974 -1.221 -0.631
-999.0000000 1015.000 296.156 17.974 -1.221 -0.631
-999.0000000  990.000 298.273 17.974 -1.221 -0.631
-999.0000000  965.000 299.669 17.205 -2.488 -1.427
-999.0000000  940.000 301.030 16.171 -3.715 -2.365
-999.0000000  915.000 302.381 15.159 -4.635 -3.245
-999.0000000  890.000 303.566 14.246 -5.175 -4.025
-999.0000000  865.000 304.672 13.265 -5.297 -4.611
-999.0000000  840.000 305.792 12.351 -5.107 -4.978
-999.0000000  815.000 306.958 11.504 -4.757 -5.160
-999.0000000  790.000 308.167 10.710 -4.354 -5.241
-999.0000000  765.000 309.422  9.939 -3.958 -5.273
-999.0000000  740.000 310.702  9.203 -3.636 -5.249
-999.0000000  715.000 312.009  8.513 -3.403 -5.167
-999.0000000  690.000 313.329  7.880 -3.254 -5.009
-999.0000000  665.000 314.627  7.305 -3.201 -4.742
-999.0000000  640.000 315.881  6.771 -3.181 -4.325
-999.0000000  615.000 317.102  6.301 -3.176 -3.743
-999.0000000  590.000 318.626  5.811 -3.129 -3.191
-999.0000000  565.000 320.557  5.299 -3.025 -2.739
-999.0000000  540.000 322.702  4.802 -2.923 -2.436
-999.0000000  515.000 324.970  4.271 -2.842 -2.275
-999.0000000  490.000 327.158  3.756 -2.788 -2.028
-999.0000000  465.000 329.177  3.255 -2.762 -1.566
-999.0000000  440.000 331.150  2.784 -2.750 -0.753
-999.0000000  415.000 333.104  2.358 -2.732  0.466
-999.0000000  390.000 335.089  1.926 -2.640  1.939
-999.0000000  365.000 337.084  1.498 -2.433  3.561
-999.0000000  340.000 339.018  1.131 -2.085  5.137
-999.0000000  315.000 340.826  0.824 -1.629  6.533
-999.0000000  290.000 342.479  0.569 -1.200  7.641
-999.0000000  265.000 343.985  0.368 -0.956  8.465
-999.0000000  240.000 345.298  0.218 -1.306  9.219
-999.0000000  215.000 346.329  0.114 -2.865 10.016
-999.0000000  190.000 347.498  0.054 -5.491 10.077
-999.0000000  165.000 350.006  0.024 -7.298  7.626
-999.0000000  140.000 355.334  0.011 -5.755  2.658
-999.0000000  115.000 366.622  0.005 -1.661 -1.278
-999.0000000   90.000 390.232  0.003  1.410 -1.095
-999.0000000   65.000 437.509  0.004  3.688  1.193
-999.0000000   40.000 527.065  0.010 -1.450  2.713
-999.0000000   15.000 717.819  0.059 -3.592  2.761
74.125  45   1005.67  day,levels,pres0
-999.0000000 1115.000 288.272 17.670 -2.551  0.260
-999.0000000 1090.000 290.146 17.670 -2.551  0.260
-999.0000000 1065.000 292.076 17.670 -2.551  0.260
-999.0000000 1040.000 294.065 17.670 -2.551  0.260
-999.0000000 1015.000 296.117 17.670 -2.551  0.260
-999.0000000  990.000 298.234 17.670 -2.551  0.260
-999.0000000  965.000 299.841 16.738 -4.348 -0.233
-999.0000000  940.000 301.187 15.711 -5.372 -1.241
-999.0000000  915.000 302.463 14.814 -5.971 -2.331
-999.0000000  890.000 303.608 13.941 -6.206 -3.374
-999.0000000  865.000 304.720 13.008 -6.051 -4.261
-999.0000000  840.000 305.807 12.137 -5.612 -4.941
-999.0000000  815.000 306.868 11.314 -5.055 -5.424
-999.0000000  790.000 307.975 10.554 -4.480 -5.756
-999.0000000  765.000 309.171  9.801 -3.958 -5.955
-999.0000000  740.000 310.453  9.018 -3.573 -5.970
-999.0000000  715.000 311.807  8.229 -3.324 -5.809
-999.0000000  690.000 313.197  7.535 -3.149 -5.473
-999.0000000  665.000 314.591  6.937 -3.047 -4.920
-999.0000000  640.000 315.962  6.442 -2.945 -4.227
-999.0000000  615.000 317.320  6.080 -2.810 -3.416
-999.0000000  590.000 318.961  5.644 -2.569 -2.720
-999.0000000  565.000 320.963  5.122 -2.209 -2.229
-999.0000000  540.000 323.104  4.581 -1.876 -1.937
-999.0000000  515.000 325.279  3.980 -1.618 -1.823
-999.0000000  490.000 327.357  3.460 -1.421 -1.625
-999.0000000  465.000 329.274  3.034 -1.284 -1.196
-999.0000000  440.000 331.172  2.642 -1.187 -0.384
-999.0000000  415.000 333.085  2.294 -1.122  0.859
-999.0000000  390.000 335.027  1.911 -1.072  2.301
-999.0000000  365.000 336.984  1.506 -1.005  3.811
-999.0000000  340.000 338.936  1.158 -0.845  5.230
-999.0000000  315.000 340.824  0.862 -0.587  6.447
-999.0000000  290.000 342.558  0.602 -0.338  7.373
-999.0000000  265.000 344.095  0.386 -0.253  7.990
-999.0000000  240.000 345.351  0.225 -0.724  8.394
-999.0000000  215.000 346.164  0.114 -2.270  8.655
-999.0000000  190.000 347.050  0.051 -4.890  8.225
-999.0000000  165.000 349.517  0.022 -6.777  5.622
-999.0000000  140.000 355.161  0.010 -5.041  1.348
-999.0000000  115.000 366.781  0.005 -0.668 -1.225
-999.0000000   90.000 390.429  0.003  2.078 -0.566
-999.0000000   65.000 437.776  0.004  3.503  1.544
-999.0000000   40.000 527.622  0.011 -2.148  2.512
-999.0000000   15.000 718.947  0.062 -4.381  2.733
74.25  45   1003.83  day,levels,pres0
-999.0000000 1115.000 288.234 17.365 -3.895  1.148
-999.0000000 1090.000 290.107 17.365 -3.895  1.148
-999.0000000 1065.000 292.037 17.365 -3.895  1.148
-999.0000000 1040.000 294.026 17.365 -3.895  1.148
-999.0000000 1015.000 296.077 17.365 -3.895  1.148
-999.0000000  990.000 298.194 17.365 -3.895  1.148
-999.0000000  965.000 300.010 16.256 -6.210  0.962
-999.0000000  940.000 301.342 15.235 -7.018 -0.111
-999.0000000  915.000 302.545 14.461 -7.295 -1.411
-999.0000000  890.000 303.651 13.630 -7.222 -2.717
-999.0000000  865.000 304.769 12.746 -6.791 -3.905
-999.0000000  840.000 305.824 11.921 -6.104 -4.896
-999.0000000  815.000 306.779 11.125 -5.344 -5.679
-999.0000000  790.000 307.785 10.400 -4.602 -6.262
-999.0000000  765.000 308.923  9.666 -3.959 -6.627
-999.0000000  740.000 310.203  8.837 -3.515 -6.681
-999.0000000  715.000 311.605  7.953 -3.251 -6.440
-999.0000000  690.000 313.066  7.196 -3.052 -5.926
-999.0000000  665.000 314.555  6.570 -2.902 -5.086
-999.0000000  640.000 316.043  6.109 -2.716 -4.117
-999.0000000  615.000 317.539  5.850 -2.447 -3.078
-999.0000000  590.000 319.295  5.467 -2.011 -2.239
-999.0000000  565.000 321.368  4.931 -1.393 -1.711
-999.0000000  540.000 323.504  4.346 -0.829 -1.432
-999.0000000  515.000 325.589  3.674 -0.395 -1.365
-999.0000000  490.000 327.557  3.156 -0.056 -1.217
-999.0000000  465.000 329.371  2.810  0.191 -0.823
-999.0000000  440.000 331.195  2.499  0.375 -0.010
-999.0000000  415.000 333.064  2.230  0.488  1.257
-999.0000000  390.000 334.966  1.896  0.498  2.667
-999.0000000  365.000 336.885  1.515  0.425  4.065
-999.0000000  340.000 338.855  1.184  0.398  5.327
-999.0000000  315.000 340.823  0.900  0.457  6.364
-999.0000000  290.000 342.635  0.635  0.526  7.108
-999.0000000  265.000 344.203  0.405  0.451  7.519
-999.0000000  240.000 345.400  0.232 -0.141  7.571
-999.0000000  215.000 345.997  0.114 -1.675  7.296
-999.0000000  190.000 346.598  0.049 -4.287  6.375
-999.0000000  165.000 349.025  0.019 -6.253  3.618
-999.0000000  140.000 354.985  0.009 -4.326  0.039
-999.0000000  115.000 366.941  0.005  0.325 -1.171
-999.0000000   90.000 390.626  0.003  2.746 -0.037
-999.0000000   65.000 438.042  0.005  3.317  1.895
-999.0000000   40.000 528.182  0.011 -2.846  2.310
-999.0000000   15.000 720.079  0.064 -5.170  2.704
74.375  45   1003.13  day,levels,pres0
-999.0000000 1115.000 288.029 17.309 -5.188  0.548
-999.0000000 1090.000 289.901 17.309 -5.188  0.548
-999.0000000 1065.000 291.830 17.309 -5.188  0.548
-999.0000000 1040.000 293.817 17.309 -5.188  0.548
-999.0000000 1015.000 295.867 17.309 -5.188  0.548
-999.0000000  990.000 297.982 17.309 -5.188  0.548
-999.0000000  965.000 299.374 16.367 -7.098  0.304
-999.0000000  940.000 300.731 15.314 -8.222 -0.464
-999.0000000  915.000 302.023 14.370 -8.767 -1.545
-999.0000000  890.000 303.190 13.507 -8.499 -2.680
-999.0000000  865.000 304.359 12.727 -7.714 -3.649
-999.0000000  840.000 305.488 11.980 -6.736 -4.443
-999.0000000  815.000 306.538 11.206 -5.740 -5.076
-999.0000000  790.000 307.638 10.445 -4.787 -5.565
-999.0000000  765.000 308.861  9.641 -3.920 -5.880
-999.0000000  740.000 310.205  8.746 -3.216 -5.908
-999.0000000  715.000 311.643  7.810 -2.670 -5.646
-999.0000000  690.000 313.107  7.021 -2.231 -5.113
-999.0000000  665.000 314.563  6.393 -1.909 -4.256
-999.0000000  640.000 316.025  5.947 -1.612 -3.273
-999.0000000  615.000 317.509  5.724 -1.306 -2.223
-999.0000000  590.000 319.244  5.379 -0.891 -1.363
-999.0000000  565.000 321.276  4.886 -0.358 -0.807
-999.0000000  540.000 323.349  4.334  0.077 -0.535
-999.0000000  515.000 325.349  3.688  0.340 -0.526
-999.0000000  490.000 327.237  3.192  0.479 -0.452
-999.0000000  465.000 328.991  2.865  0.500 -0.134
-999.0000000  440.000 330.782  2.559  0.452  0.630
-999.0000000  415.000 332.635  2.283  0.340  1.878
-999.0000000  390.000 334.482  1.918  0.156  3.260
-999.0000000  365.000 336.301  1.489 -0.070  4.586
-999.0000000  340.000 338.207  1.140 -0.217  5.686
-999.0000000  315.000 340.169  0.862 -0.237  6.469
-999.0000000  290.000 341.995  0.607 -0.174  6.944
-999.0000000  265.000 343.585  0.386 -0.176  7.091
-999.0000000  240.000 344.838  0.222 -0.638  6.761
-999.0000000  215.000 345.599  0.108 -2.024  5.995
-999.0000000  190.000 346.559  0.045 -4.308  4.871
-999.0000000  165.000 349.286  0.017 -5.603  2.523
-999.0000000  140.000 355.098  0.009 -3.425 -0.140
-999.0000000  115.000 366.800  0.005  0.730 -0.516
-999.0000000   90.000 390.978  0.004  2.733  0.961
-999.0000000   65.000 439.097  0.004  3.156  2.120
-999.0000000   40.000 529.097  0.011 -2.910  1.510
-999.0000000   15.000 720.395  0.065 -5.418  1.132
74.5  45   1005.13  day,levels,pres0
-999.0000000 1115.000 287.825 17.250  -6.481 -0.051
-999.0000000 1090.000 289.695 17.250  -6.481 -0.051
-999.0000000 1065.000 291.622 17.250  -6.481 -0.051
-999.0000000 1040.000 293.608 17.250  -6.481 -0.051
-999.0000000 1015.000 295.657 17.250  -6.481 -0.051
-999.0000000  990.000 297.771 17.250  -6.481 -0.051
-999.0000000  965.000 298.737 16.442  -7.985 -0.353
-999.0000000  940.000 300.120 15.364  -9.426 -0.818
-999.0000000  915.000 301.501 14.269 -10.239 -1.679
-999.0000000  890.000 302.729 13.379  -9.774 -2.643
-999.0000000  865.000 303.947 12.699  -8.635 -3.393
-999.0000000  840.000 305.151 12.030  -7.366 -3.990
-999.0000000  815.000 306.296 11.281  -6.133 -4.474
-999.0000000  790.000 307.488 10.486  -4.971 -4.868
-999.0000000  765.000 308.799  9.615  -3.880 -5.134
-999.0000000  740.000 310.206  8.654  -2.917 -5.135
-999.0000000  715.000 311.681  7.666  -2.089 -4.852
-999.0000000  690.000 313.148  6.846  -1.411 -4.299
-999.0000000  665.000 314.572  6.217  -0.918 -3.425
-999.0000000  640.000 316.007  5.786  -0.509 -2.428
-999.0000000  615.000 317.479  5.598  -0.165 -1.366
-999.0000000  590.000 319.193  5.291   0.230 -0.484
-999.0000000  565.000 321.184  4.841   0.677  0.100
-999.0000000  540.000 323.194  4.322   0.984  0.363
-999.0000000  515.000 325.110  3.701   1.076  0.315
-999.0000000  490.000 326.919  3.226   1.015  0.314
-999.0000000  465.000 328.613  2.914   0.810  0.557
-999.0000000  440.000 330.370  2.614   0.529  1.272
-999.0000000  415.000 332.204  2.331   0.192  2.501
-999.0000000  390.000 333.996  1.937  -0.185  3.854
-999.0000000  365.000 335.718  1.462  -0.564  5.107
-999.0000000  340.000 337.559  1.098  -0.831  6.045
-999.0000000  315.000 339.517  0.826  -0.930  6.575
-999.0000000  290.000 341.356  0.579  -0.873  6.782
-999.0000000  265.000 342.968  0.368  -0.802  6.664
-999.0000000  240.000 344.276  0.211  -1.135  5.952
-999.0000000  215.000 345.202  0.102  -2.374  4.695
-999.0000000  190.000 346.521  0.041  -4.329  3.368
-999.0000000  165.000 349.546  0.016  -4.954  1.431
-999.0000000  140.000 355.210  0.009  -2.524 -0.318
-999.0000000  115.000 366.657  0.005   1.136  0.139
-999.0000000   90.000 391.330  0.004   2.720  1.959
-999.0000000   65.000 440.154  0.004   2.995  2.345
-999.0000000   40.000 530.013  0.012  -2.974  0.710
-999.0000000   15.000 720.710  0.066  -5.665 -0.441
74.625  45   1005.24  day,levels,pres0
-999.0000000 1115.000 289.040 17.299 -5.775 -0.474
-999.0000000 1090.000 290.919 17.299 -5.775 -0.474
-999.0000000 1065.000 292.854 17.299 -5.775 -0.474
-999.0000000 1040.000 294.848 17.299 -5.775 -0.474
-999.0000000 1015.000 296.905 17.299 -5.775 -0.474
-999.0000000  990.000 299.028 17.299 -5.775 -0.474
-999.0000000  965.000 299.615 16.564 -7.407 -0.728
-999.0000000  940.000 300.571 15.615 -8.494 -1.072
-999.0000000  915.000 301.808 14.637 -8.999 -1.655
-999.0000000  890.000 303.015 13.842 -8.640 -2.313
-999.0000000  865.000 304.185 13.083 -7.885 -2.886
-999.0000000  840.000 305.425 12.205 -7.004 -3.324
-999.0000000  815.000 306.696 11.256 -6.113 -3.579
-999.0000000  790.000 308.006 10.323 -5.248 -3.694
-999.0000000  765.000 309.403  9.371 -4.416 -3.691
-999.0000000  740.000 310.852  8.415 -3.646 -3.514
-999.0000000  715.000 312.323  7.505 -2.939 -3.168
-999.0000000  690.000 313.775  6.764 -2.289 -2.666
-999.0000000  665.000 315.173  6.220 -1.712 -1.987
-999.0000000  640.000 316.592  5.797 -1.188 -1.278
-999.0000000  615.000 318.061  5.526 -0.719 -0.592
-999.0000000  590.000 319.761  5.153 -0.267 -0.079
-999.0000000  565.000 321.720  4.650  0.163  0.193
-999.0000000  540.000 323.675  4.125  0.516  0.283
-999.0000000  515.000 325.522  3.558  0.763  0.242
-999.0000000  490.000 327.318  3.122  0.925  0.375
-999.0000000  465.000 329.075  2.830  0.997  0.825
-999.0000000  440.000 330.904  2.528  0.993  1.626
-999.0000000  415.000 332.802  2.222  0.895  2.752
-999.0000000  390.000 334.657  1.833  0.662  3.899
-999.0000000  365.000 336.421  1.384  0.299  4.897
-999.0000000  340.000 338.193  1.031 -0.082  5.625
-999.0000000  315.000 339.959  0.761 -0.428  5.981
-999.0000000  290.000 341.589  0.522 -0.737  5.907
-999.0000000  265.000 343.028  0.324 -1.105  5.348
-999.0000000  240.000 344.229  0.178 -1.784  4.201
-999.0000000  215.000 345.238  0.084 -2.881  2.590
-999.0000000  190.000 346.816  0.037 -3.911  0.781
-999.0000000  165.000 350.096  0.017 -3.437 -1.373
-999.0000000  140.000 355.790  0.009 -0.674 -2.383
-999.0000000  115.000 366.930  0.005  2.219 -0.552
-999.0000000   90.000 391.271  0.004  2.518  2.025
-999.0000000   65.000 439.824  0.004  2.479  2.185
-999.0000000   40.000 529.514  0.012 -3.057  0.517
-999.0000000   15.000 719.840  0.064 -5.038 -0.618
74.75  45   1001.36  day,levels,pres0
-999.0000000 1115.000 290.257 17.237 -5.079 -0.889
-999.0000000 1090.000 292.143 17.237 -5.079 -0.889
-999.0000000 1065.000 294.087 17.237 -5.079 -0.889
-999.0000000 1040.000 296.089 17.237 -5.079 -0.889
-999.0000000 1015.000 298.155 17.237 -5.079 -0.889
-999.0000000  990.000 300.287 17.237 -5.079 -0.889
-999.0000000  965.000 300.494 16.647 -6.844 -1.107
-999.0000000  940.000 301.020 15.867 -7.583 -1.343
-999.0000000  915.000 302.114 15.015 -7.778 -1.647
-999.0000000  890.000 303.302 14.320 -7.516 -1.993
-999.0000000  865.000 304.423 13.476 -7.135 -2.389
-999.0000000  840.000 305.698 12.380 -6.638 -2.669
-999.0000000  815.000 307.097 11.222 -6.087 -2.693
-999.0000000  790.000 308.524 10.137 -5.517 -2.524
-999.0000000  765.000 310.007  9.092 -4.943 -2.248
-999.0000000  740.000 311.496  8.141 -4.370 -1.895
-999.0000000  715.000 312.965  7.317 -3.789 -1.485
-999.0000000  690.000 314.400  6.663 -3.171 -1.034
-999.0000000  665.000 315.772  6.213 -2.512 -0.547
-999.0000000  640.000 317.175  5.799 -1.870 -0.123
-999.0000000  615.000 318.641  5.439 -1.274  0.188
-999.0000000  590.000 320.327  4.996 -0.760  0.335
-999.0000000  565.000 322.255  4.438 -0.343  0.293
-999.0000000  540.000 324.153  3.910  0.057  0.208
-999.0000000  515.000 325.931  3.405  0.455  0.175
-999.0000000  490.000 327.715  3.010  0.838  0.440
-999.0000000  465.000 329.535  2.737  1.187  1.099
-999.0000000  440.000 331.439  2.433  1.461  1.987
-999.0000000  415.000 333.402  2.100  1.604  3.009
-999.0000000  390.000 335.323  1.717  1.516  3.946
-999.0000000  365.000 337.131  1.296  1.169  4.685
-999.0000000  340.000 338.836  0.956  0.673  5.200
-999.0000000  315.000 340.410  0.691  0.077  5.387
-999.0000000  290.000 341.828  0.462 -0.600  5.033
-999.0000000  265.000 343.092  0.279 -1.409  4.034
-999.0000000  240.000 344.186  0.146 -2.436  2.450
-999.0000000  215.000 345.271  0.066 -3.392  0.484
-999.0000000  190.000 347.111  0.033 -3.497 -1.805
-999.0000000  165.000 350.645  0.019 -1.921 -4.176
-999.0000000  140.000 356.369  0.009  1.178 -4.448
-999.0000000  115.000 367.201  0.005  3.302 -1.242
-999.0000000   90.000 391.211  0.004  2.316  2.092
-999.0000000   65.000 439.496  0.004  1.963  2.026
-999.0000000   40.000 529.014  0.011 -3.139  0.325
-999.0000000   15.000 718.967  0.062 -4.411 -0.795
74.875  45   1000.17  day,levels,pres0
-999.0000000 1115.000 289.950 17.061 -4.655 -0.967
-999.0000000 1090.000 291.835 17.061 -4.655 -0.967
-999.0000000 1065.000 293.776 17.061 -4.655 -0.967
-999.0000000 1040.000 295.777 17.061 -4.655 -0.967
-999.0000000 1015.000 297.840 17.061 -4.655 -0.967
-999.0000000  990.000 299.970 17.061 -4.655 -0.967
-999.0000000  965.000 300.477 16.458 -6.900 -1.392
-999.0000000  940.000 301.075 15.627 -7.949 -1.672
-999.0000000  915.000 302.110 14.733 -8.260 -2.001
-999.0000000  890.000 303.216 14.074 -7.938 -2.353
-999.0000000  865.000 304.276 13.315 -7.423 -2.671
-999.0000000  840.000 305.552 12.250 -6.895 -2.859
-999.0000000  815.000 307.107 10.989 -6.477 -2.814
-999.0000000  790.000 308.712  9.894 -6.111 -2.587
-999.0000000  765.000 310.250  8.947 -5.708 -2.285
-999.0000000  740.000 311.702  8.106 -5.195 -1.957
-999.0000000  715.000 313.120  7.341 -4.572 -1.615
-999.0000000  690.000 314.500  6.720 -3.867 -1.239
-999.0000000  665.000 315.815  6.273 -3.079 -0.828
-999.0000000  640.000 317.177  5.850 -2.331 -0.445
-999.0000000  615.000 318.622  5.468 -1.678 -0.128
-999.0000000  590.000 320.269  5.010 -1.175  0.050
-999.0000000  565.000 322.130  4.449 -0.841  0.066
-999.0000000  540.000 323.986  3.930 -0.502  0.062
-999.0000000  515.000 325.755  3.446 -0.115  0.138
-999.0000000  490.000 327.542  3.072  0.272  0.542
-999.0000000  465.000 329.366  2.820  0.621  1.352
-999.0000000  440.000 331.276  2.504  0.838  2.319
-999.0000000  415.000 333.257  2.129  0.864  3.315
-999.0000000  390.000 335.225  1.709  0.679  4.147
-999.0000000  365.000 337.113  1.256  0.309  4.732
-999.0000000  340.000 338.904  0.894 -0.077  5.122
-999.0000000  315.000 340.539  0.615 -0.425  5.231
-999.0000000  290.000 341.958  0.395 -0.795  4.798
-999.0000000  265.000 343.176  0.234 -1.217  3.732
-999.0000000  240.000 344.313  0.122 -1.605  2.211
-999.0000000  215.000 345.630  0.060 -1.701  0.482
-999.0000000  190.000 347.723  0.034 -1.159 -1.374
-999.0000000  165.000 351.289  0.020  0.448 -2.871
-999.0000000  140.000 356.646  0.010  2.863 -2.255
-999.0000000  115.000 366.739  0.005  3.837  0.737
-999.0000000   90.000 390.119  0.004  2.103  2.825
-999.0000000   65.000 438.385  0.004  2.070  1.927
-999.0000000   40.000 528.462  0.011 -2.978  0.624
-999.0000000   15.000 718.864  0.062 -4.138  0.018
