z[m] p[mb] tls[K/s] qls[kg/kg/s] uls vls wls[m/s] 
 0.000  45   1004.53  day,levels,pres0
-999.0000000 1115.0000000 -0.0000188 -0.0000000 -3.0000000 -5.0000000  0.0002808
-999.0000000 1090.0000000 -0.0000188 -0.0000000 -3.0000000 -5.0000000  0.0002873
-999.0000000 1065.0000000 -0.0000188 -0.0000000 -3.0000000 -5.0000000  0.0002940
-999.0000000 1040.0000000 -0.0000188 -0.0000000 -3.0000000 -5.0000000  0.0003011
-999.0000000 1015.0000000 -0.0000188 -0.0000000 -3.0000000 -5.0000000  0.0003085
-999.0000000  990.0000000 -0.0000188 -0.0000000 -3.0000000 -5.0000000  0.0003163
-999.0000000  965.0000000  0.0000151 -0.0000000 -3.0000000 -5.0000000 -0.0000423
-999.0000000  940.0000000  0.0000250 -0.0000000 -3.0000000 -5.0000000 -0.0019274
-999.0000000  915.0000000  0.0000196 -0.0000000 -3.0000000 -5.0000000 -0.0046237
-999.0000000  890.0000000  0.0000134 -0.0000000 -3.0000000 -5.0000000 -0.0071884
-999.0000000  865.0000000  0.0000116 -0.0000000 -3.0000000 -5.0000000 -0.0088925
-999.0000000  840.0000000  0.0000078 -0.0000000 -3.0000000 -5.0000000 -0.0091478
-999.0000000  815.0000000 -0.0000011 -0.0000000 -3.0000000 -5.0000000 -0.0078047
-999.0000000  790.0000000 -0.0000078 -0.0000000 -3.0000000 -5.0000000 -0.0052420
-999.0000000  765.0000000 -0.0000099 -0.0000000 -3.0000000 -5.0000000 -0.0020657
-999.0000000  740.0000000 -0.0000101 -0.0000000 -3.0000000 -5.0000000  0.0010317
-999.0000000  715.0000000 -0.0000100 -0.0000000 -3.0000000 -5.0000000  0.0033777
-999.0000000  690.0000000 -0.0000103 -0.0000000 -3.0000000 -5.0000000  0.0047215
-999.0000000  665.0000000 -0.0000110 -0.0000000 -3.0000000 -5.0000000  0.0052655
-999.0000000  640.0000000 -0.0000127 -0.0000000 -3.0000000 -5.0000000  0.0052319
-999.0000000  615.0000000 -0.0000155 -0.0000000 -3.0000000 -5.0000000  0.0047640
-999.0000000  590.0000000 -0.0000197 -0.0000000 -3.0000000 -5.0000000  0.0039263
-999.0000000  565.0000000 -0.0000251  0.0000000 -3.0000000 -5.0000000  0.0026607
-999.0000000  540.0000000 -0.0000289  0.0000000 -3.0000000 -5.0000000  0.0009486
-999.0000000  515.0000000 -0.0000301  0.0000000 -3.0000000 -5.0000000 -0.0011284
-999.0000000  490.0000000 -0.0000285  0.0000000 -3.0000000 -5.0000000 -0.0032647
-999.0000000  465.0000000 -0.0000239  0.0000000 -3.0000000 -5.0000000 -0.0049042
-999.0000000  440.0000000 -0.0000193  0.0000000 -3.0000000 -5.0000000 -0.0057328
-999.0000000  415.0000000 -0.0000159  0.0000000 -3.0000000 -5.0000000 -0.0059166
-999.0000000  390.0000000 -0.0000148  0.0000000 -3.0000000 -5.0000000 -0.0059417
-999.0000000  365.0000000 -0.0000161  0.0000000 -3.0000000 -5.0000000 -0.0064268
-999.0000000  340.0000000 -0.0000174  0.0000000 -3.0000000 -5.0000000 -0.0075669
-999.0000000  315.0000000 -0.0000182  0.0000000 -3.0000000 -5.0000000 -0.0089502
-999.0000000  290.0000000 -0.0000201  0.0000000 -3.0000000 -5.0000000 -0.0101293
-999.0000000  265.0000000 -0.0000223  0.0000000 -3.0000000 -5.0000000 -0.0108179
-999.0000000  240.0000000 -0.0000206  0.0000000 -3.0000000 -5.0000000 -0.0104978
-999.0000000  215.0000000 -0.0000135 -0.0000000 -3.0000000 -5.0000000 -0.0087565
-999.0000000  190.0000000 -0.0000043 -0.0000000 -3.0000000 -5.0000000 -0.0071785
-999.0000000  165.0000000  0.0000053 -0.0000000 -3.0000000 -5.0000000 -0.0084169
-999.0000000  140.0000000  0.0000063 -0.0000000 -3.0000000 -5.0000000 -0.0074667
-999.0000000  115.0000000 -0.0000032  0.0000000 -3.0000000 -5.0000000 -0.0029006
-999.0000000   90.0000000  0.0000048  0.0000000 -3.0000000 -5.0000000 -0.0000006
-999.0000000   65.0000000  0.0000136 -0.0000000 -3.0000000 -5.0000000 -0.0000000
-999.0000000   40.0000000  0.0000231  0.0000000 -3.0000000 -5.0000000 -0.0000000
-999.0000000   15.0000000  0.0000132  0.0000000 -3.0000000 -5.0000000 -0.0000000
 10800.000  45   1007.12  day,levels,pres0
-999.0000000 1115.0000000 -0.0000528 -0.0000000 -3.0000000 -5.0000000 -0.0000865
-999.0000000 1090.0000000 -0.0000528 -0.0000000 -3.0000000 -5.0000000 -0.0000885
-999.0000000 1065.0000000 -0.0000528 -0.0000000 -3.0000000 -5.0000000 -0.0000906
-999.0000000 1040.0000000 -0.0000528 -0.0000000 -3.0000000 -5.0000000 -0.0000928
-999.0000000 1015.0000000 -0.0000528 -0.0000000 -3.0000000 -5.0000000 -0.0000951
-999.0000000  990.0000000 -0.0000528 -0.0000000 -3.0000000 -5.0000000 -0.0000975
-999.0000000  965.0000000 -0.0000126 -0.0000000 -3.0000000 -5.0000000 -0.0010046
-999.0000000  940.0000000  0.0000018 -0.0000000 -3.0000000 -5.0000000 -0.0030135
-999.0000000  915.0000000 -0.0000035 -0.0000000 -3.0000000 -5.0000000 -0.0055145
-999.0000000  890.0000000 -0.0000142  0.0000000 -3.0000000 -5.0000000 -0.0077401
-999.0000000  865.0000000 -0.0000236  0.0000000 -3.0000000 -5.0000000 -0.0090368
-999.0000000  840.0000000 -0.0000280  0.0000000 -3.0000000 -5.0000000 -0.0088985
-999.0000000  815.0000000 -0.0000245  0.0000000 -3.0000000 -5.0000000 -0.0072634
-999.0000000  790.0000000 -0.0000240 -0.0000000 -3.0000000 -5.0000000 -0.0045913
-999.0000000  765.0000000 -0.0000331 -0.0000000 -3.0000000 -5.0000000 -0.0015599
-999.0000000  740.0000000 -0.0000371 -0.0000000 -3.0000000 -5.0000000  0.0011258
-999.0000000  715.0000000 -0.0000300 -0.0000000 -3.0000000 -5.0000000  0.0028625
-999.0000000  690.0000000 -0.0000222 -0.0000000 -3.0000000 -5.0000000  0.0034485
-999.0000000  665.0000000 -0.0000162 -0.0000000 -3.0000000 -5.0000000  0.0030939
-999.0000000  640.0000000 -0.0000156 -0.0000000 -3.0000000 -5.0000000  0.0021732
-999.0000000  615.0000000 -0.0000222 -0.0000000 -3.0000000 -5.0000000  0.0011701
-999.0000000  590.0000000 -0.0000330  0.0000000 -3.0000000 -5.0000000  0.0003635
-999.0000000  565.0000000 -0.0000471  0.0000000 -3.0000000 -5.0000000 -0.0003130
-999.0000000  540.0000000 -0.0000593  0.0000000 -3.0000000 -5.0000000 -0.0009676
-999.0000000  515.0000000 -0.0000668  0.0000000 -3.0000000 -5.0000000 -0.0016723
-999.0000000  490.0000000 -0.0000666  0.0000000 -3.0000000 -5.0000000 -0.0023696
-999.0000000  465.0000000 -0.0000573  0.0000000 -3.0000000 -5.0000000 -0.0028311
-999.0000000  440.0000000 -0.0000433  0.0000000 -3.0000000 -5.0000000 -0.0028573
-999.0000000  415.0000000 -0.0000273 -0.0000000 -3.0000000 -5.0000000 -0.0023889
-999.0000000  390.0000000 -0.0000154 -0.0000000 -3.0000000 -5.0000000 -0.0015706
-999.0000000  365.0000000 -0.0000091  0.0000000 -3.0000000 -5.0000000 -0.0007527
-999.0000000  340.0000000 -0.0000039  0.0000000 -3.0000000 -5.0000000 -0.0002710
-999.0000000  315.0000000  0.0000003  0.0000000 -3.0000000 -5.0000000 -0.0003049
-999.0000000  290.0000000 -0.0000014  0.0000000 -3.0000000 -5.0000000 -0.0008422
-999.0000000  265.0000000 -0.0000090  0.0000000 -3.0000000 -5.0000000 -0.0015710
-999.0000000  240.0000000 -0.0000157  0.0000000 -3.0000000 -5.0000000 -0.0017446
-999.0000000  215.0000000 -0.0000181 -0.0000000 -3.0000000 -5.0000000 -0.0007029
-999.0000000  190.0000000 -0.0000167 -0.0000000 -3.0000000 -5.0000000  0.0002924
-999.0000000  165.0000000 -0.0000103 -0.0000000 -3.0000000 -5.0000000 -0.0014408
-999.0000000  140.0000000 -0.0000121 -0.0000000 -3.0000000 -5.0000000 -0.0029811
-999.0000000  115.0000000 -0.0000148  0.0000000 -3.0000000 -5.0000000 -0.0017648
-999.0000000   90.0000000  0.0000227  0.0000000 -3.0000000 -5.0000000 -0.0000022
-999.0000000   65.0000000  0.0000375 -0.0000000 -3.0000000 -5.0000000 -0.0000000
-999.0000000   40.0000000  0.0000414  0.0000000 -3.0000000 -5.0000000 -0.0000000
-999.0000000   15.0000000  0.0000061  0.0000000 -3.0000000 -5.0000000 -0.0000000
 21600.000  45   1006.06  day,levels,pres0
-999.0000000 1115.0000000 -0.0000353  0.0000000 -3.0000000 -5.0000000 -0.0003585
-999.0000000 1090.0000000 -0.0000353  0.0000000 -3.0000000 -5.0000000 -0.0003667
-999.0000000 1065.0000000 -0.0000353  0.0000000 -3.0000000 -5.0000000 -0.0003753
-999.0000000 1040.0000000 -0.0000353  0.0000000 -3.0000000 -5.0000000 -0.0003843
-999.0000000 1015.0000000 -0.0000353  0.0000000 -3.0000000 -5.0000000 -0.0003938
-999.0000000  990.0000000 -0.0000353  0.0000000 -3.0000000 -5.0000000 -0.0004038
-999.0000000  965.0000000 -0.0000273 -0.0000000 -3.0000000 -5.0000000 -0.0015650
-999.0000000  940.0000000 -0.0000174 -0.0000000 -3.0000000 -5.0000000 -0.0034285
-999.0000000  915.0000000 -0.0000202  0.0000000 -3.0000000 -5.0000000 -0.0055036
-999.0000000  890.0000000 -0.0000236  0.0000000 -3.0000000 -5.0000000 -0.0072196
-999.0000000  865.0000000 -0.0000265  0.0000000 -3.0000000 -5.0000000 -0.0080303
-999.0000000  840.0000000 -0.0000290  0.0000000 -3.0000000 -5.0000000 -0.0075223
-999.0000000  815.0000000 -0.0000282  0.0000000 -3.0000000 -5.0000000 -0.0057147
-999.0000000  790.0000000 -0.0000299  0.0000000 -3.0000000 -5.0000000 -0.0031385
-999.0000000  765.0000000 -0.0000362  0.0000000 -3.0000000 -5.0000000 -0.0005230
-999.0000000  740.0000000 -0.0000371  0.0000000 -3.0000000 -5.0000000  0.0014357
-999.0000000  715.0000000 -0.0000295  0.0000000 -3.0000000 -5.0000000  0.0022035
-999.0000000  690.0000000 -0.0000205  0.0000000 -3.0000000 -5.0000000  0.0016181
-999.0000000  665.0000000 -0.0000115 -0.0000000 -3.0000000 -5.0000000 -0.0001058
-999.0000000  640.0000000 -0.0000052 -0.0000000 -3.0000000 -5.0000000 -0.0024394
-999.0000000  615.0000000 -0.0000031 -0.0000000 -3.0000000 -5.0000000 -0.0045445
-999.0000000  590.0000000 -0.0000049 -0.0000000 -3.0000000 -5.0000000 -0.0059197
-999.0000000  565.0000000 -0.0000111  0.0000000 -3.0000000 -5.0000000 -0.0066479
-999.0000000  540.0000000 -0.0000182  0.0000000 -3.0000000 -5.0000000 -0.0069141
-999.0000000  515.0000000 -0.0000251  0.0000000 -3.0000000 -5.0000000 -0.0069175
-999.0000000  490.0000000 -0.0000291  0.0000000 -3.0000000 -5.0000000 -0.0068289
-999.0000000  465.0000000 -0.0000294  0.0000000 -3.0000000 -5.0000000 -0.0067351
-999.0000000  440.0000000 -0.0000272  0.0000000 -3.0000000 -5.0000000 -0.0065485
-999.0000000  415.0000000 -0.0000238  0.0000000 -3.0000000 -5.0000000 -0.0059848
-999.0000000  390.0000000 -0.0000227  0.0000000 -3.0000000 -5.0000000 -0.0048569
-999.0000000  365.0000000 -0.0000243  0.0000000 -3.0000000 -5.0000000 -0.0032599
-999.0000000  340.0000000 -0.0000238  0.0000000 -3.0000000 -5.0000000 -0.0016650
-999.0000000  315.0000000 -0.0000207  0.0000000 -3.0000000 -5.0000000 -0.0008201
-999.0000000  290.0000000 -0.0000198  0.0000000 -3.0000000 -5.0000000 -0.0011109
-999.0000000  265.0000000 -0.0000218  0.0000000 -3.0000000 -5.0000000 -0.0021273
-999.0000000  240.0000000 -0.0000238 -0.0000000 -3.0000000 -5.0000000 -0.0027777
-999.0000000  215.0000000 -0.0000259 -0.0000000 -3.0000000 -5.0000000 -0.0020309
-999.0000000  190.0000000 -0.0000240 -0.0000000 -3.0000000 -5.0000000 -0.0006974
-999.0000000  165.0000000 -0.0000131 -0.0000000 -3.0000000 -5.0000000 -0.0012380
-999.0000000  140.0000000 -0.0000037 -0.0000000 -3.0000000 -5.0000000 -0.0022244
-999.0000000  115.0000000  0.0000039 -0.0000000 -3.0000000 -5.0000000 -0.0015262
-999.0000000   90.0000000  0.0000277  0.0000000 -3.0000000 -5.0000000  0.0000016
-999.0000000   65.0000000  0.0000280 -0.0000000 -3.0000000 -5.0000000 -0.0000000
-999.0000000   40.0000000  0.0000174  0.0000000 -3.0000000 -5.0000000 -0.0000000
-999.0000000   15.0000000 -0.0000106 -0.0000000 -3.0000000 -5.0000000 -0.0000000
 32400.000  45   1005.36  day,levels,pres0
-999.0000000 1115.0000000 -0.0000179  0.0000000 -3.0000000 -5.0000000 -0.0001048
-999.0000000 1090.0000000 -0.0000179  0.0000000 -3.0000000 -5.0000000 -0.0001072
-999.0000000 1065.0000000 -0.0000179  0.0000000 -3.0000000 -5.0000000 -0.0001097
-999.0000000 1040.0000000 -0.0000179  0.0000000 -3.0000000 -5.0000000 -0.0001124
-999.0000000 1015.0000000 -0.0000179  0.0000000 -3.0000000 -5.0000000 -0.0001151
-999.0000000  990.0000000 -0.0000179  0.0000000 -3.0000000 -5.0000000 -0.0001180
-999.0000000  965.0000000 -0.0000419  0.0000000 -3.0000000 -5.0000000 -0.0005810
-999.0000000  940.0000000 -0.0000365  0.0000000 -3.0000000 -5.0000000 -0.0015491
-999.0000000  915.0000000 -0.0000367  0.0000000 -3.0000000 -5.0000000 -0.0027708
-999.0000000  890.0000000 -0.0000330  0.0000000 -3.0000000 -5.0000000 -0.0037406
-999.0000000  865.0000000 -0.0000294  0.0000000 -3.0000000 -5.0000000 -0.0039915
-999.0000000  840.0000000 -0.0000300  0.0000000 -3.0000000 -5.0000000 -0.0032666
-999.0000000  815.0000000 -0.0000321  0.0000001 -3.0000000 -5.0000000 -0.0016554
-999.0000000  790.0000000 -0.0000359  0.0000001 -3.0000000 -5.0000000  0.0004540
-999.0000000  765.0000000 -0.0000394  0.0000001 -3.0000000 -5.0000000  0.0025410
-999.0000000  740.0000000 -0.0000372  0.0000000 -3.0000000 -5.0000000  0.0040446
-999.0000000  715.0000000 -0.0000291  0.0000000 -3.0000000 -5.0000000  0.0044644
-999.0000000  690.0000000 -0.0000188  0.0000000 -3.0000000 -5.0000000  0.0035856
-999.0000000  665.0000000 -0.0000068  0.0000000 -3.0000000 -5.0000000  0.0015085
-999.0000000  640.0000000  0.0000052 -0.0000000 -3.0000000 -5.0000000 -0.0013624
-999.0000000  615.0000000  0.0000161 -0.0000000 -3.0000000 -5.0000000 -0.0042955
-999.0000000  590.0000000  0.0000232 -0.0000000 -3.0000000 -5.0000000 -0.0068245
-999.0000000  565.0000000  0.0000250 -0.0000000 -3.0000000 -5.0000000 -0.0089572
-999.0000000  540.0000000  0.0000229 -0.0000000 -3.0000000 -5.0000000 -0.0107335
-999.0000000  515.0000000  0.0000168 -0.0000000 -3.0000000 -5.0000000 -0.0121366
-999.0000000  490.0000000  0.0000084  0.0000000 -3.0000000 -5.0000000 -0.0131105
-999.0000000  465.0000000 -0.0000016  0.0000000 -3.0000000 -5.0000000 -0.0135517
-999.0000000  440.0000000 -0.0000112  0.0000000 -3.0000000 -5.0000000 -0.0132712
-999.0000000  415.0000000 -0.0000202  0.0000000 -3.0000000 -5.0000000 -0.0120130
-999.0000000  390.0000000 -0.0000300  0.0000000 -3.0000000 -5.0000000 -0.0096748
-999.0000000  365.0000000 -0.0000395  0.0000000 -3.0000000 -5.0000000 -0.0064982
-999.0000000  340.0000000 -0.0000438 -0.0000000 -3.0000000 -5.0000000 -0.0032576
-999.0000000  315.0000000 -0.0000418 -0.0000000 -3.0000000 -5.0000000 -0.0011677
-999.0000000  290.0000000 -0.0000382 -0.0000000 -3.0000000 -5.0000000 -0.0010519
-999.0000000  265.0000000 -0.0000346 -0.0000000 -3.0000000 -5.0000000 -0.0027401
-999.0000000  240.0000000 -0.0000319 -0.0000000 -3.0000000 -5.0000000 -0.0051596
-999.0000000  215.0000000 -0.0000336 -0.0000000 -3.0000000 -5.0000000 -0.0068931
-999.0000000  190.0000000 -0.0000312  0.0000000 -3.0000000 -5.0000000 -0.0075769
-999.0000000  165.0000000 -0.0000159 -0.0000000 -3.0000000 -5.0000000 -0.0080518
-999.0000000  140.0000000  0.0000048 -0.0000000 -3.0000000 -5.0000000 -0.0063455
-999.0000000  115.0000000  0.0000225 -0.0000000 -3.0000000 -5.0000000 -0.0027713
-999.0000000   90.0000000  0.0000328 -0.0000000 -3.0000000 -5.0000000 -0.0000016
-999.0000000   65.0000000  0.0000184 -0.0000000 -3.0000000 -5.0000000 -0.0000000
-999.0000000   40.0000000 -0.0000065 -0.0000000 -3.0000000 -5.0000000 -0.0000000
-999.0000000   15.0000000 -0.0000273 -0.0000000 -3.0000000 -5.0000000 -0.0000000
 43200.000  45   1007.18  day,levels,pres0
-999.0000000 1115.0000000  0.0000228  0.0000000 -3.0000000 -5.0000000 -0.0002309
-999.0000000 1090.0000000  0.0000228  0.0000000 -3.0000000 -5.0000000 -0.0002362
-999.0000000 1065.0000000  0.0000228  0.0000000 -3.0000000 -5.0000000 -0.0002417
-999.0000000 1040.0000000  0.0000228  0.0000000 -3.0000000 -5.0000000 -0.0002475
-999.0000000 1015.0000000  0.0000228  0.0000000 -3.0000000 -5.0000000 -0.0002536
-999.0000000  990.0000000  0.0000228  0.0000000 -3.0000000 -5.0000000 -0.0002600
-999.0000000  965.0000000 -0.0000050  0.0000000 -3.0000000 -5.0000000 -0.0006786
-999.0000000  940.0000000 -0.0000174  0.0000000 -3.0000000 -5.0000000 -0.0013933
-999.0000000  915.0000000 -0.0000200  0.0000000 -3.0000000 -5.0000000 -0.0023881
-999.0000000  890.0000000 -0.0000151  0.0000000 -3.0000000 -5.0000000 -0.0032469
-999.0000000  865.0000000 -0.0000096  0.0000000 -3.0000000 -5.0000000 -0.0035826
-999.0000000  840.0000000 -0.0000054  0.0000000 -3.0000000 -5.0000000 -0.0032583
-999.0000000  815.0000000 -0.0000021  0.0000000 -3.0000000 -5.0000000 -0.0023720
-999.0000000  790.0000000 -0.0000009  0.0000000 -3.0000000 -5.0000000 -0.0011309
-999.0000000  765.0000000 -0.0000006  0.0000000 -3.0000000 -5.0000000  0.0001539
-999.0000000  740.0000000  0.0000012  0.0000000 -3.0000000 -5.0000000  0.0010390
-999.0000000  715.0000000  0.0000043  0.0000000 -3.0000000 -5.0000000  0.0010453
-999.0000000  690.0000000  0.0000070  0.0000000 -3.0000000 -5.0000000 -0.0000897
-999.0000000  665.0000000  0.0000093  0.0000000 -3.0000000 -5.0000000 -0.0023599
-999.0000000  640.0000000  0.0000130  0.0000000 -3.0000000 -5.0000000 -0.0054893
-999.0000000  615.0000000  0.0000192 -0.0000000 -3.0000000 -5.0000000 -0.0089013
-999.0000000  590.0000000  0.0000276 -0.0000000 -3.0000000 -5.0000000 -0.0121993
-999.0000000  565.0000000  0.0000376 -0.0000000 -3.0000000 -5.0000000 -0.0153230
-999.0000000  540.0000000  0.0000442 -0.0000000 -3.0000000 -5.0000000 -0.0181777
-999.0000000  515.0000000  0.0000451 -0.0000000 -3.0000000 -5.0000000 -0.0205347
-999.0000000  490.0000000  0.0000419 -0.0000000 -3.0000000 -5.0000000 -0.0221136
-999.0000000  465.0000000  0.0000349 -0.0000000 -3.0000000 -5.0000000 -0.0226158
-999.0000000  440.0000000  0.0000269 -0.0000000 -3.0000000 -5.0000000 -0.0217465
-999.0000000  415.0000000  0.0000195 -0.0000000 -3.0000000 -5.0000000 -0.0192717
-999.0000000  390.0000000  0.0000145 -0.0000000 -3.0000000 -5.0000000 -0.0151505
-999.0000000  365.0000000  0.0000122 -0.0000000 -3.0000000 -5.0000000 -0.0097437
-999.0000000  340.0000000  0.0000101 -0.0000000 -3.0000000 -5.0000000 -0.0041384
-999.0000000  315.0000000  0.0000076 -0.0000000 -3.0000000 -5.0000000 -0.0000611
-999.0000000  290.0000000  0.0000052 -0.0000000 -3.0000000 -5.0000000  0.0012008
-999.0000000  265.0000000  0.0000028 -0.0000000 -3.0000000 -5.0000000 -0.0004275
-999.0000000  240.0000000 -0.0000021 -0.0000000 -3.0000000 -5.0000000 -0.0039261
-999.0000000  215.0000000 -0.0000092  0.0000000 -3.0000000 -5.0000000 -0.0075627
-999.0000000  190.0000000 -0.0000126  0.0000000 -3.0000000 -5.0000000 -0.0099420
-999.0000000  165.0000000 -0.0000100  0.0000000 -3.0000000 -5.0000000 -0.0106439
-999.0000000  140.0000000 -0.0000088  0.0000000 -3.0000000 -5.0000000 -0.0078227
-999.0000000  115.0000000 -0.0000050  0.0000000 -3.0000000 -5.0000000 -0.0032634
-999.0000000   90.0000000  0.0000078 -0.0000000 -3.0000000 -5.0000000  0.0000009
-999.0000000   65.0000000  0.0000062 -0.0000000 -3.0000000 -5.0000000 -0.0000000
-999.0000000   40.0000000 -0.0000023 -0.0000000 -3.0000000 -5.0000000 -0.0000000
-999.0000000   15.0000000 -0.0000174 -0.0000000 -3.0000000 -5.0000000 -0.0000000
 54000.000  45   1006.95  day,levels,pres0
-999.0000000 1115.0000000  0.0000635  0.0000000 -3.0000000 -5.0000000 -0.0007884
-999.0000000 1090.0000000  0.0000635  0.0000000 -3.0000000 -5.0000000 -0.0008065
-999.0000000 1065.0000000  0.0000635  0.0000000 -3.0000000 -5.0000000 -0.0008254
-999.0000000 1040.0000000  0.0000635  0.0000000 -3.0000000 -5.0000000 -0.0008452
-999.0000000 1015.0000000  0.0000635  0.0000000 -3.0000000 -5.0000000 -0.0008660
-999.0000000  990.0000000  0.0000635  0.0000000 -3.0000000 -5.0000000 -0.0008879
-999.0000000  965.0000000  0.0000317  0.0000000 -3.0000000 -5.0000000 -0.0021266
-999.0000000  940.0000000  0.0000017  0.0000001 -3.0000000 -5.0000000 -0.0032250
-999.0000000  915.0000000 -0.0000035  0.0000000 -3.0000000 -5.0000000 -0.0041329
-999.0000000  890.0000000  0.0000027  0.0000000 -3.0000000 -5.0000000 -0.0046505
-999.0000000  865.0000000  0.0000102  0.0000000 -3.0000000 -5.0000000 -0.0046306
-999.0000000  840.0000000  0.0000191  0.0000000 -3.0000000 -5.0000000 -0.0041277
-999.0000000  815.0000000  0.0000279  0.0000000 -3.0000000 -5.0000000 -0.0032576
-999.0000000  790.0000000  0.0000341  0.0000000 -3.0000000 -5.0000000 -0.0021061
-999.0000000  765.0000000  0.0000383  0.0000000 -3.0000000 -5.0000000 -0.0008383
-999.0000000  740.0000000  0.0000396  0.0000000 -3.0000000 -5.0000000  0.0002479
-999.0000000  715.0000000  0.0000377  0.0000000 -3.0000000 -5.0000000  0.0007780
-999.0000000  690.0000000  0.0000329  0.0000000 -3.0000000 -5.0000000  0.0005028
-999.0000000  665.0000000  0.0000253  0.0000000 -3.0000000 -5.0000000 -0.0006382
-999.0000000  640.0000000  0.0000209  0.0000000 -3.0000000 -5.0000000 -0.0024834
-999.0000000  615.0000000  0.0000223 -0.0000000 -3.0000000 -5.0000000 -0.0046367
-999.0000000  590.0000000  0.0000320 -0.0000000 -3.0000000 -5.0000000 -0.0068349
-999.0000000  565.0000000  0.0000502 -0.0000000 -3.0000000 -5.0000000 -0.0090678
-999.0000000  540.0000000  0.0000654 -0.0000000 -3.0000000 -5.0000000 -0.0112645
-999.0000000  515.0000000  0.0000736 -0.0000000 -3.0000000 -5.0000000 -0.0131627
-999.0000000  490.0000000  0.0000755 -0.0000000 -3.0000000 -5.0000000 -0.0143791
-999.0000000  465.0000000  0.0000715 -0.0000000 -3.0000000 -5.0000000 -0.0144572
-999.0000000  440.0000000  0.0000652 -0.0000000 -3.0000000 -5.0000000 -0.0130579
-999.0000000  415.0000000  0.0000594 -0.0000000 -3.0000000 -5.0000000 -0.0100803
-999.0000000  390.0000000  0.0000592 -0.0000000 -3.0000000 -5.0000000 -0.0055986
-999.0000000  365.0000000  0.0000641 -0.0000000 -3.0000000 -5.0000000  0.0000721
-999.0000000  340.0000000  0.0000642 -0.0000000 -3.0000000 -5.0000000  0.0062141
-999.0000000  315.0000000  0.0000568 -0.0000000 -3.0000000 -5.0000000  0.0117344
-999.0000000  290.0000000  0.0000485 -0.0000000 -3.0000000 -5.0000000  0.0156475
-999.0000000  265.0000000  0.0000400  0.0000000 -3.0000000 -5.0000000  0.0173594
-999.0000000  240.0000000  0.0000277  0.0000000 -3.0000000 -5.0000000  0.0165546
-999.0000000  215.0000000  0.0000153  0.0000000 -3.0000000 -5.0000000  0.0134407
-999.0000000  190.0000000  0.0000060  0.0000000 -3.0000000 -5.0000000  0.0091529
-999.0000000  165.0000000 -0.0000043  0.0000000 -3.0000000 -5.0000000  0.0051603
-999.0000000  140.0000000 -0.0000224  0.0000000 -3.0000000 -5.0000000  0.0021501
-999.0000000  115.0000000 -0.0000325  0.0000000 -3.0000000 -5.0000000  0.0001806
-999.0000000   90.0000000 -0.0000172 -0.0000000 -3.0000000 -5.0000000  0.0000004
-999.0000000   65.0000000 -0.0000061 -0.0000000 -3.0000000 -5.0000000 -0.0000000
-999.0000000   40.0000000  0.0000019  0.0000000 -3.0000000 -5.0000000 -0.0000000
-999.0000000   15.0000000 -0.0000074 -0.0000000 -3.0000000 -5.0000000 -0.0000000
 64800.000  45   1003.02  day,levels,pres0
-999.0000000 1115.0000000 -0.0000003  0.0000000 -3.0000000 -5.0000000 -0.0008881
-999.0000000 1090.0000000 -0.0000003  0.0000000 -3.0000000 -5.0000000 -0.0009085
-999.0000000 1065.0000000 -0.0000003  0.0000000 -3.0000000 -5.0000000 -0.0009298
-999.0000000 1040.0000000 -0.0000003  0.0000000 -3.0000000 -5.0000000 -0.0009522
-999.0000000 1015.0000000 -0.0000003  0.0000000 -3.0000000 -5.0000000 -0.0009756
-999.0000000  990.0000000 -0.0000003  0.0000000 -3.0000000 -5.0000000 -0.0010003
-999.0000000  965.0000000  0.0000091  0.0000000 -3.0000000 -5.0000000 -0.0027260
-999.0000000  940.0000000  0.0000110  0.0000000 -3.0000000 -5.0000000 -0.0038902
-999.0000000  915.0000000  0.0000142  0.0000000 -3.0000000 -5.0000000 -0.0043337
-999.0000000  890.0000000  0.0000196 -0.0000000 -3.0000000 -5.0000000 -0.0039987
-999.0000000  865.0000000  0.0000256 -0.0000000 -3.0000000 -5.0000000 -0.0029710
-999.0000000  840.0000000  0.0000311 -0.0000000 -3.0000000 -5.0000000 -0.0015820
-999.0000000  815.0000000  0.0000339 -0.0000000 -3.0000000 -5.0000000 -0.0000926
-999.0000000  790.0000000  0.0000327 -0.0000000 -3.0000000 -5.0000000  0.0014431
-999.0000000  765.0000000  0.0000283  0.0000000 -3.0000000 -5.0000000  0.0030028
-999.0000000  740.0000000  0.0000205  0.0000000 -3.0000000 -5.0000000  0.0044920
-999.0000000  715.0000000  0.0000106  0.0000000 -3.0000000 -5.0000000  0.0057076
-999.0000000  690.0000000  0.0000019  0.0000000 -3.0000000 -5.0000000  0.0064429
-999.0000000  665.0000000 -0.0000049  0.0000000 -3.0000000 -5.0000000  0.0065661
-999.0000000  640.0000000 -0.0000099  0.0000000 -3.0000000 -5.0000000  0.0061517
-999.0000000  615.0000000 -0.0000124  0.0000000 -3.0000000 -5.0000000  0.0054844
-999.0000000  590.0000000 -0.0000118  0.0000000 -3.0000000 -5.0000000  0.0046963
-999.0000000  565.0000000 -0.0000074  0.0000000 -3.0000000 -5.0000000  0.0036693
-999.0000000  540.0000000 -0.0000007  0.0000000 -3.0000000 -5.0000000  0.0023957
-999.0000000  515.0000000  0.0000074  0.0000000 -3.0000000 -5.0000000  0.0011758
-999.0000000  490.0000000  0.0000127  0.0000000 -3.0000000 -5.0000000  0.0005143
-999.0000000  465.0000000  0.0000141  0.0000000 -3.0000000 -5.0000000  0.0010200
-999.0000000  440.0000000  0.0000143  0.0000000 -3.0000000 -5.0000000  0.0030649
-999.0000000  415.0000000  0.0000147  0.0000000 -3.0000000 -5.0000000  0.0065853
-999.0000000  390.0000000  0.0000178  0.0000000 -3.0000000 -5.0000000  0.0113067
-999.0000000  365.0000000  0.0000229  0.0000000 -3.0000000 -5.0000000  0.0168445
-999.0000000  340.0000000  0.0000245  0.0000000 -3.0000000 -5.0000000  0.0228234
-999.0000000  315.0000000  0.0000215  0.0000000 -3.0000000 -5.0000000  0.0288866
-999.0000000  290.0000000  0.0000189  0.0000000 -3.0000000 -5.0000000  0.0344365
-999.0000000  265.0000000  0.0000177  0.0000000 -3.0000000 -5.0000000  0.0383739
-999.0000000  240.0000000  0.0000157  0.0000000 -3.0000000 -5.0000000  0.0390803
-999.0000000  215.0000000  0.0000140  0.0000000 -3.0000000 -5.0000000  0.0353272
-999.0000000  190.0000000  0.0000086  0.0000000 -3.0000000 -5.0000000  0.0280816
-999.0000000  165.0000000 -0.0000028  0.0000000 -3.0000000 -5.0000000  0.0200468
-999.0000000  140.0000000 -0.0000099  0.0000000 -3.0000000 -5.0000000  0.0112368
-999.0000000  115.0000000 -0.0000110  0.0000000 -3.0000000 -5.0000000  0.0033197
-999.0000000   90.0000000 -0.0000157 -0.0000000 -3.0000000 -5.0000000  0.0000030
-999.0000000   65.0000000 -0.0000155  0.0000000 -3.0000000 -5.0000000 -0.0000000
-999.0000000   40.0000000 -0.0000048 -0.0000000 -3.0000000 -5.0000000 -0.0000000
-999.0000000   15.0000000  0.0000075  0.0000000 -3.0000000 -5.0000000 -0.0000000
 75600.000  45   1002.19  day,levels,pres0
-999.0000000 1115.0000000 -0.0000645 -0.0000000 -3.0000000 -5.0000000 -0.0009392
-999.0000000 1090.0000000 -0.0000645 -0.0000000 -3.0000000 -5.0000000 -0.0009607
-999.0000000 1065.0000000 -0.0000645 -0.0000000 -3.0000000 -5.0000000 -0.0009833
-999.0000000 1040.0000000 -0.0000645 -0.0000000 -3.0000000 -5.0000000 -0.0010069
-999.0000000 1015.0000000 -0.0000645 -0.0000000 -3.0000000 -5.0000000 -0.0010317
-999.0000000  990.0000000 -0.0000645 -0.0000000 -3.0000000 -5.0000000 -0.0010578
-999.0000000  965.0000000 -0.0000141 -0.0000000 -3.0000000 -5.0000000 -0.0031251
-999.0000000  940.0000000  0.0000201 -0.0000000 -3.0000000 -5.0000000 -0.0046524
-999.0000000  915.0000000  0.0000318 -0.0000000 -3.0000000 -5.0000000 -0.0052445
-999.0000000  890.0000000  0.0000367 -0.0000000 -3.0000000 -5.0000000 -0.0047740
-999.0000000  865.0000000  0.0000412 -0.0000001 -3.0000000 -5.0000000 -0.0032974
-999.0000000  840.0000000  0.0000432 -0.0000001 -3.0000000 -5.0000000 -0.0011200
-999.0000000  815.0000000  0.0000399 -0.0000000 -3.0000000 -5.0000000  0.0013696
-999.0000000  790.0000000  0.0000315 -0.0000000 -3.0000000 -5.0000000  0.0039071
-999.0000000  765.0000000  0.0000184 -0.0000000 -3.0000000 -5.0000000  0.0063255
-999.0000000  740.0000000  0.0000016 -0.0000000 -3.0000000 -5.0000000  0.0084612
-999.0000000  715.0000000 -0.0000163  0.0000000 -3.0000000 -5.0000000  0.0101188
-999.0000000  690.0000000 -0.0000290  0.0000000 -3.0000000 -5.0000000  0.0111196
-999.0000000  665.0000000 -0.0000350  0.0000000 -3.0000000 -5.0000000  0.0113368
-999.0000000  640.0000000 -0.0000405  0.0000000 -3.0000000 -5.0000000  0.0108148
-999.0000000  615.0000000 -0.0000471  0.0000000 -3.0000000 -5.0000000  0.0098162
-999.0000000  590.0000000 -0.0000556  0.0000000 -3.0000000 -5.0000000  0.0086409
-999.0000000  565.0000000 -0.0000650  0.0000000 -3.0000000 -5.0000000  0.0075502
-999.0000000  540.0000000 -0.0000668  0.0000000 -3.0000000 -5.0000000  0.0067258
-999.0000000  515.0000000 -0.0000588  0.0000000 -3.0000000 -5.0000000  0.0062596
-999.0000000  490.0000000 -0.0000501  0.0000000 -3.0000000 -5.0000000  0.0062335
-999.0000000  465.0000000 -0.0000432  0.0000000 -3.0000000 -5.0000000  0.0067277
-999.0000000  440.0000000 -0.0000367  0.0000000 -3.0000000 -5.0000000  0.0077900
-999.0000000  415.0000000 -0.0000301  0.0000000 -3.0000000 -5.0000000  0.0094019
-999.0000000  390.0000000 -0.0000238  0.0000000 -3.0000000 -5.0000000  0.0114965
-999.0000000  365.0000000 -0.0000185  0.0000000 -3.0000000 -5.0000000  0.0139773
-999.0000000  340.0000000 -0.0000153  0.0000000 -3.0000000 -5.0000000  0.0167876
-999.0000000  315.0000000 -0.0000139  0.0000000 -3.0000000 -5.0000000  0.0198880
-999.0000000  290.0000000 -0.0000107  0.0000000 -3.0000000 -5.0000000  0.0230229
-999.0000000  265.0000000 -0.0000046  0.0000000 -3.0000000 -5.0000000  0.0255292
-999.0000000  240.0000000  0.0000039  0.0000000 -3.0000000 -5.0000000  0.0263320
-999.0000000  215.0000000  0.0000127  0.0000000 -3.0000000 -5.0000000  0.0242880
-999.0000000  190.0000000  0.0000110  0.0000000 -3.0000000 -5.0000000  0.0192308
-999.0000000  165.0000000 -0.0000014  0.0000000 -3.0000000 -5.0000000  0.0125091
-999.0000000  140.0000000  0.0000024  0.0000000 -3.0000000 -5.0000000  0.0062496
-999.0000000  115.0000000  0.0000104  0.0000000 -3.0000000 -5.0000000  0.0019858
-999.0000000   90.0000000 -0.0000143 -0.0000000 -3.0000000 -5.0000000  0.0000006
-999.0000000   65.0000000 -0.0000249  0.0000000 -3.0000000 -5.0000000 -0.0000000
-999.0000000   40.0000000 -0.0000116 -0.0000000 -3.0000000 -5.0000000 -0.0000000
-999.0000000   15.0000000  0.0000224  0.0000000 -3.0000000 -5.0000000 -0.0000000
 86400.000  45   1005.15  day,levels,pres0
-999.0000000 1115.0000000 -0.0000459 -0.0000000 -3.0000000 -5.0000000 -0.0014509
-999.0000000 1090.0000000 -0.0000459 -0.0000000 -3.0000000 -5.0000000 -0.0014842
-999.0000000 1065.0000000 -0.0000459 -0.0000000 -3.0000000 -5.0000000 -0.0015190
-999.0000000 1040.0000000 -0.0000459 -0.0000000 -3.0000000 -5.0000000 -0.0015555
-999.0000000 1015.0000000 -0.0000459 -0.0000000 -3.0000000 -5.0000000 -0.0015938
-999.0000000  990.0000000 -0.0000459 -0.0000000 -3.0000000 -5.0000000 -0.0016341
-999.0000000  965.0000000 -0.0000100 -0.0000000 -3.0000000 -5.0000000 -0.0043353
-999.0000000  940.0000000  0.0000109 -0.0000000 -3.0000000 -5.0000000 -0.0064832
-999.0000000  915.0000000  0.0000127 -0.0000000 -3.0000000 -5.0000000 -0.0074954
-999.0000000  890.0000000  0.0000096 -0.0000000 -3.0000000 -5.0000000 -0.0072958
-999.0000000  865.0000000  0.0000053 -0.0000000 -3.0000000 -5.0000000 -0.0059421
-999.0000000  840.0000000  0.0000007 -0.0000000 -3.0000000 -5.0000000 -0.0036779
-999.0000000  815.0000000 -0.0000030 -0.0000000 -3.0000000 -5.0000000 -0.0009292
-999.0000000  790.0000000 -0.0000057 -0.0000000 -3.0000000 -5.0000000  0.0019214
-999.0000000  765.0000000 -0.0000093 -0.0000000 -3.0000000 -5.0000000  0.0046124
-999.0000000  740.0000000 -0.0000149 -0.0000000 -3.0000000 -5.0000000  0.0069057
-999.0000000  715.0000000 -0.0000215  0.0000000 -3.0000000 -5.0000000  0.0085633
-999.0000000  690.0000000 -0.0000256  0.0000000 -3.0000000 -5.0000000  0.0094001
-999.0000000  665.0000000 -0.0000263  0.0000000 -3.0000000 -5.0000000  0.0092681
-999.0000000  640.0000000 -0.0000255  0.0000000 -3.0000000 -5.0000000  0.0081380
-999.0000000  615.0000000 -0.0000238  0.0000000 -3.0000000 -5.0000000  0.0061956
-999.0000000  590.0000000 -0.0000242  0.0000000 -3.0000000 -5.0000000  0.0038698
-999.0000000  565.0000000 -0.0000270  0.0000000 -3.0000000 -5.0000000  0.0018243
-999.0000000  540.0000000 -0.0000273  0.0000000 -3.0000000 -5.0000000  0.0005209
-999.0000000  515.0000000 -0.0000239  0.0000000 -3.0000000 -5.0000000 -0.0000272
-999.0000000  490.0000000 -0.0000194  0.0000000 -3.0000000 -5.0000000 -0.0000870
-999.0000000  465.0000000 -0.0000150  0.0000000 -3.0000000 -5.0000000 -0.0001374
-999.0000000  440.0000000 -0.0000112  0.0000000 -3.0000000 -5.0000000 -0.0005163
-999.0000000  415.0000000 -0.0000085  0.0000000 -3.0000000 -5.0000000 -0.0012343
-999.0000000  390.0000000 -0.0000074  0.0000000 -3.0000000 -5.0000000 -0.0021763
-999.0000000  365.0000000 -0.0000076  0.0000000 -3.0000000 -5.0000000 -0.0031718
-999.0000000  340.0000000 -0.0000082  0.0000000 -3.0000000 -5.0000000 -0.0039628
-999.0000000  315.0000000 -0.0000089  0.0000000 -3.0000000 -5.0000000 -0.0042464
-999.0000000  290.0000000 -0.0000100  0.0000000 -3.0000000 -5.0000000 -0.0038753
-999.0000000  265.0000000 -0.0000114  0.0000000 -3.0000000 -5.0000000 -0.0029331
-999.0000000  240.0000000 -0.0000125  0.0000000 -3.0000000 -5.0000000 -0.0017190
-999.0000000  215.0000000 -0.0000135  0.0000000 -3.0000000 -5.0000000 -0.0010478
-999.0000000  190.0000000 -0.0000159  0.0000000 -3.0000000 -5.0000000 -0.0021343
-999.0000000  165.0000000 -0.0000136 -0.0000000 -3.0000000 -5.0000000 -0.0049123
-999.0000000  140.0000000  0.0000012 -0.0000000 -3.0000000 -5.0000000 -0.0042171
-999.0000000  115.0000000  0.0000113 -0.0000000 -3.0000000 -5.0000000 -0.0006814
-999.0000000   90.0000000 -0.0000006 -0.0000000 -3.0000000 -5.0000000 -0.0000013
-999.0000000   65.0000000 -0.0000068  0.0000000 -3.0000000 -5.0000000 -0.0000000
-999.0000000   40.0000000  0.0000008  0.0000000 -3.0000000 -5.0000000 -0.0000000
-999.0000000   15.0000000  0.0000167  0.0000000 -3.0000000 -5.0000000 -0.0000000
 97200.000  45   1006.84  day,levels,pres0
-999.0000000 1115.0000000 -0.0000268 -0.0000000 -3.0000000 -5.0000000 -0.0017927
-999.0000000 1090.0000000 -0.0000268 -0.0000000 -3.0000000 -5.0000000 -0.0018338
-999.0000000 1065.0000000 -0.0000268 -0.0000000 -3.0000000 -5.0000000 -0.0018768
-999.0000000 1040.0000000 -0.0000268 -0.0000000 -3.0000000 -5.0000000 -0.0019220
-999.0000000 1015.0000000 -0.0000268 -0.0000000 -3.0000000 -5.0000000 -0.0019693
-999.0000000  990.0000000 -0.0000268 -0.0000000 -3.0000000 -5.0000000 -0.0020190
-999.0000000  965.0000000 -0.0000057 -0.0000000 -3.0000000 -5.0000000 -0.0051777
-999.0000000  940.0000000  0.0000021 -0.0000000 -3.0000000 -5.0000000 -0.0079084
-999.0000000  915.0000000 -0.0000063 -0.0000000 -3.0000000 -5.0000000 -0.0094652
-999.0000000  890.0000000 -0.0000174 -0.0000000 -3.0000000 -5.0000000 -0.0095985
-999.0000000  865.0000000 -0.0000306 -0.0000000 -3.0000000 -5.0000000 -0.0082786
-999.0000000  840.0000000 -0.0000418 -0.0000000 -3.0000000 -5.0000000 -0.0057886
-999.0000000  815.0000000 -0.0000459 -0.0000000 -3.0000000 -5.0000000 -0.0026347
-999.0000000  790.0000000 -0.0000430 -0.0000000 -3.0000000 -5.0000000  0.0006642
-999.0000000  765.0000000 -0.0000372 -0.0000000 -3.0000000 -5.0000000  0.0036361
-999.0000000  740.0000000 -0.0000315 -0.0000000 -3.0000000 -5.0000000  0.0058765
-999.0000000  715.0000000 -0.0000267  0.0000000 -3.0000000 -5.0000000  0.0071110
-999.0000000  690.0000000 -0.0000223  0.0000000 -3.0000000 -5.0000000  0.0072637
-999.0000000  665.0000000 -0.0000177  0.0000000 -3.0000000 -5.0000000  0.0064294
-999.0000000  640.0000000 -0.0000106  0.0000000 -3.0000000 -5.0000000  0.0047560
-999.0000000  615.0000000 -0.0000007  0.0000000 -3.0000000 -5.0000000  0.0024479
-999.0000000  590.0000000  0.0000071  0.0000000 -3.0000000 -5.0000000 -0.0001387
-999.0000000  565.0000000  0.0000110  0.0000000 -3.0000000 -5.0000000 -0.0024984
-999.0000000  540.0000000  0.0000120  0.0000000 -3.0000000 -5.0000000 -0.0043116
-999.0000000  515.0000000  0.0000108 -0.0000000 -3.0000000 -5.0000000 -0.0055941
-999.0000000  490.0000000  0.0000110 -0.0000000 -3.0000000 -5.0000000 -0.0063987
-999.0000000  465.0000000  0.0000133 -0.0000000 -3.0000000 -5.0000000 -0.0067318
-999.0000000  440.0000000  0.0000144 -0.0000000 -3.0000000 -5.0000000 -0.0066196
-999.0000000  415.0000000  0.0000131 -0.0000000 -3.0000000 -5.0000000 -0.0061296
-999.0000000  390.0000000  0.0000092 -0.0000000 -3.0000000 -5.0000000 -0.0053989
-999.0000000  365.0000000  0.0000034 -0.0000000 -3.0000000 -5.0000000 -0.0046021
-999.0000000  340.0000000 -0.0000009 -0.0000000 -3.0000000 -5.0000000 -0.0037702
-999.0000000  315.0000000 -0.0000038 -0.0000000 -3.0000000 -5.0000000 -0.0027614
-999.0000000  290.0000000 -0.0000092 -0.0000000 -3.0000000 -5.0000000 -0.0015852
-999.0000000  265.0000000 -0.0000182 -0.0000000 -3.0000000 -5.0000000 -0.0005614
-999.0000000  240.0000000 -0.0000290 -0.0000000 -3.0000000 -5.0000000 -0.0002509
-999.0000000  215.0000000 -0.0000399 -0.0000000 -3.0000000 -5.0000000 -0.0015548
-999.0000000  190.0000000 -0.0000429 -0.0000000 -3.0000000 -5.0000000 -0.0049542
-999.0000000  165.0000000 -0.0000257 -0.0000000 -3.0000000 -5.0000000 -0.0082093
-999.0000000  140.0000000  0.0000000 -0.0000000 -3.0000000 -5.0000000 -0.0069578
-999.0000000  115.0000000  0.0000121 -0.0000000 -3.0000000 -5.0000000 -0.0026468
-999.0000000   90.0000000  0.0000131  0.0000000 -3.0000000 -5.0000000  0.0000010
-999.0000000   65.0000000  0.0000114 -0.0000000 -3.0000000 -5.0000000 -0.0000000
-999.0000000   40.0000000  0.0000131  0.0000000 -3.0000000 -5.0000000 -0.0000000
-999.0000000   15.0000000  0.0000111  0.0000000 -3.0000000 -5.0000000 -0.0000000
 108000.000  45   1005.42  day,levels,pres0
-999.0000000 1115.0000000 -0.0000156 -0.0000000 -3.0000000 -5.0000000 -0.0013511
-999.0000000 1090.0000000 -0.0000156 -0.0000000 -3.0000000 -5.0000000 -0.0013821
-999.0000000 1065.0000000 -0.0000156 -0.0000000 -3.0000000 -5.0000000 -0.0014146
-999.0000000 1040.0000000 -0.0000156 -0.0000000 -3.0000000 -5.0000000 -0.0014486
-999.0000000 1015.0000000 -0.0000156 -0.0000000 -3.0000000 -5.0000000 -0.0014843
-999.0000000  990.0000000 -0.0000156 -0.0000000 -3.0000000 -5.0000000 -0.0015217
-999.0000000  965.0000000 -0.0000107 -0.0000000 -3.0000000 -5.0000000 -0.0042085
-999.0000000  940.0000000 -0.0000045 -0.0000000 -3.0000000 -5.0000000 -0.0065687
-999.0000000  915.0000000 -0.0000071 -0.0000000 -3.0000000 -5.0000000 -0.0077719
-999.0000000  890.0000000 -0.0000133 -0.0000000 -3.0000000 -5.0000000 -0.0074656
-999.0000000  865.0000000 -0.0000214 -0.0000000 -3.0000000 -5.0000000 -0.0055500
-999.0000000  840.0000000 -0.0000298  0.0000000 -3.0000000 -5.0000000 -0.0023318
-999.0000000  815.0000000 -0.0000361  0.0000000 -3.0000000 -5.0000000  0.0016287
-999.0000000  790.0000000 -0.0000386  0.0000000 -3.0000000 -5.0000000  0.0057154
-999.0000000  765.0000000 -0.0000369  0.0000000 -3.0000000 -5.0000000  0.0092735
-999.0000000  740.0000000 -0.0000325  0.0000000 -3.0000000 -5.0000000  0.0117254
-999.0000000  715.0000000 -0.0000271  0.0000000 -3.0000000 -5.0000000  0.0127303
-999.0000000  690.0000000 -0.0000224  0.0000000 -3.0000000 -5.0000000  0.0122915
-999.0000000  665.0000000 -0.0000185  0.0000000 -3.0000000 -5.0000000  0.0107095
-999.0000000  640.0000000 -0.0000136  0.0000000 -3.0000000 -5.0000000  0.0082771
-999.0000000  615.0000000 -0.0000076  0.0000000 -3.0000000 -5.0000000  0.0052018
-999.0000000  590.0000000 -0.0000041  0.0000000 -3.0000000 -5.0000000  0.0017893
-999.0000000  565.0000000 -0.0000038  0.0000000 -3.0000000 -5.0000000 -0.0015509
-999.0000000  540.0000000 -0.0000031  0.0000000 -3.0000000 -5.0000000 -0.0045762
-999.0000000  515.0000000 -0.0000013 -0.0000000 -3.0000000 -5.0000000 -0.0072931
-999.0000000  490.0000000 -0.0000002 -0.0000000 -3.0000000 -5.0000000 -0.0095347
-999.0000000  465.0000000 -0.0000003 -0.0000000 -3.0000000 -5.0000000 -0.0108611
-999.0000000  440.0000000 -0.0000016 -0.0000000 -3.0000000 -5.0000000 -0.0110144
-999.0000000  415.0000000 -0.0000039 -0.0000000 -3.0000000 -5.0000000 -0.0101267
-999.0000000  390.0000000 -0.0000065 -0.0000000 -3.0000000 -5.0000000 -0.0085874
-999.0000000  365.0000000 -0.0000089 -0.0000000 -3.0000000 -5.0000000 -0.0069111
-999.0000000  340.0000000 -0.0000106 -0.0000000 -3.0000000 -5.0000000 -0.0053991
-999.0000000  315.0000000 -0.0000118 -0.0000000 -3.0000000 -5.0000000 -0.0040421
-999.0000000  290.0000000 -0.0000143 -0.0000000 -3.0000000 -5.0000000 -0.0029954
-999.0000000  265.0000000 -0.0000182 -0.0000000 -3.0000000 -5.0000000 -0.0028009
-999.0000000  240.0000000 -0.0000217 -0.0000000 -3.0000000 -5.0000000 -0.0042197
-999.0000000  215.0000000 -0.0000226 -0.0000000 -3.0000000 -5.0000000 -0.0081530
-999.0000000  190.0000000 -0.0000176 -0.0000000 -3.0000000 -5.0000000 -0.0142184
-999.0000000  165.0000000 -0.0000067 -0.0000000 -3.0000000 -5.0000000 -0.0176009
-999.0000000  140.0000000  0.0000001 -0.0000000 -3.0000000 -5.0000000 -0.0136376
-999.0000000  115.0000000  0.0000014  0.0000000 -3.0000000 -5.0000000 -0.0057810
-999.0000000   90.0000000  0.0000101  0.0000000 -3.0000000 -5.0000000 -0.0000000
-999.0000000   65.0000000  0.0000218 -0.0000000 -3.0000000 -5.0000000 -0.0000000
-999.0000000   40.0000000  0.0000190  0.0000000 -3.0000000 -5.0000000 -0.0000000
-999.0000000   15.0000000  0.0000114  0.0000000 -3.0000000 -5.0000000 -0.0000000
 118800.000  45   1005.06  day,levels,pres0
-999.0000000 1115.0000000 -0.0000042 -0.0000000 -3.0000000 -5.0000000 -0.0008437
-999.0000000 1090.0000000 -0.0000042 -0.0000000 -3.0000000 -5.0000000 -0.0008630
-999.0000000 1065.0000000 -0.0000042 -0.0000000 -3.0000000 -5.0000000 -0.0008833
-999.0000000 1040.0000000 -0.0000042 -0.0000000 -3.0000000 -5.0000000 -0.0009045
-999.0000000 1015.0000000 -0.0000042 -0.0000000 -3.0000000 -5.0000000 -0.0009268
-999.0000000  990.0000000 -0.0000042 -0.0000000 -3.0000000 -5.0000000 -0.0009502
-999.0000000  965.0000000 -0.0000157 -0.0000000 -3.0000000 -5.0000000 -0.0028939
-999.0000000  940.0000000 -0.0000111 -0.0000000 -3.0000000 -5.0000000 -0.0048174
-999.0000000  915.0000000 -0.0000078 -0.0000000 -3.0000000 -5.0000000 -0.0057920
-999.0000000  890.0000000 -0.0000091  0.0000000 -3.0000000 -5.0000000 -0.0053782
-999.0000000  865.0000000 -0.0000121  0.0000000 -3.0000000 -5.0000000 -0.0035992
-999.0000000  840.0000000 -0.0000178  0.0000000 -3.0000000 -5.0000000 -0.0008599
-999.0000000  815.0000000 -0.0000262  0.0000000 -3.0000000 -5.0000000  0.0023425
-999.0000000  790.0000000 -0.0000343  0.0000000 -3.0000000 -5.0000000  0.0055475
-999.0000000  765.0000000 -0.0000367  0.0000000 -3.0000000 -5.0000000  0.0082787
-999.0000000  740.0000000 -0.0000335  0.0000000 -3.0000000 -5.0000000  0.0100724
-999.0000000  715.0000000 -0.0000275  0.0000000 -3.0000000 -5.0000000  0.0106166
-999.0000000  690.0000000 -0.0000225 -0.0000000 -3.0000000 -5.0000000  0.0099320
-999.0000000  665.0000000 -0.0000194 -0.0000000 -3.0000000 -5.0000000  0.0083591
-999.0000000  640.0000000 -0.0000167  0.0000000 -3.0000000 -5.0000000  0.0062028
-999.0000000  615.0000000 -0.0000146  0.0000000 -3.0000000 -5.0000000  0.0036320
-999.0000000  590.0000000 -0.0000153  0.0000000 -3.0000000 -5.0000000  0.0008470
-999.0000000  565.0000000 -0.0000186  0.0000000 -3.0000000 -5.0000000 -0.0018943
-999.0000000  540.0000000 -0.0000184  0.0000000 -3.0000000 -5.0000000 -0.0043303
-999.0000000  515.0000000 -0.0000135 -0.0000000 -3.0000000 -5.0000000 -0.0062414
-999.0000000  490.0000000 -0.0000114 -0.0000000 -3.0000000 -5.0000000 -0.0074644
-999.0000000  465.0000000 -0.0000139 -0.0000000 -3.0000000 -5.0000000 -0.0079460
-999.0000000  440.0000000 -0.0000176  0.0000000 -3.0000000 -5.0000000 -0.0077927
-999.0000000  415.0000000 -0.0000209  0.0000000 -3.0000000 -5.0000000 -0.0072595
-999.0000000  390.0000000 -0.0000222 -0.0000000 -3.0000000 -5.0000000 -0.0066034
-999.0000000  365.0000000 -0.0000213 -0.0000000 -3.0000000 -5.0000000 -0.0060087
-999.0000000  340.0000000 -0.0000203 -0.0000000 -3.0000000 -5.0000000 -0.0056318
-999.0000000  315.0000000 -0.0000198 -0.0000000 -3.0000000 -5.0000000 -0.0056497
-999.0000000  290.0000000 -0.0000194 -0.0000000 -3.0000000 -5.0000000 -0.0063673
-999.0000000  265.0000000 -0.0000182 -0.0000000 -3.0000000 -5.0000000 -0.0081736
-999.0000000  240.0000000 -0.0000145 -0.0000000 -3.0000000 -5.0000000 -0.0112982
-999.0000000  215.0000000 -0.0000053 -0.0000000 -3.0000000 -5.0000000 -0.0157262
-999.0000000  190.0000000  0.0000078 -0.0000000 -3.0000000 -5.0000000 -0.0202122
-999.0000000  165.0000000  0.0000124 -0.0000000 -3.0000000 -5.0000000 -0.0201990
-999.0000000  140.0000000  0.0000002  0.0000000 -3.0000000 -5.0000000 -0.0135779
-999.0000000  115.0000000 -0.0000094  0.0000000 -3.0000000 -5.0000000 -0.0053929
-999.0000000   90.0000000  0.0000071  0.0000000 -3.0000000 -5.0000000 -0.0000027
-999.0000000   65.0000000  0.0000322 -0.0000000 -3.0000000 -5.0000000 -0.0000000
-999.0000000   40.0000000  0.0000248  0.0000000 -3.0000000 -5.0000000 -0.0000000
-999.0000000   15.0000000  0.0000116  0.0000000 -3.0000000 -5.0000000 -0.0000000
 129600.000  45   1006.81  day,levels,pres0
-999.0000000 1115.0000000  0.0000775  0.0000000 -3.0000000 -5.0000000 -0.0001925
-999.0000000 1090.0000000  0.0000775  0.0000000 -3.0000000 -5.0000000 -0.0001969
-999.0000000 1065.0000000  0.0000775  0.0000000 -3.0000000 -5.0000000 -0.0002016
-999.0000000 1040.0000000  0.0000775  0.0000000 -3.0000000 -5.0000000 -0.0002064
-999.0000000 1015.0000000  0.0000775  0.0000000 -3.0000000 -5.0000000 -0.0002115
-999.0000000  990.0000000  0.0000775  0.0000000 -3.0000000 -5.0000000 -0.0002168
-999.0000000  965.0000000  0.0000421  0.0000000 -3.0000000 -5.0000000 -0.0010927
-999.0000000  940.0000000  0.0000206  0.0000000 -3.0000000 -5.0000000 -0.0023369
-999.0000000  915.0000000  0.0000195  0.0000000 -3.0000000 -5.0000000 -0.0029534
-999.0000000  890.0000000  0.0000243  0.0000000 -3.0000000 -5.0000000 -0.0024096
-999.0000000  865.0000000  0.0000246  0.0000000 -3.0000000 -5.0000000 -0.0008428
-999.0000000  840.0000000  0.0000192  0.0000000 -3.0000000 -5.0000000  0.0012443
-999.0000000  815.0000000  0.0000121  0.0000000 -3.0000000 -5.0000000  0.0034115
-999.0000000  790.0000000  0.0000068  0.0000000 -3.0000000 -5.0000000  0.0053680
-999.0000000  765.0000000  0.0000074  0.0000000 -3.0000000 -5.0000000  0.0068452
-999.0000000  740.0000000  0.0000132  0.0000000 -3.0000000 -5.0000000  0.0075188
-999.0000000  715.0000000  0.0000206  0.0000000 -3.0000000 -5.0000000  0.0071230
-999.0000000  690.0000000  0.0000249 -0.0000000 -3.0000000 -5.0000000  0.0056960
-999.0000000  665.0000000  0.0000248 -0.0000000 -3.0000000 -5.0000000  0.0036028
-999.0000000  640.0000000  0.0000221 -0.0000000 -3.0000000 -5.0000000  0.0011281
-999.0000000  615.0000000  0.0000171 -0.0000000 -3.0000000 -5.0000000 -0.0016424
-999.0000000  590.0000000  0.0000140 -0.0000000 -3.0000000 -5.0000000 -0.0046214
-999.0000000  565.0000000  0.0000135 -0.0000000 -3.0000000 -5.0000000 -0.0076640
-999.0000000  540.0000000  0.0000113 -0.0000000 -3.0000000 -5.0000000 -0.0104505
-999.0000000  515.0000000  0.0000063 -0.0000000 -3.0000000 -5.0000000 -0.0125238
-999.0000000  490.0000000  0.0000008 -0.0000000 -3.0000000 -5.0000000 -0.0137045
-999.0000000  465.0000000 -0.0000038  0.0000000 -3.0000000 -5.0000000 -0.0142999
-999.0000000  440.0000000 -0.0000055  0.0000000 -3.0000000 -5.0000000 -0.0147839
-999.0000000  415.0000000 -0.0000033 -0.0000000 -3.0000000 -5.0000000 -0.0155394
-999.0000000  390.0000000  0.0000021 -0.0000000 -3.0000000 -5.0000000 -0.0166901
-999.0000000  365.0000000  0.0000095 -0.0000000 -3.0000000 -5.0000000 -0.0180813
-999.0000000  340.0000000  0.0000158 -0.0000000 -3.0000000 -5.0000000 -0.0196888
-999.0000000  315.0000000  0.0000197 -0.0000000 -3.0000000 -5.0000000 -0.0218192
-999.0000000  290.0000000  0.0000219 -0.0000000 -3.0000000 -5.0000000 -0.0249006
-999.0000000  265.0000000  0.0000229 -0.0000000 -3.0000000 -5.0000000 -0.0291506
-999.0000000  240.0000000  0.0000225 -0.0000000 -3.0000000 -5.0000000 -0.0341804
-999.0000000  215.0000000  0.0000206 -0.0000000 -3.0000000 -5.0000000 -0.0388986
-999.0000000  190.0000000  0.0000147 -0.0000000 -3.0000000 -5.0000000 -0.0408903
-999.0000000  165.0000000  0.0000010  0.0000000 -3.0000000 -5.0000000 -0.0350848
-999.0000000  140.0000000 -0.0000118  0.0000000 -3.0000000 -5.0000000 -0.0205025
-999.0000000  115.0000000 -0.0000112  0.0000000 -3.0000000 -5.0000000 -0.0067436
-999.0000000   90.0000000 -0.0000046 -0.0000000 -3.0000000 -5.0000000 -0.0000018
-999.0000000   65.0000000  0.0000056  0.0000000 -3.0000000 -5.0000000 -0.0000000
-999.0000000   40.0000000 -0.0000060 -0.0000000 -3.0000000 -5.0000000 -0.0000000
-999.0000000   15.0000000 -0.0000083 -0.0000000 -3.0000000 -5.0000000 -0.0000000
 140400.000  45   1005.55  day,levels,pres0
-999.0000000 1115.0000000  0.0001590  0.0000000 -3.0000000 -5.0000000 -0.0001624
-999.0000000 1090.0000000  0.0001590  0.0000000 -3.0000000 -5.0000000 -0.0001661
-999.0000000 1065.0000000  0.0001590  0.0000000 -3.0000000 -5.0000000 -0.0001700
-999.0000000 1040.0000000  0.0001590  0.0000000 -3.0000000 -5.0000000 -0.0001741
-999.0000000 1015.0000000  0.0001590  0.0000000 -3.0000000 -5.0000000 -0.0001784
-999.0000000  990.0000000  0.0001590  0.0000000 -3.0000000 -5.0000000 -0.0001829
-999.0000000  965.0000000  0.0000994  0.0000001 -3.0000000 -5.0000000 -0.0005505
-999.0000000  940.0000000  0.0000518  0.0000001 -3.0000000 -5.0000000 -0.0007866
-999.0000000  915.0000000  0.0000463  0.0000001 -3.0000000 -5.0000000 -0.0004612
-999.0000000  890.0000000  0.0000573  0.0000001 -3.0000000 -5.0000000  0.0005431
-999.0000000  865.0000000  0.0000611  0.0000001 -3.0000000 -5.0000000  0.0018657
-999.0000000  840.0000000  0.0000562  0.0000000 -3.0000000 -5.0000000  0.0029991
-999.0000000  815.0000000  0.0000505  0.0000000 -3.0000000 -5.0000000  0.0037542
-999.0000000  790.0000000  0.0000478  0.0000000 -3.0000000 -5.0000000  0.0042304
-999.0000000  765.0000000  0.0000516  0.0000000 -3.0000000 -5.0000000  0.0045262
-999.0000000  740.0000000  0.0000599  0.0000000 -3.0000000 -5.0000000  0.0046085
-999.0000000  715.0000000  0.0000686  0.0000000 -3.0000000 -5.0000000  0.0043799
-999.0000000  690.0000000  0.0000722 -0.0000000 -3.0000000 -5.0000000  0.0038725
-999.0000000  665.0000000  0.0000688 -0.0000000 -3.0000000 -5.0000000  0.0032921
-999.0000000  640.0000000  0.0000606 -0.0000000 -3.0000000 -5.0000000  0.0027293
-999.0000000  615.0000000  0.0000486 -0.0000000 -3.0000000 -5.0000000  0.0020618
-999.0000000  590.0000000  0.0000432 -0.0000000 -3.0000000 -5.0000000  0.0011547
-999.0000000  565.0000000  0.0000457 -0.0000000 -3.0000000 -5.0000000 -0.0000689
-999.0000000  540.0000000  0.0000411 -0.0000000 -3.0000000 -5.0000000 -0.0014969
-999.0000000  515.0000000  0.0000263 -0.0000000 -3.0000000 -5.0000000 -0.0028031
-999.0000000  490.0000000  0.0000132 -0.0000000 -3.0000000 -5.0000000 -0.0038179
-999.0000000  465.0000000  0.0000065  0.0000000 -3.0000000 -5.0000000 -0.0046796
-999.0000000  440.0000000  0.0000068 -0.0000000 -3.0000000 -5.0000000 -0.0056011
-999.0000000  415.0000000  0.0000146 -0.0000000 -3.0000000 -5.0000000 -0.0067457
-999.0000000  390.0000000  0.0000267 -0.0000000 -3.0000000 -5.0000000 -0.0081559
-999.0000000  365.0000000  0.0000405 -0.0000000 -3.0000000 -5.0000000 -0.0097506
-999.0000000  340.0000000  0.0000521 -0.0000000 -3.0000000 -5.0000000 -0.0115261
-999.0000000  315.0000000  0.0000596 -0.0000000 -3.0000000 -5.0000000 -0.0136329
-999.0000000  290.0000000  0.0000636 -0.0000000 -3.0000000 -5.0000000 -0.0162150
-999.0000000  265.0000000  0.0000643 -0.0000000 -3.0000000 -5.0000000 -0.0192302
-999.0000000  240.0000000  0.0000599 -0.0000000 -3.0000000 -5.0000000 -0.0223506
-999.0000000  215.0000000  0.0000466 -0.0000000 -3.0000000 -5.0000000 -0.0249752
-999.0000000  190.0000000  0.0000217  0.0000000 -3.0000000 -5.0000000 -0.0256483
-999.0000000  165.0000000 -0.0000104  0.0000000 -3.0000000 -5.0000000 -0.0213132
-999.0000000  140.0000000 -0.0000240  0.0000000 -3.0000000 -5.0000000 -0.0118245
-999.0000000  115.0000000 -0.0000131 -0.0000000 -3.0000000 -5.0000000 -0.0034390
-999.0000000   90.0000000 -0.0000164 -0.0000000 -3.0000000 -5.0000000  0.0000006
-999.0000000   65.0000000 -0.0000210  0.0000000 -3.0000000 -5.0000000 -0.0000000
-999.0000000   40.0000000 -0.0000369 -0.0000000 -3.0000000 -5.0000000 -0.0000000
-999.0000000   15.0000000 -0.0000283 -0.0000000 -3.0000000 -5.0000000 -0.0000000
 151200.000  45   1002.19  day,levels,pres0
-999.0000000 1115.0000000  0.0000502  0.0000000 -3.0000000 -5.0000000 -0.0009526
-999.0000000 1090.0000000  0.0000502  0.0000000 -3.0000000 -5.0000000 -0.0009744
-999.0000000 1065.0000000  0.0000502  0.0000000 -3.0000000 -5.0000000 -0.0009973
-999.0000000 1040.0000000  0.0000502  0.0000000 -3.0000000 -5.0000000 -0.0010212
-999.0000000 1015.0000000  0.0000502  0.0000000 -3.0000000 -5.0000000 -0.0010464
-999.0000000  990.0000000  0.0000502  0.0000000 -3.0000000 -5.0000000 -0.0010728
-999.0000000  965.0000000  0.0000328  0.0000000 -3.0000000 -5.0000000 -0.0030046
-999.0000000  940.0000000  0.0000136  0.0000000 -3.0000000 -5.0000000 -0.0043496
-999.0000000  915.0000000  0.0000129  0.0000000 -3.0000000 -5.0000000 -0.0050051
-999.0000000  890.0000000  0.0000173  0.0000000 -3.0000000 -5.0000000 -0.0050306
-999.0000000  865.0000000  0.0000228  0.0000000 -3.0000000 -5.0000000 -0.0049264
-999.0000000  840.0000000  0.0000261  0.0000000 -3.0000000 -5.0000000 -0.0050872
-999.0000000  815.0000000  0.0000285  0.0000000 -3.0000000 -5.0000000 -0.0054293
-999.0000000  790.0000000  0.0000294  0.0000000 -3.0000000 -5.0000000 -0.0056441
-999.0000000  765.0000000  0.0000283  0.0000000 -3.0000000 -5.0000000 -0.0054367
-999.0000000  740.0000000  0.0000267  0.0000000 -3.0000000 -5.0000000 -0.0046085
-999.0000000  715.0000000  0.0000255  0.0000000 -3.0000000 -5.0000000 -0.0030753
-999.0000000  690.0000000  0.0000247 -0.0000000 -3.0000000 -5.0000000 -0.0007322
-999.0000000  665.0000000  0.0000236 -0.0000000 -3.0000000 -5.0000000  0.0025964
-999.0000000  640.0000000  0.0000186 -0.0000000 -3.0000000 -5.0000000  0.0069431
-999.0000000  615.0000000  0.0000094 -0.0000000 -3.0000000 -5.0000000  0.0120427
-999.0000000  590.0000000  0.0000048 -0.0000000 -3.0000000 -5.0000000  0.0174138
-999.0000000  565.0000000  0.0000065 -0.0000000 -3.0000000 -5.0000000  0.0224390
-999.0000000  540.0000000  0.0000068 -0.0000000 -3.0000000 -5.0000000  0.0267475
-999.0000000  515.0000000  0.0000038  0.0000000 -3.0000000 -5.0000000  0.0304594
-999.0000000  490.0000000  0.0000017  0.0000000 -3.0000000 -5.0000000  0.0337816
-999.0000000  465.0000000  0.0000017  0.0000000 -3.0000000 -5.0000000  0.0368270
-999.0000000  440.0000000  0.0000029  0.0000000 -3.0000000 -5.0000000  0.0396752
-999.0000000  415.0000000  0.0000048  0.0000000 -3.0000000 -5.0000000  0.0423345
-999.0000000  390.0000000  0.0000075 -0.0000000 -3.0000000 -5.0000000  0.0446679
-999.0000000  365.0000000  0.0000106  0.0000000 -3.0000000 -5.0000000  0.0464175
-999.0000000  340.0000000  0.0000134  0.0000000 -3.0000000 -5.0000000  0.0473344
-999.0000000  315.0000000  0.0000159 -0.0000000 -3.0000000 -5.0000000  0.0472623
-999.0000000  290.0000000  0.0000195  0.0000000 -3.0000000 -5.0000000  0.0461869
-999.0000000  265.0000000  0.0000243  0.0000000 -3.0000000 -5.0000000  0.0441434
-999.0000000  240.0000000  0.0000283  0.0000000 -3.0000000 -5.0000000  0.0410525
-999.0000000  215.0000000  0.0000275  0.0000000 -3.0000000 -5.0000000  0.0367967
-999.0000000  190.0000000  0.0000175  0.0000000 -3.0000000 -5.0000000  0.0318527
-999.0000000  165.0000000  0.0000021  0.0000000 -3.0000000 -5.0000000  0.0264737
-999.0000000  140.0000000 -0.0000009  0.0000000 -3.0000000 -5.0000000  0.0162553
-999.0000000  115.0000000  0.0000070 -0.0000000 -3.0000000 -5.0000000  0.0049177
-999.0000000   90.0000000 -0.0000052 -0.0000000 -3.0000000 -5.0000000 -0.0000012
-999.0000000   65.0000000 -0.0000144  0.0000000 -3.0000000 -5.0000000 -0.0000000
-999.0000000   40.0000000 -0.0000167 -0.0000000 -3.0000000 -5.0000000 -0.0000000
-999.0000000   15.0000000 -0.0000006 -0.0000000 -3.0000000 -5.0000000 -0.0000000
 162000.000  45   1002.04  day,levels,pres0
-999.0000000 1115.0000000 -0.0000581  0.0000000 -3.0000000 -5.0000000 -0.0000032
-999.0000000 1090.0000000 -0.0000581  0.0000000 -3.0000000 -5.0000000 -0.0000032
-999.0000000 1065.0000000 -0.0000581  0.0000000 -3.0000000 -5.0000000 -0.0000033
-999.0000000 1040.0000000 -0.0000581  0.0000000 -3.0000000 -5.0000000 -0.0000034
-999.0000000 1015.0000000 -0.0000581  0.0000000 -3.0000000 -5.0000000 -0.0000035
-999.0000000  990.0000000 -0.0000581  0.0000000 -3.0000000 -5.0000000 -0.0000036
-999.0000000  965.0000000 -0.0000333  0.0000000 -3.0000000 -5.0000000  0.0001308
-999.0000000  940.0000000 -0.0000242  0.0000000 -3.0000000 -5.0000000  0.0004975
-999.0000000  915.0000000 -0.0000201 -0.0000000 -3.0000000 -5.0000000  0.0012272
-999.0000000  890.0000000 -0.0000224 -0.0000000 -3.0000000 -5.0000000  0.0024667
-999.0000000  865.0000000 -0.0000153 -0.0000000 -3.0000000 -5.0000000  0.0039993
-999.0000000  840.0000000 -0.0000040 -0.0000000 -3.0000000 -5.0000000  0.0056050
-999.0000000  815.0000000  0.0000065 -0.0000000 -3.0000000 -5.0000000  0.0073285
-999.0000000  790.0000000  0.0000109 -0.0000000 -3.0000000 -5.0000000  0.0093559
-999.0000000  765.0000000  0.0000051 -0.0000000 -3.0000000 -5.0000000  0.0118366
-999.0000000  740.0000000 -0.0000063 -0.0000000 -3.0000000 -5.0000000  0.0147787
-999.0000000  715.0000000 -0.0000173  0.0000000 -3.0000000 -5.0000000  0.0180445
-999.0000000  690.0000000 -0.0000227  0.0000000 -3.0000000 -5.0000000  0.0215022
-999.0000000  665.0000000 -0.0000215  0.0000000 -3.0000000 -5.0000000  0.0250885
-999.0000000  640.0000000 -0.0000233  0.0000000 -3.0000000 -5.0000000  0.0288720
-999.0000000  615.0000000 -0.0000297 -0.0000000 -3.0000000 -5.0000000  0.0330194
-999.0000000  590.0000000 -0.0000336 -0.0000000 -3.0000000 -5.0000000  0.0374346
-999.0000000  565.0000000 -0.0000327 -0.0000000 -3.0000000 -5.0000000  0.0415890
-999.0000000  540.0000000 -0.0000278  0.0000000 -3.0000000 -5.0000000  0.0450239
-999.0000000  515.0000000 -0.0000190  0.0000000 -3.0000000 -5.0000000  0.0476533
-999.0000000  490.0000000 -0.0000102  0.0000000 -3.0000000 -5.0000000  0.0496197
-999.0000000  465.0000000 -0.0000033  0.0000000 -3.0000000 -5.0000000  0.0512833
-999.0000000  440.0000000 -0.0000014  0.0000000 -3.0000000 -5.0000000  0.0531146
-999.0000000  415.0000000 -0.0000052  0.0000000 -3.0000000 -5.0000000  0.0555585
-999.0000000  390.0000000 -0.0000118  0.0000000 -3.0000000 -5.0000000  0.0588726
-999.0000000  365.0000000 -0.0000194  0.0000000 -3.0000000 -5.0000000  0.0629630
-999.0000000  340.0000000 -0.0000254  0.0000000 -3.0000000 -5.0000000  0.0673513
-999.0000000  315.0000000 -0.0000278  0.0000000 -3.0000000 -5.0000000  0.0712012
-999.0000000  290.0000000 -0.0000247  0.0000000 -3.0000000 -5.0000000  0.0736888
-999.0000000  265.0000000 -0.0000159  0.0000000 -3.0000000 -5.0000000  0.0740939
-999.0000000  240.0000000 -0.0000035  0.0000000 -3.0000000 -5.0000000  0.0714708
-999.0000000  215.0000000  0.0000080  0.0000000 -3.0000000 -5.0000000  0.0646775
-999.0000000  190.0000000  0.0000130  0.0000000 -3.0000000 -5.0000000  0.0531148
-999.0000000  165.0000000  0.0000142  0.0000000 -3.0000000 -5.0000000  0.0371910
-999.0000000  140.0000000  0.0000222  0.0000000 -3.0000000 -5.0000000  0.0177548
-999.0000000  115.0000000  0.0000271  0.0000000 -3.0000000 -5.0000000  0.0035507
-999.0000000   90.0000000  0.0000060 -0.0000000 -3.0000000 -5.0000000  0.0000055
-999.0000000   65.0000000 -0.0000077  0.0000000 -3.0000000 -5.0000000 -0.0000000
-999.0000000   40.0000000  0.0000035  0.0000000 -3.0000000 -5.0000000 -0.0000000
-999.0000000   15.0000000  0.0000271  0.0000000 -3.0000000 -5.0000000 -0.0000000
 172800.000  45   1005.16  day,levels,pres0
-999.0000000 1115.0000000 -0.0000703 -0.0000000 -3.0000000 -5.0000000  0.0020980
-999.0000000 1090.0000000 -0.0000703 -0.0000000 -3.0000000 -5.0000000  0.0021461
-999.0000000 1065.0000000 -0.0000703 -0.0000000 -3.0000000 -5.0000000  0.0021965
-999.0000000 1040.0000000 -0.0000703 -0.0000000 -3.0000000 -5.0000000  0.0022493
-999.0000000 1015.0000000 -0.0000703 -0.0000000 -3.0000000 -5.0000000  0.0023047
-999.0000000  990.0000000 -0.0000703 -0.0000000 -3.0000000 -5.0000000  0.0023629
-999.0000000  965.0000000 -0.0000490 -0.0000000 -3.0000000 -5.0000000  0.0063032
-999.0000000  940.0000000 -0.0000397 -0.0000000 -3.0000000 -5.0000000  0.0099348
-999.0000000  915.0000000 -0.0000381 -0.0000000 -3.0000000 -5.0000000  0.0132778
-999.0000000  890.0000000 -0.0000412 -0.0000000 -3.0000000 -5.0000000  0.0167638
-999.0000000  865.0000000 -0.0000363 -0.0000000 -3.0000000 -5.0000000  0.0205319
-999.0000000  840.0000000 -0.0000253 -0.0000000 -3.0000000 -5.0000000  0.0245457
-999.0000000  815.0000000 -0.0000168 -0.0000000 -3.0000000 -5.0000000  0.0288446
-999.0000000  790.0000000 -0.0000126 -0.0000000 -3.0000000 -5.0000000  0.0334983
-999.0000000  765.0000000 -0.0000148 -0.0000000 -3.0000000 -5.0000000  0.0385092
-999.0000000  740.0000000 -0.0000216 -0.0000000 -3.0000000 -5.0000000  0.0437068
-999.0000000  715.0000000 -0.0000292 -0.0000000 -3.0000000 -5.0000000  0.0487367
-999.0000000  690.0000000 -0.0000321 -0.0000000 -3.0000000 -5.0000000  0.0532429
-999.0000000  665.0000000 -0.0000286 -0.0000000 -3.0000000 -5.0000000  0.0569227
-999.0000000  640.0000000 -0.0000256  0.0000000 -3.0000000 -5.0000000  0.0597468
-999.0000000  615.0000000 -0.0000245  0.0000000 -3.0000000 -5.0000000  0.0620833
-999.0000000  590.0000000 -0.0000247  0.0000000 -3.0000000 -5.0000000  0.0642456
-999.0000000  565.0000000 -0.0000257  0.0000000 -3.0000000 -5.0000000  0.0661110
-999.0000000  540.0000000 -0.0000255  0.0000000 -3.0000000 -5.0000000  0.0673479
-999.0000000  515.0000000 -0.0000228  0.0000000 -3.0000000 -5.0000000  0.0676839
-999.0000000  490.0000000 -0.0000167  0.0000000 -3.0000000 -5.0000000  0.0671593
-999.0000000  465.0000000 -0.0000074  0.0000000 -3.0000000 -5.0000000  0.0662996
-999.0000000  440.0000000  0.0000004  0.0000000 -3.0000000 -5.0000000  0.0658964
-999.0000000  415.0000000  0.0000048  0.0000000 -3.0000000 -5.0000000  0.0668181
-999.0000000  390.0000000  0.0000064  0.0000000 -3.0000000 -5.0000000  0.0697385
-999.0000000  365.0000000  0.0000054  0.0000000 -3.0000000 -5.0000000  0.0747959
-999.0000000  340.0000000  0.0000033  0.0000000 -3.0000000 -5.0000000  0.0813376
-999.0000000  315.0000000  0.0000012  0.0000000 -3.0000000 -5.0000000  0.0878796
-999.0000000  290.0000000  0.0000005  0.0000000 -3.0000000 -5.0000000  0.0928282
-999.0000000  265.0000000  0.0000016  0.0000000 -3.0000000 -5.0000000  0.0947870
-999.0000000  240.0000000  0.0000027  0.0000000 -3.0000000 -5.0000000  0.0920671
-999.0000000  215.0000000  0.0000006  0.0000000 -3.0000000 -5.0000000  0.0825641
-999.0000000  190.0000000 -0.0000042  0.0000000 -3.0000000 -5.0000000  0.0646083
-999.0000000  165.0000000 -0.0000050  0.0000000 -3.0000000 -5.0000000  0.0391395
-999.0000000  140.0000000 -0.0000020 -0.0000000 -3.0000000 -5.0000000  0.0137616
-999.0000000  115.0000000 -0.0000026 -0.0000000 -3.0000000 -5.0000000  0.0006123
-999.0000000   90.0000000 -0.0000051  0.0000000 -3.0000000 -5.0000000 -0.0000007
-999.0000000   65.0000000  0.0000120  0.0000000 -3.0000000 -5.0000000 -0.0000000
-999.0000000   40.0000000  0.0000072  0.0000000 -3.0000000 -5.0000000 -0.0000000
-999.0000000   15.0000000  0.0000103  0.0000000 -3.0000000 -5.0000000 -0.0000000
 183600.000  45   1006.58  day,levels,pres0
-999.0000000 1115.0000000 -0.0000825 -0.0000001 -3.0000000 -5.0000000  0.0023080
-999.0000000 1090.0000000 -0.0000825 -0.0000001 -3.0000000 -5.0000000  0.0023609
-999.0000000 1065.0000000 -0.0000825 -0.0000001 -3.0000000 -5.0000000  0.0024164
-999.0000000 1040.0000000 -0.0000825 -0.0000001 -3.0000000 -5.0000000  0.0024744
-999.0000000 1015.0000000 -0.0000825 -0.0000001 -3.0000000 -5.0000000  0.0025354
-999.0000000  990.0000000 -0.0000825 -0.0000001 -3.0000000 -5.0000000  0.0025994
-999.0000000  965.0000000 -0.0000646 -0.0000001 -3.0000000 -5.0000000  0.0069840
-999.0000000  940.0000000 -0.0000550 -0.0000000 -3.0000000 -5.0000000  0.0116563
-999.0000000  915.0000000 -0.0000560 -0.0000000 -3.0000000 -5.0000000  0.0161788
-999.0000000  890.0000000 -0.0000600 -0.0000000 -3.0000000 -5.0000000  0.0204895
-999.0000000  865.0000000 -0.0000573 -0.0000000 -3.0000000 -5.0000000  0.0246142
-999.0000000  840.0000000 -0.0000468 -0.0000000 -3.0000000 -5.0000000  0.0285529
-999.0000000  815.0000000 -0.0000402 -0.0000000 -3.0000000 -5.0000000  0.0323576
-999.0000000  790.0000000 -0.0000362 -0.0000000 -3.0000000 -5.0000000  0.0361507
-999.0000000  765.0000000 -0.0000349 -0.0000000 -3.0000000 -5.0000000  0.0400813
-999.0000000  740.0000000 -0.0000371 -0.0000000 -3.0000000 -5.0000000  0.0442160
-999.0000000  715.0000000 -0.0000413 -0.0000000 -3.0000000 -5.0000000  0.0484802
-999.0000000  690.0000000 -0.0000414 -0.0000000 -3.0000000 -5.0000000  0.0526884
-999.0000000  665.0000000 -0.0000357 -0.0000000 -3.0000000 -5.0000000  0.0565473
-999.0000000  640.0000000 -0.0000278 -0.0000000 -3.0000000 -5.0000000  0.0598632
-999.0000000  615.0000000 -0.0000193  0.0000000 -3.0000000 -5.0000000  0.0626762
-999.0000000  590.0000000 -0.0000156  0.0000000 -3.0000000 -5.0000000  0.0651464
-999.0000000  565.0000000 -0.0000187  0.0000000 -3.0000000 -5.0000000  0.0673670
-999.0000000  540.0000000 -0.0000231  0.0000000 -3.0000000 -5.0000000  0.0694859
-999.0000000  515.0000000 -0.0000264  0.0000000 -3.0000000 -5.0000000  0.0718734
-999.0000000  490.0000000 -0.0000229  0.0000000 -3.0000000 -5.0000000  0.0748692
-999.0000000  465.0000000 -0.0000111  0.0000000 -3.0000000 -5.0000000  0.0786761
-999.0000000  440.0000000  0.0000025  0.0000000 -3.0000000 -5.0000000  0.0834635
-999.0000000  415.0000000  0.0000151  0.0000000 -3.0000000 -5.0000000  0.0893883
-999.0000000  390.0000000  0.0000248  0.0000000 -3.0000000 -5.0000000  0.0966751
-999.0000000  365.0000000  0.0000303  0.0000000 -3.0000000 -5.0000000  0.1054034
-999.0000000  340.0000000  0.0000320  0.0000000 -3.0000000 -5.0000000  0.1148020
-999.0000000  315.0000000  0.0000301  0.0000000 -3.0000000 -5.0000000  0.1229779
-999.0000000  290.0000000  0.0000255  0.0000000 -3.0000000 -5.0000000  0.1277612
-999.0000000  265.0000000  0.0000186  0.0000000 -3.0000000 -5.0000000  0.1271674
-999.0000000  240.0000000  0.0000084  0.0000000 -3.0000000 -5.0000000  0.1192778
-999.0000000  215.0000000 -0.0000072  0.0000000 -3.0000000 -5.0000000  0.1024244
-999.0000000  190.0000000 -0.0000218 -0.0000000 -3.0000000 -5.0000000  0.0761069
-999.0000000  165.0000000 -0.0000243 -0.0000000 -3.0000000 -5.0000000  0.0435183
-999.0000000  140.0000000 -0.0000261 -0.0000000 -3.0000000 -5.0000000  0.0142234
-999.0000000  115.0000000 -0.0000321 -0.0000000 -3.0000000 -5.0000000  0.0001945
-999.0000000   90.0000000 -0.0000163  0.0000000 -3.0000000 -5.0000000  0.0000004
-999.0000000   65.0000000  0.0000318 -0.0000000 -3.0000000 -5.0000000 -0.0000000
-999.0000000   40.0000000  0.0000108  0.0000000 -3.0000000 -5.0000000 -0.0000000
-999.0000000   15.0000000 -0.0000065 -0.0000000 -3.0000000 -5.0000000 -0.0000000
 194400.000  45   1005.60  day,levels,pres0
-999.0000000 1115.0000000 -0.0000579 -0.0000000 -3.0000000 -5.0000000  0.0031989
-999.0000000 1090.0000000 -0.0000579 -0.0000000 -3.0000000 -5.0000000  0.0032723
-999.0000000 1065.0000000 -0.0000579 -0.0000000 -3.0000000 -5.0000000  0.0033491
-999.0000000 1040.0000000 -0.0000579 -0.0000000 -3.0000000 -5.0000000  0.0034296
-999.0000000 1015.0000000 -0.0000579 -0.0000000 -3.0000000 -5.0000000  0.0035141
-999.0000000  990.0000000 -0.0000579 -0.0000000 -3.0000000 -5.0000000  0.0036029
-999.0000000  965.0000000 -0.0000495 -0.0000000 -3.0000000 -5.0000000  0.0102628
-999.0000000  940.0000000 -0.0000383 -0.0000000 -3.0000000 -5.0000000  0.0177721
-999.0000000  915.0000000 -0.0000387 -0.0000000 -3.0000000 -5.0000000  0.0251462
-999.0000000  890.0000000 -0.0000397 -0.0000000 -3.0000000 -5.0000000  0.0317196
-999.0000000  865.0000000 -0.0000357 -0.0000000 -3.0000000 -5.0000000  0.0374831
-999.0000000  840.0000000 -0.0000250 -0.0000000 -3.0000000 -5.0000000  0.0425465
-999.0000000  815.0000000 -0.0000159 -0.0000000 -3.0000000 -5.0000000  0.0468942
-999.0000000  790.0000000 -0.0000118 -0.0000000 -3.0000000 -5.0000000  0.0506245
-999.0000000  765.0000000 -0.0000107 -0.0000000 -3.0000000 -5.0000000  0.0540081
-999.0000000  740.0000000 -0.0000112 -0.0000000 -3.0000000 -5.0000000  0.0573327
-999.0000000  715.0000000 -0.0000125 -0.0000000 -3.0000000 -5.0000000  0.0607999
-999.0000000  690.0000000 -0.0000147 -0.0000000 -3.0000000 -5.0000000  0.0644260
-999.0000000  665.0000000 -0.0000179 -0.0000000 -3.0000000 -5.0000000  0.0679692
-999.0000000  640.0000000 -0.0000207 -0.0000000 -3.0000000 -5.0000000  0.0710278
-999.0000000  615.0000000 -0.0000225 -0.0000000 -3.0000000 -5.0000000  0.0731924
-999.0000000  590.0000000 -0.0000212  0.0000000 -3.0000000 -5.0000000  0.0744826
-999.0000000  565.0000000 -0.0000171  0.0000000 -3.0000000 -5.0000000  0.0753977
-999.0000000  540.0000000 -0.0000171  0.0000000 -3.0000000 -5.0000000  0.0767390
-999.0000000  515.0000000 -0.0000219  0.0000000 -3.0000000 -5.0000000  0.0796163
-999.0000000  490.0000000 -0.0000228  0.0000000 -3.0000000 -5.0000000  0.0847068
-999.0000000  465.0000000 -0.0000174  0.0000000 -3.0000000 -5.0000000  0.0918451
-999.0000000  440.0000000 -0.0000102  0.0000000 -3.0000000 -5.0000000  0.1005663
-999.0000000  415.0000000 -0.0000037  0.0000000 -3.0000000 -5.0000000  0.1103612
-999.0000000  390.0000000 -0.0000004  0.0000000 -3.0000000 -5.0000000  0.1209887
-999.0000000  365.0000000 -0.0000012  0.0000000 -3.0000000 -5.0000000  0.1324097
-999.0000000  340.0000000 -0.0000041  0.0000000 -3.0000000 -5.0000000  0.1436998
-999.0000000  315.0000000 -0.0000083  0.0000000 -3.0000000 -5.0000000  0.1525496
-999.0000000  290.0000000 -0.0000141  0.0000000 -3.0000000 -5.0000000  0.1562028
-999.0000000  265.0000000 -0.0000208  0.0000000 -3.0000000 -5.0000000  0.1521217
-999.0000000  240.0000000 -0.0000253 -0.0000000 -3.0000000 -5.0000000  0.1382513
-999.0000000  215.0000000 -0.0000261 -0.0000000 -3.0000000 -5.0000000  0.1133129
-999.0000000  190.0000000 -0.0000241 -0.0000000 -3.0000000 -5.0000000  0.0778638
-999.0000000  165.0000000 -0.0000147 -0.0000000 -3.0000000 -5.0000000  0.0380267
-999.0000000  140.0000000 -0.0000065 -0.0000000 -3.0000000 -5.0000000  0.0077961
-999.0000000  115.0000000 -0.0000002 -0.0000000 -3.0000000 -5.0000000 -0.0024488
-999.0000000   90.0000000  0.0000210  0.0000000 -3.0000000 -5.0000000 -0.0000010
-999.0000000   65.0000000  0.0000359 -0.0000000 -3.0000000 -5.0000000 -0.0000000
-999.0000000   40.0000000  0.0000196  0.0000000 -3.0000000 -5.0000000 -0.0000000
-999.0000000   15.0000000 -0.0000048 -0.0000000 -3.0000000 -5.0000000 -0.0000000
 205200.000  45   1005.23  day,levels,pres0
-999.0000000 1115.0000000 -0.0000334 -0.0000000 -3.0000000 -5.0000000  0.0034942
-999.0000000 1090.0000000 -0.0000334 -0.0000000 -3.0000000 -5.0000000  0.0035744
-999.0000000 1065.0000000 -0.0000334 -0.0000000 -3.0000000 -5.0000000  0.0036583
-999.0000000 1040.0000000 -0.0000334 -0.0000000 -3.0000000 -5.0000000  0.0037462
-999.0000000 1015.0000000 -0.0000334 -0.0000000 -3.0000000 -5.0000000  0.0038385
-999.0000000  990.0000000 -0.0000334 -0.0000000 -3.0000000 -5.0000000  0.0039354
-999.0000000  965.0000000 -0.0000347 -0.0000000 -3.0000000 -5.0000000  0.0109142
-999.0000000  940.0000000 -0.0000219 -0.0000000 -3.0000000 -5.0000000  0.0186315
-999.0000000  915.0000000 -0.0000216 -0.0000000 -3.0000000 -5.0000000  0.0268534
-999.0000000  890.0000000 -0.0000194 -0.0000000 -3.0000000 -5.0000000  0.0351709
-999.0000000  865.0000000 -0.0000139 -0.0000000 -3.0000000 -5.0000000  0.0435143
-999.0000000  840.0000000 -0.0000029  0.0000000 -3.0000000 -5.0000000  0.0515989
-999.0000000  815.0000000  0.0000087  0.0000000 -3.0000000 -5.0000000  0.0587703
-999.0000000  790.0000000  0.0000129  0.0000000 -3.0000000 -5.0000000  0.0646771
-999.0000000  765.0000000  0.0000137  0.0000000 -3.0000000 -5.0000000  0.0694883
-999.0000000  740.0000000  0.0000148 -0.0000000 -3.0000000 -5.0000000  0.0735361
-999.0000000  715.0000000  0.0000162 -0.0000000 -3.0000000 -5.0000000  0.0771073
-999.0000000  690.0000000  0.0000119 -0.0000000 -3.0000000 -5.0000000  0.0803553
-999.0000000  665.0000000 -0.0000002 -0.0000000 -3.0000000 -5.0000000  0.0832696
-999.0000000  640.0000000 -0.0000136 -0.0000000 -3.0000000 -5.0000000  0.0857814
-999.0000000  615.0000000 -0.0000255 -0.0000000 -3.0000000 -5.0000000  0.0879428
-999.0000000  590.0000000 -0.0000266 -0.0000000 -3.0000000 -5.0000000  0.0901436
-999.0000000  565.0000000 -0.0000155 -0.0000000 -3.0000000 -5.0000000  0.0929180
-999.0000000  540.0000000 -0.0000111  0.0000000 -3.0000000 -5.0000000  0.0967696
-999.0000000  515.0000000 -0.0000177  0.0000000 -3.0000000 -5.0000000  0.1022948
-999.0000000  490.0000000 -0.0000233  0.0000000 -3.0000000 -5.0000000  0.1098469
-999.0000000  465.0000000 -0.0000244  0.0000000 -3.0000000 -5.0000000  0.1191747
-999.0000000  440.0000000 -0.0000238  0.0000000 -3.0000000 -5.0000000  0.1295934
-999.0000000  415.0000000 -0.0000233  0.0000000 -3.0000000 -5.0000000  0.1401327
-999.0000000  390.0000000 -0.0000264 -0.0000000 -3.0000000 -5.0000000  0.1500935
-999.0000000  365.0000000 -0.0000335 -0.0000000 -3.0000000 -5.0000000  0.1591780
-999.0000000  340.0000000 -0.0000409 -0.0000000 -3.0000000 -5.0000000  0.1666841
-999.0000000  315.0000000 -0.0000471 -0.0000000 -3.0000000 -5.0000000  0.1709396
-999.0000000  290.0000000 -0.0000536 -0.0000000 -3.0000000 -5.0000000  0.1694294
-999.0000000  265.0000000 -0.0000598 -0.0000000 -3.0000000 -5.0000000  0.1593558
-999.0000000  240.0000000 -0.0000580 -0.0000000 -3.0000000 -5.0000000  0.1386058
-999.0000000  215.0000000 -0.0000438 -0.0000000 -3.0000000 -5.0000000  0.1059236
-999.0000000  190.0000000 -0.0000251 -0.0000000 -3.0000000 -5.0000000  0.0626019
-999.0000000  165.0000000 -0.0000040 -0.0000000 -3.0000000 -5.0000000  0.0187185
-999.0000000  140.0000000  0.0000132 -0.0000000 -3.0000000 -5.0000000 -0.0063897
-999.0000000  115.0000000  0.0000317 -0.0000000 -3.0000000 -5.0000000 -0.0074386
-999.0000000   90.0000000  0.0000583  0.0000000 -3.0000000 -5.0000000 -0.0000071
-999.0000000   65.0000000  0.0000400 -0.0000000 -3.0000000 -5.0000000 -0.0000000
-999.0000000   40.0000000  0.0000283  0.0000000 -3.0000000 -5.0000000 -0.0000000
-999.0000000   15.0000000 -0.0000032 -0.0000000 -3.0000000 -5.0000000 -0.0000000
 216000.000  45   1007.20  day,levels,pres0
-999.0000000 1115.0000000  0.0000277 -0.0000000 -3.0000000 -5.0000000  0.0020595
-999.0000000 1090.0000000  0.0000277 -0.0000000 -3.0000000 -5.0000000  0.0021067
-999.0000000 1065.0000000  0.0000277 -0.0000000 -3.0000000 -5.0000000  0.0021562
-999.0000000 1040.0000000  0.0000277 -0.0000000 -3.0000000 -5.0000000  0.0022080
-999.0000000 1015.0000000  0.0000277 -0.0000000 -3.0000000 -5.0000000  0.0022624
-999.0000000  990.0000000  0.0000277 -0.0000000 -3.0000000 -5.0000000  0.0023195
-999.0000000  965.0000000 -0.0000001 -0.0000000 -3.0000000 -5.0000000  0.0057231
-999.0000000  940.0000000 -0.0000088 -0.0000000 -3.0000000 -5.0000000  0.0096951
-999.0000000  915.0000000 -0.0000116 -0.0000000 -3.0000000 -5.0000000  0.0149481
-999.0000000  890.0000000 -0.0000167 -0.0000000 -3.0000000 -5.0000000  0.0214577
-999.0000000  865.0000000 -0.0000153 -0.0000000 -3.0000000 -5.0000000  0.0290042
-999.0000000  840.0000000 -0.0000037 -0.0000000 -3.0000000 -5.0000000  0.0368387
-999.0000000  815.0000000  0.0000056 -0.0000000 -3.0000000 -5.0000000  0.0437806
-999.0000000  790.0000000  0.0000104 -0.0000000 -3.0000000 -5.0000000  0.0491365
-999.0000000  765.0000000  0.0000138 -0.0000000 -3.0000000 -5.0000000  0.0530131
-999.0000000  740.0000000  0.0000162 -0.0000000 -3.0000000 -5.0000000  0.0558227
-999.0000000  715.0000000  0.0000172 -0.0000000 -3.0000000 -5.0000000  0.0579459
-999.0000000  690.0000000  0.0000159 -0.0000000 -3.0000000 -5.0000000  0.0596334
-999.0000000  665.0000000  0.0000123 -0.0000000 -3.0000000 -5.0000000  0.0610504
-999.0000000  640.0000000  0.0000113 -0.0000000 -3.0000000 -5.0000000  0.0625180
-999.0000000  615.0000000  0.0000138 -0.0000000 -3.0000000 -5.0000000  0.0646970
-999.0000000  590.0000000  0.0000147 -0.0000000 -3.0000000 -5.0000000  0.0682832
-999.0000000  565.0000000  0.0000125  0.0000000 -3.0000000 -5.0000000  0.0736174
-999.0000000  540.0000000  0.0000090  0.0000000 -3.0000000 -5.0000000  0.0807622
-999.0000000  515.0000000  0.0000048  0.0000000 -3.0000000 -5.0000000  0.0897016
-999.0000000  490.0000000  0.0000021  0.0000000 -3.0000000 -5.0000000  0.1004308
-999.0000000  465.0000000  0.0000016  0.0000000 -3.0000000 -5.0000000  0.1127152
-999.0000000  440.0000000  0.0000020  0.0000000 -3.0000000 -5.0000000  0.1257344
-999.0000000  415.0000000  0.0000026 -0.0000000 -3.0000000 -5.0000000  0.1380717
-999.0000000  390.0000000  0.0000029 -0.0000000 -3.0000000 -5.0000000  0.1486122
-999.0000000  365.0000000  0.0000018 -0.0000000 -3.0000000 -5.0000000  0.1568783
-999.0000000  340.0000000 -0.0000025 -0.0000000 -3.0000000 -5.0000000  0.1624233
-999.0000000  315.0000000 -0.0000089 -0.0000000 -3.0000000 -5.0000000  0.1642051
-999.0000000  290.0000000 -0.0000116 -0.0000000 -3.0000000 -5.0000000  0.1599991
-999.0000000  265.0000000 -0.0000101 -0.0000000 -3.0000000 -5.0000000  0.1468222
-999.0000000  240.0000000 -0.0000105 -0.0000000 -3.0000000 -5.0000000  0.1225710
-999.0000000  215.0000000 -0.0000125 -0.0000000 -3.0000000 -5.0000000  0.0862552
-999.0000000  190.0000000 -0.0000084 -0.0000000 -3.0000000 -5.0000000  0.0401820
-999.0000000  165.0000000  0.0000035 -0.0000000 -3.0000000 -5.0000000 -0.0022209
-999.0000000  140.0000000  0.0000118 -0.0000000 -3.0000000 -5.0000000 -0.0187575
-999.0000000  115.0000000  0.0000161 -0.0000000 -3.0000000 -5.0000000 -0.0109327
-999.0000000   90.0000000  0.0000219  0.0000000 -3.0000000 -5.0000000  0.0000035
-999.0000000   65.0000000  0.0000051 -0.0000000 -3.0000000 -5.0000000 -0.0000000
-999.0000000   40.0000000  0.0000088  0.0000000 -3.0000000 -5.0000000 -0.0000000
-999.0000000   15.0000000 -0.0000013 -0.0000000 -3.0000000 -5.0000000 -0.0000000
 226800.000  45   1007.52  day,levels,pres0
-999.0000000 1115.0000000  0.0000876 -0.0000001 -3.0000000 -5.0000000 -0.0030479
-999.0000000 1090.0000000  0.0000876 -0.0000001 -3.0000000 -5.0000000 -0.0031178
-999.0000000 1065.0000000  0.0000876 -0.0000001 -3.0000000 -5.0000000 -0.0031910
-999.0000000 1040.0000000  0.0000876 -0.0000001 -3.0000000 -5.0000000 -0.0032677
-999.0000000 1015.0000000  0.0000876 -0.0000001 -3.0000000 -5.0000000 -0.0033482
-999.0000000  990.0000000  0.0000876 -0.0000001 -3.0000000 -5.0000000 -0.0034327
-999.0000000  965.0000000  0.0000336 -0.0000001 -3.0000000 -5.0000000 -0.0082792
-999.0000000  940.0000000  0.0000043 -0.0000000 -3.0000000 -5.0000000 -0.0124211
-999.0000000  915.0000000 -0.0000010 -0.0000000 -3.0000000 -5.0000000 -0.0152892
-999.0000000  890.0000000 -0.0000131 -0.0000000 -3.0000000 -5.0000000 -0.0168201
-999.0000000  865.0000000 -0.0000158 -0.0000000 -3.0000000 -5.0000000 -0.0175196
-999.0000000  840.0000000 -0.0000040 -0.0000001 -3.0000000 -5.0000000 -0.0177658
-999.0000000  815.0000000  0.0000025 -0.0000001 -3.0000000 -5.0000000 -0.0177570
-999.0000000  790.0000000  0.0000076 -0.0000001 -3.0000000 -5.0000000 -0.0179911
-999.0000000  765.0000000  0.0000136 -0.0000000 -3.0000000 -5.0000000 -0.0187877
-999.0000000  740.0000000  0.0000175 -0.0000000 -3.0000000 -5.0000000 -0.0198433
-999.0000000  715.0000000  0.0000184 -0.0000000 -3.0000000 -5.0000000 -0.0206018
-999.0000000  690.0000000  0.0000203 -0.0000000 -3.0000000 -5.0000000 -0.0205067
-999.0000000  665.0000000  0.0000250 -0.0000000 -3.0000000 -5.0000000 -0.0189212
-999.0000000  640.0000000  0.0000364  0.0000000 -3.0000000 -5.0000000 -0.0152014
-999.0000000  615.0000000  0.0000535  0.0000000 -3.0000000 -5.0000000 -0.0088982
-999.0000000  590.0000000  0.0000565  0.0000000 -3.0000000 -5.0000000 -0.0001492
-999.0000000  565.0000000  0.0000411  0.0000000 -3.0000000 -5.0000000  0.0102277
-999.0000000  540.0000000  0.0000298  0.0000000 -3.0000000 -5.0000000  0.0216982
-999.0000000  515.0000000  0.0000283  0.0000000 -3.0000000 -5.0000000  0.0343531
-999.0000000  490.0000000  0.0000288  0.0000000 -3.0000000 -5.0000000  0.0481779
-999.0000000  465.0000000  0.0000292  0.0000000 -3.0000000 -5.0000000  0.0627001
-999.0000000  440.0000000  0.0000295 -0.0000000 -3.0000000 -5.0000000  0.0770186
-999.0000000  415.0000000  0.0000301 -0.0000000 -3.0000000 -5.0000000  0.0900696
-999.0000000  390.0000000  0.0000335 -0.0000000 -3.0000000 -5.0000000  0.1013190
-999.0000000  365.0000000  0.0000382 -0.0000000 -3.0000000 -5.0000000  0.1109513
-999.0000000  340.0000000  0.0000366 -0.0000000 -3.0000000 -5.0000000  0.1188564
-999.0000000  315.0000000  0.0000294 -0.0000000 -3.0000000 -5.0000000  0.1240596
-999.0000000  290.0000000  0.0000296  0.0000000 -3.0000000 -5.0000000  0.1251802
-999.0000000  265.0000000  0.0000375  0.0000000 -3.0000000 -5.0000000  0.1204251
-999.0000000  240.0000000  0.0000338  0.0000000 -3.0000000 -5.0000000  0.1081666
-999.0000000  215.0000000  0.0000148  0.0000000 -3.0000000 -5.0000000  0.0876304
-999.0000000  190.0000000  0.0000044 -0.0000000 -3.0000000 -5.0000000  0.0604646
-999.0000000  165.0000000  0.0000085 -0.0000000 -3.0000000 -5.0000000  0.0336411
-999.0000000  140.0000000  0.0000104 -0.0000000 -3.0000000 -5.0000000  0.0125165
-999.0000000  115.0000000  0.0000008 -0.0000000 -3.0000000 -5.0000000  0.0008546
-999.0000000   90.0000000 -0.0000141  0.0000000 -3.0000000 -5.0000000 -0.0000051
-999.0000000   65.0000000 -0.0000294 -0.0000000 -3.0000000 -5.0000000 -0.0000000
-999.0000000   40.0000000 -0.0000104 -0.0000000 -3.0000000 -5.0000000 -0.0000000
-999.0000000   15.0000000  0.0000007  0.0000000 -3.0000000 -5.0000000 -0.0000000
 237600.000  45   1002.88  day,levels,pres0
-999.0000000 1115.0000000  0.0000264 -0.0000000 -3.0000000 -5.0000000 -0.0028092
-999.0000000 1090.0000000  0.0000264 -0.0000000 -3.0000000 -5.0000000 -0.0028737
-999.0000000 1065.0000000  0.0000264 -0.0000000 -3.0000000 -5.0000000 -0.0029411
-999.0000000 1040.0000000  0.0000264 -0.0000000 -3.0000000 -5.0000000 -0.0030118
-999.0000000 1015.0000000  0.0000264 -0.0000000 -3.0000000 -5.0000000 -0.0030860
-999.0000000  990.0000000  0.0000264 -0.0000000 -3.0000000 -5.0000000 -0.0031639
-999.0000000  965.0000000  0.0000172 -0.0000000 -3.0000000 -5.0000000 -0.0092776
-999.0000000  940.0000000  0.0000088 -0.0000000 -3.0000000 -5.0000000 -0.0151564
-999.0000000  915.0000000  0.0000131 -0.0000000 -3.0000000 -5.0000000 -0.0205779
-999.0000000  890.0000000  0.0000193 -0.0000000 -3.0000000 -5.0000000 -0.0255733
-999.0000000  865.0000000  0.0000256 -0.0000000 -3.0000000 -5.0000000 -0.0299690
-999.0000000  840.0000000  0.0000292 -0.0000000 -3.0000000 -5.0000000 -0.0325211
-999.0000000  815.0000000  0.0000298 -0.0000000 -3.0000000 -5.0000000 -0.0326547
-999.0000000  790.0000000  0.0000297 -0.0000000 -3.0000000 -5.0000000 -0.0318982
-999.0000000  765.0000000  0.0000294 -0.0000000 -3.0000000 -5.0000000 -0.0317458
-999.0000000  740.0000000  0.0000286 -0.0000000 -3.0000000 -5.0000000 -0.0322354
-999.0000000  715.0000000  0.0000282 -0.0000000 -3.0000000 -5.0000000 -0.0327553
-999.0000000  690.0000000  0.0000291 -0.0000000 -3.0000000 -5.0000000 -0.0324430
-999.0000000  665.0000000  0.0000324 -0.0000000 -3.0000000 -5.0000000 -0.0301659
-999.0000000  640.0000000  0.0000390 -0.0000000 -3.0000000 -5.0000000 -0.0251307
-999.0000000  615.0000000  0.0000481 -0.0000000 -3.0000000 -5.0000000 -0.0172814
-999.0000000  590.0000000  0.0000486 -0.0000000 -3.0000000 -5.0000000 -0.0070450
-999.0000000  565.0000000  0.0000383 -0.0000000 -3.0000000 -5.0000000  0.0047402
-999.0000000  540.0000000  0.0000304 -0.0000000 -3.0000000 -5.0000000  0.0173914
-999.0000000  515.0000000  0.0000278 -0.0000000 -3.0000000 -5.0000000  0.0305742
-999.0000000  490.0000000  0.0000240 -0.0000000 -3.0000000 -5.0000000  0.0440136
-999.0000000  465.0000000  0.0000174 -0.0000000 -3.0000000 -5.0000000  0.0574187
-999.0000000  440.0000000  0.0000116 -0.0000000 -3.0000000 -5.0000000  0.0701163
-999.0000000  415.0000000  0.0000079 -0.0000000 -3.0000000 -5.0000000  0.0813126
-999.0000000  390.0000000  0.0000070 -0.0000000 -3.0000000 -5.0000000  0.0907237
-999.0000000  365.0000000  0.0000081 -0.0000000 -3.0000000 -5.0000000  0.0987141
-999.0000000  340.0000000  0.0000077 -0.0000000 -3.0000000 -5.0000000  0.1052532
-999.0000000  315.0000000  0.0000056 -0.0000000 -3.0000000 -5.0000000  0.1093970
-999.0000000  290.0000000  0.0000053 -0.0000000 -3.0000000 -5.0000000  0.1103364
-999.0000000  265.0000000  0.0000069  0.0000000 -3.0000000 -5.0000000  0.1070362
-999.0000000  240.0000000  0.0000046  0.0000000 -3.0000000 -5.0000000  0.0987152
-999.0000000  215.0000000 -0.0000006 -0.0000000 -3.0000000 -5.0000000  0.0861631
-999.0000000  190.0000000  0.0000017 -0.0000000 -3.0000000 -5.0000000  0.0712133
-999.0000000  165.0000000  0.0000083  0.0000000 -3.0000000 -5.0000000  0.0553963
-999.0000000  140.0000000  0.0000121  0.0000000 -3.0000000 -5.0000000  0.0318386
-999.0000000  115.0000000  0.0000058 -0.0000000 -3.0000000 -5.0000000  0.0081396
-999.0000000   90.0000000 -0.0000157 -0.0000000 -3.0000000 -5.0000000 -0.0000051
-999.0000000   65.0000000 -0.0000313  0.0000000 -3.0000000 -5.0000000 -0.0000000
-999.0000000   40.0000000 -0.0000226 -0.0000000 -3.0000000 -5.0000000 -0.0000000
-999.0000000   15.0000000 -0.0000062 -0.0000000 -3.0000000 -5.0000000 -0.0000000
 248400.000  45   1001.39  day,levels,pres0
-999.0000000 1115.0000000 -0.0000337  0.0000000 -3.0000000 -5.0000000 -0.0015692
-999.0000000 1090.0000000 -0.0000337  0.0000000 -3.0000000 -5.0000000 -0.0016052
-999.0000000 1065.0000000 -0.0000337  0.0000000 -3.0000000 -5.0000000 -0.0016429
-999.0000000 1040.0000000 -0.0000337  0.0000000 -3.0000000 -5.0000000 -0.0016823
-999.0000000 1015.0000000 -0.0000337  0.0000000 -3.0000000 -5.0000000 -0.0017238
-999.0000000  990.0000000 -0.0000337  0.0000000 -3.0000000 -5.0000000 -0.0017673
-999.0000000  965.0000000  0.0000015  0.0000000 -3.0000000 -5.0000000 -0.0058963
-999.0000000  940.0000000  0.0000135  0.0000000 -3.0000000 -5.0000000 -0.0101775
-999.0000000  915.0000000  0.0000269 -0.0000000 -3.0000000 -5.0000000 -0.0138220
-999.0000000  890.0000000  0.0000513 -0.0000000 -3.0000000 -5.0000000 -0.0162509
-999.0000000  865.0000000  0.0000665 -0.0000000 -3.0000000 -5.0000000 -0.0175796
-999.0000000  840.0000000  0.0000620 -0.0000000 -3.0000000 -5.0000000 -0.0181612
-999.0000000  815.0000000  0.0000570 -0.0000000 -3.0000000 -5.0000000 -0.0182182
-999.0000000  790.0000000  0.0000522 -0.0000000 -3.0000000 -5.0000000 -0.0182757
-999.0000000  765.0000000  0.0000457 -0.0000000 -3.0000000 -5.0000000 -0.0189191
-999.0000000  740.0000000  0.0000403 -0.0000000 -3.0000000 -5.0000000 -0.0203044
-999.0000000  715.0000000  0.0000382 -0.0000000 -3.0000000 -5.0000000 -0.0222649
-999.0000000  690.0000000  0.0000380 -0.0000000 -3.0000000 -5.0000000 -0.0243053
-999.0000000  665.0000000  0.0000395 -0.0000000 -3.0000000 -5.0000000 -0.0255586
-999.0000000  640.0000000  0.0000409 -0.0000000 -3.0000000 -5.0000000 -0.0252787
-999.0000000  615.0000000  0.0000414 -0.0000000 -3.0000000 -5.0000000 -0.0230543
-999.0000000  590.0000000  0.0000392 -0.0000000 -3.0000000 -5.0000000 -0.0188024
-999.0000000  565.0000000  0.0000340 -0.0000000 -3.0000000 -5.0000000 -0.0128312
-999.0000000  540.0000000  0.0000294 -0.0000000 -3.0000000 -5.0000000 -0.0054539
-999.0000000  515.0000000  0.0000254 -0.0000000 -3.0000000 -5.0000000  0.0030443
-999.0000000  490.0000000  0.0000170 -0.0000000 -3.0000000 -5.0000000  0.0120261
-999.0000000  465.0000000  0.0000033 -0.0000000 -3.0000000 -5.0000000  0.0204175
-999.0000000  440.0000000 -0.0000086 -0.0000000 -3.0000000 -5.0000000  0.0272252
-999.0000000  415.0000000 -0.0000160 -0.0000000 -3.0000000 -5.0000000  0.0319663
-999.0000000  390.0000000 -0.0000207 -0.0000000 -3.0000000 -5.0000000  0.0348693
-999.0000000  365.0000000 -0.0000226 -0.0000000 -3.0000000 -5.0000000  0.0368177
-999.0000000  340.0000000 -0.0000211 -0.0000000 -3.0000000 -5.0000000  0.0381804
-999.0000000  315.0000000 -0.0000175 -0.0000000 -3.0000000 -5.0000000  0.0382818
-999.0000000  290.0000000 -0.0000172 -0.0000000 -3.0000000 -5.0000000  0.0363954
-999.0000000  265.0000000 -0.0000206 -0.0000000 -3.0000000 -5.0000000  0.0321999
-999.0000000  240.0000000 -0.0000205 -0.0000000 -3.0000000 -5.0000000  0.0258498
-999.0000000  215.0000000 -0.0000112 -0.0000000 -3.0000000 -5.0000000  0.0174407
-999.0000000  190.0000000  0.0000035 -0.0000000 -3.0000000 -5.0000000  0.0073932
-999.0000000  165.0000000  0.0000107  0.0000000 -3.0000000 -5.0000000 -0.0001890
-999.0000000  140.0000000  0.0000136  0.0000000 -3.0000000 -5.0000000 -0.0022125
-999.0000000  115.0000000  0.0000104  0.0000000 -3.0000000 -5.0000000 -0.0012275
-999.0000000   90.0000000 -0.0000178 -0.0000000 -3.0000000 -5.0000000  0.0000014
-999.0000000   65.0000000 -0.0000335  0.0000000 -3.0000000 -5.0000000 -0.0000000
-999.0000000   40.0000000 -0.0000350 -0.0000000 -3.0000000 -5.0000000 -0.0000000
-999.0000000   15.0000000 -0.0000133 -0.0000000 -3.0000000 -5.0000000 -0.0000000
 259200.000  45   1004.32  day,levels,pres0
-999.0000000 1115.0000000 -0.0000319  0.0000000 -3.0000000 -5.0000000 -0.0007291
-999.0000000 1090.0000000 -0.0000319  0.0000000 -3.0000000 -5.0000000 -0.0007458
-999.0000000 1065.0000000 -0.0000319  0.0000000 -3.0000000 -5.0000000 -0.0007633
-999.0000000 1040.0000000 -0.0000319  0.0000000 -3.0000000 -5.0000000 -0.0007817
-999.0000000 1015.0000000 -0.0000319  0.0000000 -3.0000000 -5.0000000 -0.0008009
-999.0000000  990.0000000 -0.0000319  0.0000000 -3.0000000 -5.0000000 -0.0008211
-999.0000000  965.0000000  0.0000047  0.0000000 -3.0000000 -5.0000000 -0.0028435
-999.0000000  940.0000000  0.0000260 -0.0000000 -3.0000000 -5.0000000 -0.0053626
-999.0000000  915.0000000  0.0000362 -0.0000000 -3.0000000 -5.0000000 -0.0071267
-999.0000000  890.0000000  0.0000461 -0.0000000 -3.0000000 -5.0000000 -0.0071832
-999.0000000  865.0000000  0.0000466 -0.0000000 -3.0000000 -5.0000000 -0.0058840
-999.0000000  840.0000000  0.0000341 -0.0000000 -3.0000000 -5.0000000 -0.0044574
-999.0000000  815.0000000  0.0000234 -0.0000000 -3.0000000 -5.0000000 -0.0036085
-999.0000000  790.0000000  0.0000160 -0.0000000 -3.0000000 -5.0000000 -0.0033317
-999.0000000  765.0000000  0.0000083 -0.0000000 -3.0000000 -5.0000000 -0.0035588
-999.0000000  740.0000000  0.0000013 -0.0000000 -3.0000000 -5.0000000 -0.0044205
-999.0000000  715.0000000 -0.0000035  0.0000000 -3.0000000 -5.0000000 -0.0060572
-999.0000000  690.0000000 -0.0000056  0.0000000 -3.0000000 -5.0000000 -0.0083890
-999.0000000  665.0000000 -0.0000044  0.0000000 -3.0000000 -5.0000000 -0.0110642
-999.0000000  640.0000000 -0.0000020 -0.0000000 -3.0000000 -5.0000000 -0.0135568
-999.0000000  615.0000000  0.0000010 -0.0000000 -3.0000000 -5.0000000 -0.0151773
-999.0000000  590.0000000  0.0000021 -0.0000000 -3.0000000 -5.0000000 -0.0153287
-999.0000000  565.0000000  0.0000008 -0.0000000 -3.0000000 -5.0000000 -0.0136129
-999.0000000  540.0000000 -0.0000012 -0.0000000 -3.0000000 -5.0000000 -0.0099211
-999.0000000  515.0000000 -0.0000040 -0.0000000 -3.0000000 -5.0000000 -0.0046152
-999.0000000  490.0000000 -0.0000089 -0.0000000 -3.0000000 -5.0000000  0.0011916
-999.0000000  465.0000000 -0.0000160 -0.0000000 -3.0000000 -5.0000000  0.0055855
-999.0000000  440.0000000 -0.0000224 -0.0000000 -3.0000000 -5.0000000  0.0071894
-999.0000000  415.0000000 -0.0000264 -0.0000000 -3.0000000 -5.0000000  0.0058317
-999.0000000  390.0000000 -0.0000269 -0.0000000 -3.0000000 -5.0000000  0.0024322
-999.0000000  365.0000000 -0.0000240 -0.0000000 -3.0000000 -5.0000000 -0.0013514
-999.0000000  340.0000000 -0.0000213 -0.0000000 -3.0000000 -5.0000000 -0.0047248
-999.0000000  315.0000000 -0.0000206 -0.0000000 -3.0000000 -5.0000000 -0.0083097
-999.0000000  290.0000000 -0.0000217 -0.0000000 -3.0000000 -5.0000000 -0.0129504
-999.0000000  265.0000000 -0.0000229 -0.0000000 -3.0000000 -5.0000000 -0.0186005
-999.0000000  240.0000000 -0.0000195 -0.0000000 -3.0000000 -5.0000000 -0.0243510
-999.0000000  215.0000000 -0.0000109 -0.0000000 -3.0000000 -5.0000000 -0.0301681
-999.0000000  190.0000000 -0.0000010 -0.0000000 -3.0000000 -5.0000000 -0.0363361
-999.0000000  165.0000000  0.0000067 -0.0000000 -3.0000000 -5.0000000 -0.0375609
-999.0000000  140.0000000  0.0000121  0.0000000 -3.0000000 -5.0000000 -0.0248213
-999.0000000  115.0000000  0.0000115  0.0000000 -3.0000000 -5.0000000 -0.0073324
-999.0000000   90.0000000  0.0000015 -0.0000000 -3.0000000 -5.0000000 -0.0000011
-999.0000000   65.0000000 -0.0000036  0.0000000 -3.0000000 -5.0000000 -0.0000000
-999.0000000   40.0000000 -0.0000017 -0.0000000 -3.0000000 -5.0000000 -0.0000000
-999.0000000   15.0000000  0.0000060  0.0000000 -3.0000000 -5.0000000 -0.0000000
 266400.000  45   1006.74  day,levels,pres0
-999.0000000 1115.0000000 -0.0000302  0.0000000 -3.0000000 -5.0000000 -0.0011907
-999.0000000 1090.0000000 -0.0000302  0.0000000 -3.0000000 -5.0000000 -0.0012180
-999.0000000 1065.0000000 -0.0000302  0.0000000 -3.0000000 -5.0000000 -0.0012466
-999.0000000 1040.0000000 -0.0000302  0.0000000 -3.0000000 -5.0000000 -0.0012766
-999.0000000 1015.0000000 -0.0000302  0.0000000 -3.0000000 -5.0000000 -0.0013080
-999.0000000  990.0000000 -0.0000302  0.0000000 -3.0000000 -5.0000000 -0.0013410
-999.0000000  965.0000000  0.0000080  0.0000000 -3.0000000 -5.0000000 -0.0038975
-999.0000000  940.0000000  0.0000385 -0.0000000 -3.0000000 -5.0000000 -0.0066524
-999.0000000  915.0000000  0.0000453 -0.0000000 -3.0000000 -5.0000000 -0.0085039
-999.0000000  890.0000000  0.0000407 -0.0000000 -3.0000000 -5.0000000 -0.0088380
-999.0000000  865.0000000  0.0000263 -0.0000000 -3.0000000 -5.0000000 -0.0078073
-999.0000000  840.0000000  0.0000059 -0.0000000 -3.0000000 -5.0000000 -0.0062007
-999.0000000  815.0000000 -0.0000103 -0.0000000 -3.0000000 -5.0000000 -0.0047714
-999.0000000  790.0000000 -0.0000204 -0.0000000 -3.0000000 -5.0000000 -0.0038139
-999.0000000  765.0000000 -0.0000295 -0.0000000 -3.0000000 -5.0000000 -0.0033458
-999.0000000  740.0000000 -0.0000382  0.0000000 -3.0000000 -5.0000000 -0.0033519
-999.0000000  715.0000000 -0.0000459  0.0000000 -3.0000000 -5.0000000 -0.0038155
-999.0000000  690.0000000 -0.0000497  0.0000000 -3.0000000 -5.0000000 -0.0046212
-999.0000000  665.0000000 -0.0000483  0.0000000 -3.0000000 -5.0000000 -0.0055005
-999.0000000  640.0000000 -0.0000445  0.0000000 -3.0000000 -5.0000000 -0.0061758
-999.0000000  615.0000000 -0.0000388  0.0000000 -3.0000000 -5.0000000 -0.0064085
-999.0000000  590.0000000 -0.0000340  0.0000000 -3.0000000 -5.0000000 -0.0059330
-999.0000000  565.0000000 -0.0000313 -0.0000000 -3.0000000 -5.0000000 -0.0044577
-999.0000000  540.0000000 -0.0000307 -0.0000000 -3.0000000 -5.0000000 -0.0018387
-999.0000000  515.0000000 -0.0000322 -0.0000000 -3.0000000 -5.0000000  0.0017623
-999.0000000  490.0000000 -0.0000335 -0.0000000 -3.0000000 -5.0000000  0.0055993
-999.0000000  465.0000000 -0.0000342 -0.0000000 -3.0000000 -5.0000000  0.0083198
-999.0000000  440.0000000 -0.0000354 -0.0000000 -3.0000000 -5.0000000  0.0090722
-999.0000000  415.0000000 -0.0000363 -0.0000000 -3.0000000 -5.0000000  0.0080426
-999.0000000  390.0000000 -0.0000330 -0.0000000 -3.0000000 -5.0000000  0.0060860
-999.0000000  365.0000000 -0.0000257 -0.0000000 -3.0000000 -5.0000000  0.0044015
-999.0000000  340.0000000 -0.0000222 -0.0000000 -3.0000000 -5.0000000  0.0037037
-999.0000000  315.0000000 -0.0000245 -0.0000000 -3.0000000 -5.0000000  0.0037394
-999.0000000  290.0000000 -0.0000272 -0.0000000 -3.0000000 -5.0000000  0.0034999
-999.0000000  265.0000000 -0.0000265 -0.0000000 -3.0000000 -5.0000000  0.0018547
-999.0000000  240.0000000 -0.0000200 -0.0000000 -3.0000000 -5.0000000 -0.0013983
-999.0000000  215.0000000 -0.0000122 -0.0000000 -3.0000000 -5.0000000 -0.0062149
-999.0000000  190.0000000 -0.0000068  0.0000000 -3.0000000 -5.0000000 -0.0127933
-999.0000000  165.0000000  0.0000023 -0.0000000 -3.0000000 -5.0000000 -0.0174361
-999.0000000  140.0000000  0.0000108 -0.0000000 -3.0000000 -5.0000000 -0.0138257
-999.0000000  115.0000000  0.0000128  0.0000000 -3.0000000 -5.0000000 -0.0054182
-999.0000000   90.0000000  0.0000208  0.0000000 -3.0000000 -5.0000000 -0.0000013
-999.0000000   65.0000000  0.0000264 -0.0000000 -3.0000000 -5.0000000 -0.0000000
-999.0000000   40.0000000  0.0000318  0.0000000 -3.0000000 -5.0000000 -0.0000000
-999.0000000   15.0000000  0.0000252  0.0000000 -3.0000000 -5.0000000 -0.0000000
 277200.000  45   1005.87  day,levels,pres0
-999.0000000 1115.0000000 -0.0000127  0.0000000 -3.0000000 -5.0000000 -0.0011720
-999.0000000 1090.0000000 -0.0000127  0.0000000 -3.0000000 -5.0000000 -0.0011989
-999.0000000 1065.0000000 -0.0000127  0.0000000 -3.0000000 -5.0000000 -0.0012270
-999.0000000 1040.0000000 -0.0000127  0.0000000 -3.0000000 -5.0000000 -0.0012565
-999.0000000 1015.0000000 -0.0000127  0.0000000 -3.0000000 -5.0000000 -0.0012875
-999.0000000  990.0000000 -0.0000127  0.0000000 -3.0000000 -5.0000000 -0.0013200
-999.0000000  965.0000000 -0.0000042 -0.0000000 -3.0000000 -5.0000000 -0.0038351
-999.0000000  940.0000000  0.0000152 -0.0000000 -3.0000000 -5.0000000 -0.0063688
-999.0000000  915.0000000  0.0000206 -0.0000000 -3.0000000 -5.0000000 -0.0080392
-999.0000000  890.0000000  0.0000205 -0.0000000 -3.0000000 -5.0000000 -0.0085393
-999.0000000  865.0000000  0.0000127 -0.0000000 -3.0000000 -5.0000000 -0.0079035
-999.0000000  840.0000000  0.0000011 -0.0000000 -3.0000000 -5.0000000 -0.0065758
-999.0000000  815.0000000 -0.0000044 -0.0000000 -3.0000000 -5.0000000 -0.0052310
-999.0000000  790.0000000 -0.0000053 -0.0000000 -3.0000000 -5.0000000 -0.0043003
-999.0000000  765.0000000 -0.0000055 -0.0000000 -3.0000000 -5.0000000 -0.0038574
-999.0000000  740.0000000 -0.0000059 -0.0000000 -3.0000000 -5.0000000 -0.0037994
-999.0000000  715.0000000 -0.0000069  0.0000000 -3.0000000 -5.0000000 -0.0040136
-999.0000000  690.0000000 -0.0000083  0.0000000 -3.0000000 -5.0000000 -0.0043902
-999.0000000  665.0000000 -0.0000102  0.0000000 -3.0000000 -5.0000000 -0.0047885
-999.0000000  640.0000000 -0.0000125  0.0000000 -3.0000000 -5.0000000 -0.0051918
-999.0000000  615.0000000 -0.0000147  0.0000000 -3.0000000 -5.0000000 -0.0057596
-999.0000000  590.0000000 -0.0000155  0.0000000 -3.0000000 -5.0000000 -0.0064427
-999.0000000  565.0000000 -0.0000146 -0.0000000 -3.0000000 -5.0000000 -0.0068549
-999.0000000  540.0000000 -0.0000140 -0.0000000 -3.0000000 -5.0000000 -0.0066880
-999.0000000  515.0000000 -0.0000145 -0.0000000 -3.0000000 -5.0000000 -0.0059099
-999.0000000  490.0000000 -0.0000160 -0.0000000 -3.0000000 -5.0000000 -0.0049656
-999.0000000  465.0000000 -0.0000182 -0.0000000 -3.0000000 -5.0000000 -0.0047744
-999.0000000  440.0000000 -0.0000199 -0.0000000 -3.0000000 -5.0000000 -0.0057719
-999.0000000  415.0000000 -0.0000203 -0.0000000 -3.0000000 -5.0000000 -0.0075044
-999.0000000  390.0000000 -0.0000191 -0.0000000 -3.0000000 -5.0000000 -0.0091757
-999.0000000  365.0000000 -0.0000168 -0.0000000 -3.0000000 -5.0000000 -0.0099340
-999.0000000  340.0000000 -0.0000166 -0.0000000 -3.0000000 -5.0000000 -0.0090330
-999.0000000  315.0000000 -0.0000193 -0.0000000 -3.0000000 -5.0000000 -0.0062467
-999.0000000  290.0000000 -0.0000228 -0.0000000 -3.0000000 -5.0000000 -0.0027382
-999.0000000  265.0000000 -0.0000251 -0.0000000 -3.0000000 -5.0000000 -0.0007900
-999.0000000  240.0000000 -0.0000241 -0.0000000 -3.0000000 -5.0000000 -0.0016107
-999.0000000  215.0000000 -0.0000174 -0.0000000 -3.0000000 -5.0000000 -0.0051141
-999.0000000  190.0000000 -0.0000020 -0.0000000 -3.0000000 -5.0000000 -0.0111164
-999.0000000  165.0000000  0.0000149 -0.0000000 -3.0000000 -5.0000000 -0.0161870
-999.0000000  140.0000000  0.0000168 -0.0000000 -3.0000000 -5.0000000 -0.0139342
-999.0000000  115.0000000  0.0000073  0.0000000 -3.0000000 -5.0000000 -0.0063718
-999.0000000   90.0000000  0.0000092  0.0000000 -3.0000000 -5.0000000  0.0000019
-999.0000000   65.0000000  0.0000121 -0.0000000 -3.0000000 -5.0000000 -0.0000000
-999.0000000   40.0000000  0.0000114  0.0000000 -3.0000000 -5.0000000 -0.0000000
-999.0000000   15.0000000  0.0000020  0.0000000 -3.0000000 -5.0000000 -0.0000000
 288000.000  45   1005.28  day,levels,pres0
-999.0000000 1115.0000000  0.0000052  0.0000000 -3.0000000 -5.0000000 -0.0004639
-999.0000000 1090.0000000  0.0000052  0.0000000 -3.0000000 -5.0000000 -0.0004745
-999.0000000 1065.0000000  0.0000052  0.0000000 -3.0000000 -5.0000000 -0.0004856
-999.0000000 1040.0000000  0.0000052  0.0000000 -3.0000000 -5.0000000 -0.0004973
-999.0000000 1015.0000000  0.0000052  0.0000000 -3.0000000 -5.0000000 -0.0005096
-999.0000000  990.0000000  0.0000052  0.0000000 -3.0000000 -5.0000000 -0.0005224
-999.0000000  965.0000000 -0.0000160 -0.0000000 -3.0000000 -5.0000000 -0.0017271
-999.0000000  940.0000000 -0.0000079 -0.0000000 -3.0000000 -5.0000000 -0.0031725
-999.0000000  915.0000000 -0.0000040 -0.0000000 -3.0000000 -5.0000000 -0.0042363
-999.0000000  890.0000000  0.0000002  0.0000000 -3.0000000 -5.0000000 -0.0045747
-999.0000000  865.0000000 -0.0000011 -0.0000000 -3.0000000 -5.0000000 -0.0042807
-999.0000000  840.0000000 -0.0000039 -0.0000000 -3.0000000 -5.0000000 -0.0039020
-999.0000000  815.0000000  0.0000012 -0.0000000 -3.0000000 -5.0000000 -0.0040625
-999.0000000  790.0000000  0.0000096 -0.0000000 -3.0000000 -5.0000000 -0.0050290
-999.0000000  765.0000000  0.0000184 -0.0000000 -3.0000000 -5.0000000 -0.0065902
-999.0000000  740.0000000  0.0000262 -0.0000000 -3.0000000 -5.0000000 -0.0082500
-999.0000000  715.0000000  0.0000320 -0.0000000 -3.0000000 -5.0000000 -0.0095252
-999.0000000  690.0000000  0.0000331 -0.0000000 -3.0000000 -5.0000000 -0.0101823
-999.0000000  665.0000000  0.0000280 -0.0000000 -3.0000000 -5.0000000 -0.0102193
-999.0000000  640.0000000  0.0000197 -0.0000000 -3.0000000 -5.0000000 -0.0098092
-999.0000000  615.0000000  0.0000093  0.0000000 -3.0000000 -5.0000000 -0.0093052
-999.0000000  590.0000000  0.0000028  0.0000000 -3.0000000 -5.0000000 -0.0088609
-999.0000000  565.0000000  0.0000019  0.0000000 -3.0000000 -5.0000000 -0.0083005
-999.0000000  540.0000000  0.0000024 -0.0000000 -3.0000000 -5.0000000 -0.0075801
-999.0000000  515.0000000  0.0000029 -0.0000000 -3.0000000 -5.0000000 -0.0069665
-999.0000000  490.0000000  0.0000012 -0.0000000 -3.0000000 -5.0000000 -0.0070111
-999.0000000  465.0000000 -0.0000025 -0.0000000 -3.0000000 -5.0000000 -0.0084150
-999.0000000  440.0000000 -0.0000046 -0.0000000 -3.0000000 -5.0000000 -0.0112708
-999.0000000  415.0000000 -0.0000042 -0.0000000 -3.0000000 -5.0000000 -0.0147289
-999.0000000  390.0000000 -0.0000049 -0.0000000 -3.0000000 -5.0000000 -0.0174900
-999.0000000  365.0000000 -0.0000077 -0.0000000 -3.0000000 -5.0000000 -0.0182354
-999.0000000  340.0000000 -0.0000108 -0.0000000 -3.0000000 -5.0000000 -0.0162382
-999.0000000  315.0000000 -0.0000139 -0.0000000 -3.0000000 -5.0000000 -0.0119677
-999.0000000  290.0000000 -0.0000181 -0.0000000 -3.0000000 -5.0000000 -0.0074610
-999.0000000  265.0000000 -0.0000235 -0.0000000 -3.0000000 -5.0000000 -0.0057031
-999.0000000  240.0000000 -0.0000283 -0.0000000 -3.0000000 -5.0000000 -0.0085891
-999.0000000  215.0000000 -0.0000226 -0.0000000 -3.0000000 -5.0000000 -0.0156505
-999.0000000  190.0000000  0.0000030 -0.0000000 -3.0000000 -5.0000000 -0.0237022
-999.0000000  165.0000000  0.0000276 -0.0000000 -3.0000000 -5.0000000 -0.0260710
-999.0000000  140.0000000  0.0000228 -0.0000000 -3.0000000 -5.0000000 -0.0174762
-999.0000000  115.0000000  0.0000017  0.0000000 -3.0000000 -5.0000000 -0.0057617
-999.0000000   90.0000000 -0.0000026  0.0000000 -3.0000000 -5.0000000 -0.0000023
-999.0000000   65.0000000 -0.0000023 -0.0000000 -3.0000000 -5.0000000 -0.0000000
-999.0000000   40.0000000 -0.0000091 -0.0000000 -3.0000000 -5.0000000 -0.0000000
-999.0000000   15.0000000 -0.0000212 -0.0000000 -3.0000000 -5.0000000 -0.0000000
 298800.000  45   1006.85  day,levels,pres0
-999.0000000 1115.0000000  0.0001310 -0.0000000 -3.0000000 -5.0000000  0.0008449
-999.0000000 1090.0000000  0.0001310 -0.0000000 -3.0000000 -5.0000000  0.0008643
-999.0000000 1065.0000000  0.0001310 -0.0000000 -3.0000000 -5.0000000  0.0008846
-999.0000000 1040.0000000  0.0001310 -0.0000000 -3.0000000 -5.0000000  0.0009059
-999.0000000 1015.0000000  0.0001310 -0.0000000 -3.0000000 -5.0000000  0.0009282
-999.0000000  990.0000000  0.0001310 -0.0000000 -3.0000000 -5.0000000  0.0009516
-999.0000000  965.0000000  0.0000861 -0.0000000 -3.0000000 -5.0000000  0.0020034
-999.0000000  940.0000000  0.0000485  0.0000000 -3.0000000 -5.0000000  0.0024326
-999.0000000  915.0000000  0.0000207  0.0000000 -3.0000000 -5.0000000  0.0026623
-999.0000000  890.0000000  0.0000009  0.0000001 -3.0000000 -5.0000000  0.0030952
-999.0000000  865.0000000 -0.0000095  0.0000001 -3.0000000 -5.0000000  0.0035285
-999.0000000  840.0000000 -0.0000138  0.0000000 -3.0000000 -5.0000000  0.0032971
-999.0000000  815.0000000 -0.0000206  0.0000000 -3.0000000 -5.0000000  0.0018803
-999.0000000  790.0000000 -0.0000166  0.0000000 -3.0000000 -5.0000000 -0.0007444
-999.0000000  765.0000000 -0.0000015 -0.0000000 -3.0000000 -5.0000000 -0.0040071
-999.0000000  740.0000000  0.0000120 -0.0000000 -3.0000000 -5.0000000 -0.0070240
-999.0000000  715.0000000  0.0000182 -0.0000000 -3.0000000 -5.0000000 -0.0090202
-999.0000000  690.0000000  0.0000208 -0.0000000 -3.0000000 -5.0000000 -0.0096908
-999.0000000  665.0000000  0.0000198  0.0000000 -3.0000000 -5.0000000 -0.0091888
-999.0000000  640.0000000  0.0000176  0.0000000 -3.0000000 -5.0000000 -0.0078754
-999.0000000  615.0000000  0.0000150  0.0000000 -3.0000000 -5.0000000 -0.0062525
-999.0000000  590.0000000  0.0000149  0.0000000 -3.0000000 -5.0000000 -0.0046574
-999.0000000  565.0000000  0.0000182  0.0000000 -3.0000000 -5.0000000 -0.0031506
-999.0000000  540.0000000  0.0000229  0.0000000 -3.0000000 -5.0000000 -0.0019489
-999.0000000  515.0000000  0.0000282 -0.0000000 -3.0000000 -5.0000000 -0.0015947
-999.0000000  490.0000000  0.0000323 -0.0000000 -3.0000000 -5.0000000 -0.0027590
-999.0000000  465.0000000  0.0000344 -0.0000000 -3.0000000 -5.0000000 -0.0059652
-999.0000000  440.0000000  0.0000336 -0.0000000 -3.0000000 -5.0000000 -0.0110256
-999.0000000  415.0000000  0.0000289 -0.0000000 -3.0000000 -5.0000000 -0.0167845
-999.0000000  390.0000000  0.0000186 -0.0000000 -3.0000000 -5.0000000 -0.0214834
-999.0000000  365.0000000  0.0000045 -0.0000000 -3.0000000 -5.0000000 -0.0233557
-999.0000000  340.0000000 -0.0000049 -0.0000000 -3.0000000 -5.0000000 -0.0216128
-999.0000000  315.0000000 -0.0000069 -0.0000000 -3.0000000 -5.0000000 -0.0172322
-999.0000000  290.0000000 -0.0000064 -0.0000000 -3.0000000 -5.0000000 -0.0130767
-999.0000000  265.0000000 -0.0000070 -0.0000000 -3.0000000 -5.0000000 -0.0128765
-999.0000000  240.0000000 -0.0000083 -0.0000000 -3.0000000 -5.0000000 -0.0192652
-999.0000000  215.0000000  0.0000005 -0.0000000 -3.0000000 -5.0000000 -0.0313906
-999.0000000  190.0000000  0.0000221 -0.0000000 -3.0000000 -5.0000000 -0.0426593
-999.0000000  165.0000000  0.0000307 -0.0000000 -3.0000000 -5.0000000 -0.0421820
-999.0000000  140.0000000  0.0000144 -0.0000000 -3.0000000 -5.0000000 -0.0248008
-999.0000000  115.0000000 -0.0000046  0.0000000 -3.0000000 -5.0000000 -0.0061372
-999.0000000   90.0000000 -0.0000097  0.0000000 -3.0000000 -5.0000000 -0.0000055
-999.0000000   65.0000000 -0.0000070  0.0000000 -3.0000000 -5.0000000 -0.0000000
-999.0000000   40.0000000  0.0000062  0.0000000 -3.0000000 -5.0000000 -0.0000000
-999.0000000   15.0000000  0.0000135  0.0000000 -3.0000000 -5.0000000 -0.0000000
 309600.000  45   1006.34  day,levels,pres0
-999.0000000 1115.0000000  0.0002568 -0.0000000 -3.0000000 -5.0000000  0.0000515
-999.0000000 1090.0000000  0.0002568 -0.0000000 -3.0000000 -5.0000000  0.0000527
-999.0000000 1065.0000000  0.0002568 -0.0000000 -3.0000000 -5.0000000  0.0000540
-999.0000000 1040.0000000  0.0002568 -0.0000000 -3.0000000 -5.0000000  0.0000552
-999.0000000 1015.0000000  0.0002568 -0.0000000 -3.0000000 -5.0000000  0.0000566
-999.0000000  990.0000000  0.0002568 -0.0000000 -3.0000000 -5.0000000  0.0000580
-999.0000000  965.0000000  0.0001882 -0.0000000 -3.0000000 -5.0000000  0.0000343
-999.0000000  940.0000000  0.0001050  0.0000000 -3.0000000 -5.0000000 -0.0001590
-999.0000000  915.0000000  0.0000456  0.0000001 -3.0000000 -5.0000000 -0.0003187
-999.0000000  890.0000000  0.0000018  0.0000001 -3.0000000 -5.0000000 -0.0002020
-999.0000000  865.0000000 -0.0000177  0.0000001 -3.0000000 -5.0000000  0.0000878
-999.0000000  840.0000000 -0.0000235  0.0000001 -3.0000000 -5.0000000  0.0002800
-999.0000000  815.0000000 -0.0000424  0.0000001 -3.0000000 -5.0000000  0.0002142
-999.0000000  790.0000000 -0.0000428  0.0000000 -3.0000000 -5.0000000 -0.0001461
-999.0000000  765.0000000 -0.0000216 -0.0000000 -3.0000000 -5.0000000 -0.0006336
-999.0000000  740.0000000 -0.0000026 -0.0000000 -3.0000000 -5.0000000 -0.0008889
-999.0000000  715.0000000  0.0000041  0.0000000 -3.0000000 -5.0000000 -0.0004885
-999.0000000  690.0000000  0.0000083  0.0000000 -3.0000000 -5.0000000  0.0006880
-999.0000000  665.0000000  0.0000116  0.0000000 -3.0000000 -5.0000000  0.0023712
-999.0000000  640.0000000  0.0000156  0.0000000 -3.0000000 -5.0000000  0.0041457
-999.0000000  615.0000000  0.0000209  0.0000000 -3.0000000 -5.0000000  0.0055057
-999.0000000  590.0000000  0.0000273  0.0000000 -3.0000000 -5.0000000  0.0061618
-999.0000000  565.0000000  0.0000351  0.0000000 -3.0000000 -5.0000000  0.0061419
-999.0000000  540.0000000  0.0000440  0.0000000 -3.0000000 -5.0000000  0.0053070
-999.0000000  515.0000000  0.0000541  0.0000000 -3.0000000 -5.0000000  0.0032259
-999.0000000  490.0000000  0.0000640 -0.0000000 -3.0000000 -5.0000000 -0.0004103
-999.0000000  465.0000000  0.0000717 -0.0000000 -3.0000000 -5.0000000 -0.0055022
-999.0000000  440.0000000  0.0000721 -0.0000000 -3.0000000 -5.0000000 -0.0112794
-999.0000000  415.0000000  0.0000620 -0.0000000 -3.0000000 -5.0000000 -0.0161731
-999.0000000  390.0000000  0.0000419 -0.0000000 -3.0000000 -5.0000000 -0.0183502
-999.0000000  365.0000000  0.0000162 -0.0000000 -3.0000000 -5.0000000 -0.0163068
-999.0000000  340.0000000  0.0000004 -0.0000000 -3.0000000 -5.0000000 -0.0098990
-999.0000000  315.0000000 -0.0000005 -0.0000000 -3.0000000 -5.0000000 -0.0009694
-999.0000000  290.0000000  0.0000048 -0.0000000 -3.0000000 -5.0000000  0.0073314
-999.0000000  265.0000000  0.0000093 -0.0000000 -3.0000000 -5.0000000  0.0112596
-999.0000000  240.0000000  0.0000116 -0.0000000 -3.0000000 -5.0000000  0.0080083
-999.0000000  215.0000000  0.0000235 -0.0000000 -3.0000000 -5.0000000 -0.0010090
-999.0000000  190.0000000  0.0000409 -0.0000000 -3.0000000 -5.0000000 -0.0089923
-999.0000000  165.0000000  0.0000334 -0.0000000 -3.0000000 -5.0000000 -0.0091480
-999.0000000  140.0000000  0.0000059  0.0000000 -3.0000000 -5.0000000 -0.0042178
-999.0000000  115.0000000 -0.0000108  0.0000000 -3.0000000 -5.0000000 -0.0007115
-999.0000000   90.0000000 -0.0000167  0.0000000 -3.0000000 -5.0000000  0.0000001
-999.0000000   65.0000000 -0.0000116  0.0000000 -3.0000000 -5.0000000 -0.0000000
-999.0000000   40.0000000  0.0000215  0.0000000 -3.0000000 -5.0000000 -0.0000000
-999.0000000   15.0000000  0.0000481  0.0000000 -3.0000000 -5.0000000 -0.0000000
 320400.000  45   1002.33  day,levels,pres0
-999.0000000 1115.0000000  0.0001179 -0.0000000 -3.0000000 -5.0000000 -0.0007910
-999.0000000 1090.0000000  0.0001179 -0.0000000 -3.0000000 -5.0000000 -0.0008091
-999.0000000 1065.0000000  0.0001179 -0.0000000 -3.0000000 -5.0000000 -0.0008281
-999.0000000 1040.0000000  0.0001179 -0.0000000 -3.0000000 -5.0000000 -0.0008480
-999.0000000 1015.0000000  0.0001179 -0.0000000 -3.0000000 -5.0000000 -0.0008689
-999.0000000  990.0000000  0.0001179 -0.0000000 -3.0000000 -5.0000000 -0.0008909
-999.0000000  965.0000000  0.0001029 -0.0000000 -3.0000000 -5.0000000 -0.0026950
-999.0000000  940.0000000  0.0000658  0.0000000 -3.0000000 -5.0000000 -0.0046430
-999.0000000  915.0000000  0.0000373  0.0000000 -3.0000000 -5.0000000 -0.0070345
-999.0000000  890.0000000  0.0000161  0.0000001 -3.0000000 -5.0000000 -0.0098175
-999.0000000  865.0000000  0.0000023  0.0000001 -3.0000000 -5.0000000 -0.0121919
-999.0000000  840.0000000 -0.0000070  0.0000001 -3.0000000 -5.0000000 -0.0133299
-999.0000000  815.0000000 -0.0000141  0.0000000 -3.0000000 -5.0000000 -0.0131439
-999.0000000  790.0000000 -0.0000116  0.0000000 -3.0000000 -5.0000000 -0.0114580
-999.0000000  765.0000000  0.0000016 -0.0000000 -3.0000000 -5.0000000 -0.0081659
-999.0000000  740.0000000  0.0000090 -0.0000000 -3.0000000 -5.0000000 -0.0040045
-999.0000000  715.0000000  0.0000047  0.0000000 -3.0000000 -5.0000000  0.0001409
-999.0000000  690.0000000 -0.0000005  0.0000000 -3.0000000 -5.0000000  0.0038934
-999.0000000  665.0000000 -0.0000045  0.0000000 -3.0000000 -5.0000000  0.0071265
-999.0000000  640.0000000 -0.0000070  0.0000000 -3.0000000 -5.0000000  0.0095355
-999.0000000  615.0000000 -0.0000076  0.0000000 -3.0000000 -5.0000000  0.0106876
-999.0000000  590.0000000 -0.0000068  0.0000000 -3.0000000 -5.0000000  0.0103786
-999.0000000  565.0000000 -0.0000037  0.0000000 -3.0000000 -5.0000000  0.0087330
-999.0000000  540.0000000  0.0000040  0.0000000 -3.0000000 -5.0000000  0.0057455
-999.0000000  515.0000000  0.0000172  0.0000000 -3.0000000 -5.0000000  0.0012274
-999.0000000  490.0000000  0.0000323 -0.0000000 -3.0000000 -5.0000000 -0.0046506
-999.0000000  465.0000000  0.0000464 -0.0000000 -3.0000000 -5.0000000 -0.0110441
-999.0000000  440.0000000  0.0000522 -0.0000000 -3.0000000 -5.0000000 -0.0164736
-999.0000000  415.0000000  0.0000473 -0.0000000 -3.0000000 -5.0000000 -0.0188588
-999.0000000  390.0000000  0.0000368 -0.0000000 -3.0000000 -5.0000000 -0.0163294
-999.0000000  365.0000000  0.0000243 -0.0000000 -3.0000000 -5.0000000 -0.0079244
-999.0000000  340.0000000  0.0000153 -0.0000000 -3.0000000 -5.0000000  0.0055885
-999.0000000  315.0000000  0.0000111 -0.0000000 -3.0000000 -5.0000000  0.0212881
-999.0000000  290.0000000  0.0000072 -0.0000000 -3.0000000 -5.0000000  0.0355417
-999.0000000  265.0000000  0.0000029 -0.0000000 -3.0000000 -5.0000000  0.0445507
-999.0000000  240.0000000  0.0000061 -0.0000000 -3.0000000 -5.0000000  0.0454773
-999.0000000  215.0000000  0.0000235 -0.0000000 -3.0000000 -5.0000000  0.0402020
-999.0000000  190.0000000  0.0000371 -0.0000000 -3.0000000 -5.0000000  0.0348424
-999.0000000  165.0000000  0.0000255 -0.0000000 -3.0000000 -5.0000000  0.0314410
-999.0000000  140.0000000  0.0000024  0.0000000 -3.0000000 -5.0000000  0.0200224
-999.0000000  115.0000000 -0.0000099  0.0000000 -3.0000000 -5.0000000  0.0055245
-999.0000000   90.0000000 -0.0000176 -0.0000000 -3.0000000 -5.0000000  0.0000092
-999.0000000   65.0000000 -0.0000140  0.0000000 -3.0000000 -5.0000000 -0.0000000
-999.0000000   40.0000000  0.0000013  0.0000000 -3.0000000 -5.0000000 -0.0000000
-999.0000000   15.0000000  0.0000184  0.0000000 -3.0000000 -5.0000000 -0.0000000
 331200.000  45   1000.84  day,levels,pres0
-999.0000000 1115.0000000 -0.0000208  0.0000000 -3.0000000 -5.0000000 -0.0000086
-999.0000000 1090.0000000 -0.0000208  0.0000000 -3.0000000 -5.0000000 -0.0000088
-999.0000000 1065.0000000 -0.0000208  0.0000000 -3.0000000 -5.0000000 -0.0000090
-999.0000000 1040.0000000 -0.0000208  0.0000000 -3.0000000 -5.0000000 -0.0000092
-999.0000000 1015.0000000 -0.0000208  0.0000000 -3.0000000 -5.0000000 -0.0000094
-999.0000000  990.0000000 -0.0000208  0.0000000 -3.0000000 -5.0000000 -0.0000097
-999.0000000  965.0000000  0.0000178  0.0000000 -3.0000000 -5.0000000 -0.0002246
-999.0000000  940.0000000  0.0000265  0.0000000 -3.0000000 -5.0000000 -0.0011345
-999.0000000  915.0000000  0.0000288 -0.0000000 -3.0000000 -5.0000000 -0.0030442
-999.0000000  890.0000000  0.0000302 -0.0000000 -3.0000000 -5.0000000 -0.0056796
-999.0000000  865.0000000  0.0000221  0.0000000 -3.0000000 -5.0000000 -0.0082726
-999.0000000  840.0000000  0.0000094  0.0000000 -3.0000000 -5.0000000 -0.0099976
-999.0000000  815.0000000  0.0000144  0.0000000 -3.0000000 -5.0000000 -0.0104127
-999.0000000  790.0000000  0.0000201 -0.0000000 -3.0000000 -5.0000000 -0.0093991
-999.0000000  765.0000000  0.0000252 -0.0000000 -3.0000000 -5.0000000 -0.0072188
-999.0000000  740.0000000  0.0000210 -0.0000000 -3.0000000 -5.0000000 -0.0044364
-999.0000000  715.0000000  0.0000055 -0.0000000 -3.0000000 -5.0000000 -0.0014710
-999.0000000  690.0000000 -0.0000092  0.0000000 -3.0000000 -5.0000000  0.0014410
-999.0000000  665.0000000 -0.0000206  0.0000000 -3.0000000 -5.0000000  0.0040307
-999.0000000  640.0000000 -0.0000297  0.0000000 -3.0000000 -5.0000000  0.0059644
-999.0000000  615.0000000 -0.0000364  0.0000000 -3.0000000 -5.0000000  0.0068925
-999.0000000  590.0000000 -0.0000412  0.0000000 -3.0000000 -5.0000000  0.0066809
-999.0000000  565.0000000 -0.0000428  0.0000000 -3.0000000 -5.0000000  0.0054901
-999.0000000  540.0000000 -0.0000363  0.0000000 -3.0000000 -5.0000000  0.0033677
-999.0000000  515.0000000 -0.0000199  0.0000000 -3.0000000 -5.0000000  0.0001304
-999.0000000  490.0000000  0.0000004 -0.0000000 -3.0000000 -5.0000000 -0.0043856
-999.0000000  465.0000000  0.0000210 -0.0000000 -3.0000000 -5.0000000 -0.0100955
-999.0000000  440.0000000  0.0000323 -0.0000000 -3.0000000 -5.0000000 -0.0162208
-999.0000000  415.0000000  0.0000326 -0.0000000 -3.0000000 -5.0000000 -0.0210957
-999.0000000  390.0000000  0.0000318 -0.0000000 -3.0000000 -5.0000000 -0.0228396
-999.0000000  365.0000000  0.0000324 -0.0000000 -3.0000000 -5.0000000 -0.0200691
-999.0000000  340.0000000  0.0000301 -0.0000000 -3.0000000 -5.0000000 -0.0131795
-999.0000000  315.0000000  0.0000225 -0.0000000 -3.0000000 -5.0000000 -0.0048584
-999.0000000  290.0000000  0.0000095 -0.0000000 -3.0000000 -5.0000000  0.0016480
-999.0000000  265.0000000 -0.0000036 -0.0000000 -3.0000000 -5.0000000  0.0037164
-999.0000000  240.0000000  0.0000008 -0.0000000 -3.0000000 -5.0000000  0.0005569
-999.0000000  215.0000000  0.0000238 -0.0000000 -3.0000000 -5.0000000 -0.0043307
-999.0000000  190.0000000  0.0000336 -0.0000000 -3.0000000 -5.0000000 -0.0050150
-999.0000000  165.0000000  0.0000178 -0.0000000 -3.0000000 -5.0000000 -0.0004603
-999.0000000  140.0000000 -0.0000012  0.0000000 -3.0000000 -5.0000000  0.0024377
-999.0000000  115.0000000 -0.0000091  0.0000000 -3.0000000 -5.0000000  0.0014326
-999.0000000   90.0000000 -0.0000185 -0.0000000 -3.0000000 -5.0000000  0.0000009
-999.0000000   65.0000000 -0.0000164  0.0000000 -3.0000000 -5.0000000 -0.0000000
-999.0000000   40.0000000 -0.0000189 -0.0000000 -3.0000000 -5.0000000 -0.0000000
-999.0000000   15.0000000 -0.0000113 -0.0000000 -3.0000000 -5.0000000 -0.0000000
 342000.000  45   1003.84  day,levels,pres0
-999.0000000 1115.0000000 -0.0000476  0.0000000 -3.0000000 -5.0000000  0.0004894
-999.0000000 1090.0000000 -0.0000476  0.0000000 -3.0000000 -5.0000000  0.0005006
-999.0000000 1065.0000000 -0.0000476  0.0000000 -3.0000000 -5.0000000  0.0005124
-999.0000000 1040.0000000 -0.0000476  0.0000000 -3.0000000 -5.0000000  0.0005247
-999.0000000 1015.0000000 -0.0000476  0.0000000 -3.0000000 -5.0000000  0.0005376
-999.0000000  990.0000000 -0.0000476  0.0000000 -3.0000000 -5.0000000  0.0005512
-999.0000000  965.0000000 -0.0000088  0.0000000 -3.0000000 -5.0000000  0.0011420
-999.0000000  940.0000000  0.0000050 -0.0000000 -3.0000000 -5.0000000  0.0004645
-999.0000000  915.0000000  0.0000086 -0.0000000 -3.0000000 -5.0000000 -0.0019528
-999.0000000  890.0000000  0.0000090 -0.0000001 -3.0000000 -5.0000000 -0.0056704
-999.0000000  865.0000000  0.0000063 -0.0000000 -3.0000000 -5.0000000 -0.0094619
-999.0000000  840.0000000  0.0000048 -0.0000000 -3.0000000 -5.0000000 -0.0121690
-999.0000000  815.0000000  0.0000123 -0.0000000 -3.0000000 -5.0000000 -0.0132706
-999.0000000  790.0000000  0.0000151 -0.0000000 -3.0000000 -5.0000000 -0.0127329
-999.0000000  765.0000000  0.0000110 -0.0000000 -3.0000000 -5.0000000 -0.0110115
-999.0000000  740.0000000  0.0000039 -0.0000000 -3.0000000 -5.0000000 -0.0087083
-999.0000000  715.0000000 -0.0000037 -0.0000000 -3.0000000 -5.0000000 -0.0061657
-999.0000000  690.0000000 -0.0000105 -0.0000000 -3.0000000 -5.0000000 -0.0035915
-999.0000000  665.0000000 -0.0000158 -0.0000000 -3.0000000 -5.0000000 -0.0012231
-999.0000000  640.0000000 -0.0000187 -0.0000000 -3.0000000 -5.0000000  0.0006861
-999.0000000  615.0000000 -0.0000189  0.0000000 -3.0000000 -5.0000000  0.0018795
-999.0000000  590.0000000 -0.0000213  0.0000000 -3.0000000 -5.0000000  0.0022789
-999.0000000  565.0000000 -0.0000271  0.0000000 -3.0000000 -5.0000000  0.0020533
-999.0000000  540.0000000 -0.0000335  0.0000000 -3.0000000 -5.0000000  0.0012867
-999.0000000  515.0000000 -0.0000379 -0.0000000 -3.0000000 -5.0000000 -0.0001911
-999.0000000  490.0000000 -0.0000330 -0.0000000 -3.0000000 -5.0000000 -0.0028278
-999.0000000  465.0000000 -0.0000178 -0.0000000 -3.0000000 -5.0000000 -0.0072343
-999.0000000  440.0000000 -0.0000055 -0.0000000 -3.0000000 -5.0000000 -0.0132294
-999.0000000  415.0000000  0.0000004 -0.0000000 -3.0000000 -5.0000000 -0.0193583
-999.0000000  390.0000000  0.0000052 -0.0000000 -3.0000000 -5.0000000 -0.0236154
-999.0000000  365.0000000  0.0000105 -0.0000000 -3.0000000 -5.0000000 -0.0242209
-999.0000000  340.0000000  0.0000133 -0.0000000 -3.0000000 -5.0000000 -0.0214338
-999.0000000  315.0000000  0.0000122 -0.0000000 -3.0000000 -5.0000000 -0.0181609
-999.0000000  290.0000000  0.0000059 -0.0000000 -3.0000000 -5.0000000 -0.0175038
-999.0000000  265.0000000 -0.0000015 -0.0000000 -3.0000000 -5.0000000 -0.0209640
-999.0000000  240.0000000 -0.0000000 -0.0000000 -3.0000000 -5.0000000 -0.0272093
-999.0000000  215.0000000  0.0000067 -0.0000000 -3.0000000 -5.0000000 -0.0309032
-999.0000000  190.0000000  0.0000037  0.0000000 -3.0000000 -5.0000000 -0.0268284
-999.0000000  165.0000000 -0.0000084  0.0000000 -3.0000000 -5.0000000 -0.0167416
-999.0000000  140.0000000 -0.0000127  0.0000000 -3.0000000 -5.0000000 -0.0063107
-999.0000000  115.0000000  0.0000004 -0.0000000 -3.0000000 -5.0000000 -0.0005201
-999.0000000   90.0000000  0.0000133 -0.0000000 -3.0000000 -5.0000000  0.0000005
-999.0000000   65.0000000  0.0000088 -0.0000000 -3.0000000 -5.0000000 -0.0000000
-999.0000000   40.0000000 -0.0000139 -0.0000000 -3.0000000 -5.0000000 -0.0000000
-999.0000000   15.0000000 -0.0000277 -0.0000000 -3.0000000 -5.0000000 -0.0000000
